route,route1.csv,-1580.7013,76.5708,3.5411,128.5427,0.00,VEHICLE,0,0,
-1580.7013,76.5708,3.5411,128.5427,0.00,VEHICLE,0,0,
-1582.5557,75.0937,3.5497,128.5428,0.00,VEHICLE,0,0,
-1584.1700,73.8074,3.5493,128.5428,0.00,VEHICLE,0,0,
-1585.8070,72.5034,3.5488,128.5428,0.00,VEHICLE,0,0,
-1587.6040,71.0717,3.5488,128.5428,0.00,VEHICLE,0,0,
-1589.1899,69.8083,3.5488,128.5428,0.00,VEHICLE,0,0,
-1590.8945,68.4503,3.5488,128.5428,0.00,VEHICLE,0,0,
-1592.8043,66.9287,3.5488,128.5428,0.00,VEHICLE,0,0,
-1594.7823,65.3527,3.5483,128.5428,0.00,VEHICLE,0,0,
-1596.8774,63.6836,3.5479,128.5428,0.00,VEHICLE,0,0,
-1599.0890,61.9218,3.5477,128.5428,0.00,VEHICLE,0,0,
-1601.3900,60.0885,3.5477,128.5428,0.00,VEHICLE,0,0,
-1603.7128,58.2380,3.5477,128.5429,0.00,VEHICLE,0,0,
-1605.3322,56.9479,3.5477,128.5428,0.00,VEHICLE,0,0,
-1606.9392,55.6619,3.5586,128.5345,0.00,VEHICLE,0,0,
-1608.6566,54.2873,3.5568,128.5356,0.00,VEHICLE,0,0,
-1610.4313,52.8660,3.5612,128.5398,0.00,VEHICLE,0,0,
-1612.0807,51.5740,3.5538,128.2341,0.00,VEHICLE,0,0,
-1613.8600,50.2752,3.5492,126.7721,0.00,VEHICLE,0,0,
-1615.6643,48.9746,3.5475,126.0982,0.00,VEHICLE,0,0,
-1617.5153,47.6499,3.5507,125.9079,0.00,VEHICLE,0,0,
-1619.3217,46.3567,3.5505,125.8591,0.00,VEHICLE,0,0,
-1621.0547,45.1141,3.5497,125.8494,0.00,VEHICLE,0,0,
-1622.6947,43.9027,3.5464,126.2418,0.00,VEHICLE,0,0,
-1624.3330,42.5232,3.5455,128.9013,0.00,VEHICLE,0,0,
-1626.0404,40.9678,3.5456,131.5964,0.00,VEHICLE,0,0,
-1627.5642,39.5567,3.5456,132.3766,0.00,VEHICLE,0,0,
-1629.0709,38.1534,3.5453,132.5900,0.00,VEHICLE,0,0,
-1630.5731,36.7548,3.5450,132.6468,0.00,VEHICLE,0,0,
-1632.7330,34.7821,3.5452,132.2745,0.00,VEHICLE,0,0,
-1635.0436,32.8579,3.5470,130.0887,0.00,VEHICLE,0,0,
-1636.7250,31.4761,3.5479,129.6113,0.00,VEHICLE,0,0,
-1638.3143,30.1761,3.5475,129.4863,0.00,VEHICLE,0,0,
-1639.9015,28.8795,3.5463,129.4517,0.00,VEHICLE,0,0,
-1642.1479,27.0411,3.5450,129.4430,0.00,VEHICLE,0,0,
-1644.4323,25.1693,3.5459,129.3861,0.00,VEHICLE,0,0,
-1646.0525,23.8594,3.5472,129.0669,0.00,VEHICLE,0,0,
-1647.6779,22.5446,3.5482,128.9483,0.00,VEHICLE,0,0,
-1649.3433,21.1984,3.5481,128.9131,0.00,VEHICLE,0,0,
-1650.9403,19.9087,3.5469,128.9028,0.00,VEHICLE,0,0,
-1652.5081,18.6436,3.5457,128.9001,0.00,VEHICLE,0,0,
-1654.9644,16.7150,3.5447,128.1942,0.00,VEHICLE,0,0,
-1657.3171,15.0934,3.5444,125.1238,0.00,VEHICLE,0,0,
-1659.5502,13.5784,3.5445,124.3947,0.00,VEHICLE,0,0,
-1661.8505,12.0173,3.5446,124.3424,0.00,VEHICLE,0,0,
-1663.9635,10.3125,3.5443,128.3084,0.00,VEHICLE,0,0,
-1666.0084,8.4545,3.5447,131.6331,0.00,VEHICLE,0,0,
-1668.1519,6.4895,3.5464,132.1522,0.00,VEHICLE,0,0,
-1670.3018,4.5167,3.5473,132.2176,0.00,VEHICLE,0,0,
-1671.7828,3.1635,3.5475,132.2257,0.00,VEHICLE,0,0,
-1674.0599,1.0932,3.5476,132.2313,0.00,VEHICLE,0,0,
-1676.2217,-0.8651,3.5470,132.2342,0.00,VEHICLE,0,0,
-1678.4264,-2.8604,3.5456,132.2376,0.00,VEHICLE,0,0,
-1680.6786,-4.8537,3.5495,131.6140,0.00,VEHICLE,0,0,
-1682.2545,-6.1796,3.5618,130.4840,0.00,VEHICLE,0,0,
-1684.0223,-7.6640,3.5730,130.0903,0.00,VEHICLE,0,0,
-1685.7646,-9.1236,3.5605,129.9909,0.00,VEHICLE,0,0,
-1687.3732,-10.4692,3.5516,129.9664,0.00,VEHICLE,0,0,
-1689.1471,-11.9212,3.5482,129.5516,0.00,VEHICLE,0,0,
-1690.9817,-13.2676,3.5471,127.1453,0.00,VEHICLE,0,0,
-1692.8154,-14.5388,3.5565,125.3248,0.00,VEHICLE,0,0,
-1694.5840,-15.7496,3.5531,124.7108,0.00,VEHICLE,0,0,
-1696.4242,-16.9976,3.5569,124.5277,0.00,VEHICLE,0,0,
-1698.1390,-18.1647,3.5494,124.4821,0.00,VEHICLE,0,0,
-1699.8374,-19.3270,3.5457,124.4674,0.00,VEHICLE,0,0,
-1701.6217,-20.5534,3.5446,124.4601,0.00,VEHICLE,0,0,
-1703.2755,-21.6928,3.5447,124.4544,0.00,VEHICLE,0,0,
-1705.0516,-22.8706,3.5456,123.7932,0.00,VEHICLE,0,0,
-1706.8821,-23.9311,3.5465,121.0911,0.00,VEHICLE,0,0,
-1708.7426,-24.9474,3.5467,119.1074,0.00,VEHICLE,0,0,
-1710.5125,-25.8969,3.5462,118.4833,0.00,VEHICLE,0,0,
-1713.0927,-27.2691,3.5453,118.2657,0.00,VEHICLE,0,0,
-1715.5958,-28.5992,3.5447,118.2343,0.00,VEHICLE,0,0,
-1717.4207,-29.5720,3.5444,118.2241,0.00,VEHICLE,0,0,
-1719.9884,-30.8011,3.5479,115.9465,0.00,VEHICLE,0,0,
-1722.5513,-31.6455,3.5457,109.3092,0.00,VEHICLE,0,0,
-1725.0555,-32.2048,3.5438,103.7362,0.00,VEHICLE,0,0,
-1727.4751,-32.7170,3.5444,102.6007,0.00,VEHICLE,0,0,
-1729.9678,-33.0953,3.5446,99.8069,0.00,VEHICLE,0,0,
-1732.3357,-33.0746,3.5439,92.1047,0.00,VEHICLE,0,0,
-1734.5857,-32.7294,3.5432,83.9622,0.00,VEHICLE,0,0,
-1736.9210,-32.3544,3.5445,81.8474,0.00,VEHICLE,0,0,
-1739.1575,-31.9018,3.5527,79.8236,0.00,VEHICLE,0,0,
-1741.3710,-31.1672,3.5541,73.8953,0.00,VEHICLE,0,0,
-1743.4971,-30.1245,3.5500,66.2874,0.00,VEHICLE,0,0,
-1745.4747,-28.7295,3.5454,57.4286,0.00,VEHICLE,0,0,
-1747.2749,-26.9106,3.5435,47.1815,0.00,VEHICLE,0,0,
-1748.6871,-24.7796,3.5426,36.1542,0.00,VEHICLE,0,0,
-1749.6097,-22.4692,3.5424,24.8311,0.00,VEHICLE,0,0,
-1750.0225,-20.1555,3.5424,13.7379,0.00,VEHICLE,0,0,
-1750.2404,-17.5559,3.5442,6.2923,0.00,VEHICLE,0,0,
-1750.4474,-14.7299,3.5463,5.0807,0.00,VEHICLE,0,0,
-1750.6394,-11.7696,3.5471,4.1754,0.00,VEHICLE,0,0,
-1750.5680,-8.9999,3.5472,359.3197,0.00,VEHICLE,0,0,
-1750.4061,-6.9966,3.5470,356.2782,0.00,VEHICLE,0,0,
-1750.2269,-4.8970,3.5469,355.3500,0.00,VEHICLE,0,0,
-1750.0490,-2.8977,3.5471,355.1316,0.00,VEHICLE,0,0,
-1749.8540,-0.7469,3.5474,355.0733,0.00,VEHICLE,0,0,
-1749.6511,1.4961,3.5476,355.0597,0.00,VEHICLE,0,0,
-1749.4562,3.6803,3.5476,355.0562,0.00,VEHICLE,0,0,
-1749.3168,5.8514,3.5476,355.9648,0.00,VEHICLE,0,0,
-1749.2743,8.1184,3.5473,358.2404,0.00,VEHICLE,0,0,
-1749.2527,10.4694,3.5469,359.2416,0.00,VEHICLE,0,0,
-1749.2399,12.9460,3.5467,359.5142,0.00,VEHICLE,0,0,
-1749.2303,15.4243,3.5468,359.5786,0.00,VEHICLE,0,0,
-1749.2202,17.9108,3.5469,359.5935,0.00,VEHICLE,0,0,
-1749.2068,20.4965,3.5469,359.5976,0.00,VEHICLE,0,0,
-1749.1904,23.0442,3.5469,359.5999,0.00,VEHICLE,0,0,
-1749.1720,25.5968,3.5469,359.6021,0.00,VEHICLE,0,0,
-1749.1515,28.1813,3.5467,359.6037,0.00,VEHICLE,0,0,
-1749.1329,30.5636,3.5460,359.6108,0.00,VEHICLE,0,0,
-1749.1583,32.9602,3.5454,0.3658,0.00,VEHICLE,0,0,
-1749.2917,35.2890,3.5461,2.6445,0.00,VEHICLE,0,0,
-1749.4653,37.8544,3.5468,3.7464,0.00,VEHICLE,0,0,
-1749.6504,40.4085,3.5473,4.0294,0.00,VEHICLE,0,0,
-1749.8417,42.9774,3.5477,4.0982,0.00,VEHICLE,0,0,
-1750.0323,45.5287,3.5477,4.1161,0.00,VEHICLE,0,0,
-1750.1948,47.9908,3.5469,3.7779,0.00,VEHICLE,0,0,
-1750.2444,50.3677,3.5469,1.7310,0.00,VEHICLE,0,0,
-1750.2496,52.8690,3.5471,0.2911,0.00,VEHICLE,0,0,
-1750.2380,55.4310,3.5474,359.8612,0.00,VEHICLE,0,0,
-1750.2196,57.9231,3.5477,359.7525,0.00,VEHICLE,0,0,
-1750.1992,60.4470,3.5481,359.7220,0.00,VEHICLE,0,0,
-1750.1786,63.1195,3.5483,359.7144,0.00,VEHICLE,0,0,
-1750.1687,65.8749,3.5481,359.8401,0.00,VEHICLE,0,0,
-1750.2480,68.4034,3.5474,1.4260,0.00,VEHICLE,0,0,
-1750.3893,71.0045,3.5462,2.9309,0.00,VEHICLE,0,0,
-1750.5555,73.6942,3.5453,3.4149,0.00,VEHICLE,0,0,
-1750.7194,76.2249,3.5449,3.5306,0.00,VEHICLE,0,0,
-1750.8794,78.6735,3.5447,3.5591,0.00,VEHICLE,0,0,
-1751.0449,81.2328,3.5449,3.5658,0.00,VEHICLE,0,0,
-1751.2094,83.8163,3.5460,3.5689,0.00,VEHICLE,0,0,
-1751.3756,86.4745,3.5471,3.5711,0.00,VEHICLE,0,0,
-1751.5402,89.1301,3.5477,3.5738,0.00,VEHICLE,0,0,
-1751.6958,91.6544,3.5480,3.5750,0.00,VEHICLE,0,0,
-1751.8098,94.0979,3.5474,2.9372,0.00,VEHICLE,0,0,
-1751.8738,96.5237,3.5462,1.7607,0.00,VEHICLE,0,0,
-1751.9286,99.0270,3.5453,1.3328,0.00,VEHICLE,0,0,
-1751.9773,101.4709,3.5449,1.2156,0.00,VEHICLE,0,0,
-1752.0244,103.9195,3.5446,1.1829,0.00,VEHICLE,0,0,
-1752.0726,106.4221,3.5447,1.1750,0.00,VEHICLE,0,0,
-1752.1244,109.0506,3.5455,1.1729,0.00,VEHICLE,0,0,
-1752.1730,111.4592,3.5462,1.1721,0.00,VEHICLE,0,0,
-1752.2239,113.7512,3.5463,1.2335,0.00,VEHICLE,0,0,
-1752.3259,116.0594,3.5456,2.1955,0.00,VEHICLE,0,0,
-1752.4391,118.2723,3.5451,2.7762,0.00,VEHICLE,0,0,
-1752.5543,120.4438,3.5448,2.9581,0.00,VEHICLE,0,0,
-1752.6769,122.7030,3.5446,3.0148,0.00,VEHICLE,0,0,
-1752.8004,124.9753,3.5445,3.0299,0.00,VEHICLE,0,0,
-1752.9249,127.2778,3.5450,3.0336,0.00,VEHICLE,0,0,
-1753.0543,129.6997,3.5459,3.0350,0.00,VEHICLE,0,0,
-1753.1794,132.0575,3.5465,3.0359,0.00,VEHICLE,0,0,
-1753.2900,134.3175,3.5467,2.8918,0.00,VEHICLE,0,0,
-1753.3400,136.7244,3.5463,1.5836,0.00,VEHICLE,0,0,
-1753.3737,138.9057,3.5456,1.0329,0.00,VEHICLE,0,0,
-1753.4032,141.1019,3.5451,0.8675,0.00,VEHICLE,0,0,
-1753.4313,143.3348,3.5447,0.8202,0.00,VEHICLE,0,0,
-1753.4589,145.5226,3.5445,0.8084,0.00,VEHICLE,0,0,
-1753.4989,148.5609,3.5452,0.8052,0.00,VEHICLE,0,0,
-1753.5277,150.6462,3.5460,0.8042,0.00,VEHICLE,0,0,
-1753.5591,152.8587,3.5465,0.8033,0.00,VEHICLE,0,0,
-1753.5924,155.1877,3.5468,0.8025,0.00,VEHICLE,0,0,
-1753.6277,157.6489,3.5469,0.8020,0.00,VEHICLE,0,0,
-1753.6597,159.9034,3.5469,0.8017,0.00,VEHICLE,0,0,
-1753.6931,162.2796,3.5464,0.8016,0.00,VEHICLE,0,0,
-1753.7246,164.5367,3.5456,0.8017,0.00,VEHICLE,0,0,
-1753.7581,166.9410,3.5454,0.8020,0.00,VEHICLE,0,0,
-1753.7894,169.1922,3.5459,0.8022,0.00,VEHICLE,0,0,
-1753.8215,171.4856,3.5464,0.8024,0.00,VEHICLE,0,0,
-1753.8533,173.7627,3.5467,0.8024,0.00,VEHICLE,0,0,
-1753.9207,176.1087,3.5469,1.3954,0.00,VEHICLE,0,0,
-1754.1193,178.3996,3.5468,4.0707,0.00,VEHICLE,0,0,
-1754.4609,180.5955,3.5463,7.6928,0.00,VEHICLE,0,0,
-1754.8737,182.7741,3.5483,10.1243,0.00,VEHICLE,0,0,
-1755.2917,184.9430,3.5691,10.7617,0.00,VEHICLE,0,0,
-1755.7329,187.2031,3.5805,11.1464,0.00,VEHICLE,0,0,
-1756.1780,189.4421,3.5825,11.3003,0.00,VEHICLE,0,0,
-1756.6547,191.8073,3.5692,11.3171,0.00,VEHICLE,0,0,
-1757.1385,194.1845,3.5635,11.2993,0.00,VEHICLE,0,0,
-1757.6555,196.7363,3.5698,11.2224,0.00,VEHICLE,0,0,
-1758.0865,199.2915,3.5791,9.7371,0.00,VEHICLE,0,0,
-1758.4396,201.7372,3.5858,8.3073,0.00,VEHICLE,0,0,
-1758.7800,204.2233,3.5917,7.8411,0.00,VEHICLE,0,0,
-1759.1051,206.6650,3.5973,7.7100,0.00,VEHICLE,0,0,
-1759.4443,209.2473,3.6033,7.6709,0.00,VEHICLE,0,0,
-1759.7397,211.8677,3.8108,6.7186,0.00,VEHICLE,0,0,
-1759.8047,214.3987,4.1689,2.3003,0.00,VEHICLE,0,0,
-1759.6056,216.8818,4.6949,356.2022,0.00,VEHICLE,0,0,
-1759.1940,219.0933,5.1385,350.4730,0.00,VEHICLE,0,0,
-1758.5693,221.2705,5.5366,344.5537,0.00,VEHICLE,0,0,
-1757.8766,223.2854,5.8891,340.7976,0.00,VEHICLE,0,0,
-1757.0955,225.3388,6.1749,339.1398,0.00,VEHICLE,0,0,
-1756.3081,227.2752,6.3313,338.4818,0.00,VEHICLE,0,0,
-1755.5001,229.2362,6.3398,338.1429,0.00,VEHICLE,0,0,
-1754.6996,231.1636,6.3118,337.8447,0.00,VEHICLE,0,0,
-1753.8496,233.1778,6.3330,337.7443,0.00,VEHICLE,0,0,
-1752.9807,235.2112,6.3881,337.4359,0.00,VEHICLE,0,0,
-1752.0920,237.1265,6.4418,335.8681,0.00,VEHICLE,0,0,
-1751.1848,239.0759,6.4946,335.1371,0.00,VEHICLE,0,0,
-1750.2909,240.9941,6.5454,334.9151,0.00,VEHICLE,0,0,
-1749.3490,243.0106,6.5984,334.8444,0.00,VEHICLE,0,0,
-1748.3335,245.1776,6.6554,334.8233,0.00,VEHICLE,0,0,
-1747.3914,247.1824,6.7080,334.8194,0.00,VEHICLE,0,0,
-1746.3567,249.3795,6.7659,334.8193,0.00,VEHICLE,0,0,
-1745.3969,251.4897,6.8209,335.3639,0.00,VEHICLE,0,0,
-1744.5074,253.7534,6.8784,337.8824,0.00,VEHICLE,0,0,
-1743.7603,255.9770,6.9327,340.7580,0.00,VEHICLE,0,0,
-1743.0446,258.1994,6.9860,341.9088,0.00,VEHICLE,0,0,
-1742.3602,260.3675,7.0380,342.2359,0.00,VEHICLE,0,0,
-1741.6658,262.5846,7.0914,342.3326,0.00,VEHICLE,0,0,
-1740.9818,264.7708,7.1442,342.3593,0.00,VEHICLE,0,0,
-1740.2285,267.1683,7.1764,342.3655,0.00,VEHICLE,0,0,
-1739.4890,269.5066,7.1918,342.3676,0.00,VEHICLE,0,0,
-1738.7201,271.9230,7.1866,342.3722,0.00,VEHICLE,0,0,
-1737.9696,274.3225,7.1825,342.6110,0.00,VEHICLE,0,0,
-1737.3047,276.8244,7.1810,344.7013,0.00,VEHICLE,0,0,
-1736.7924,279.3705,7.1806,348.0595,0.00,VEHICLE,0,0,
-1736.4717,281.8842,7.1797,351.9754,0.00,VEHICLE,0,0,
-1736.3479,284.3583,7.1787,356.1550,0.00,VEHICLE,0,0,
-1736.4094,286.5819,7.1778,0.4567,0.00,VEHICLE,0,0,
-1736.6641,289.0589,7.1776,5.1342,0.00,VEHICLE,0,0,
-1737.1558,291.6147,7.1774,10.0641,0.00,VEHICLE,0,0,
-1737.8459,294.0396,7.1774,14.9096,0.00,VEHICLE,0,0,
-1738.7760,296.4709,7.1768,19.9752,0.00,VEHICLE,0,0,
-1739.9049,298.7910,7.1749,24.9569,0.00,VEHICLE,0,0,
-1741.2566,301.0798,7.1555,29.8272,0.00,VEHICLE,0,0,
-1742.7592,303.2957,7.1065,33.3001,0.00,VEHICLE,0,0,
-1744.2684,305.3435,7.0459,36.7341,0.00,VEHICLE,0,0,
-1745.8517,307.3757,7.0205,39.5600,0.00,VEHICLE,0,0,
-1747.6254,309.4641,7.0208,40.5739,0.00,VEHICLE,0,0,
-1749.4777,311.6089,7.0230,40.6868,0.00,VEHICLE,0,0,
-1751.4110,313.7756,7.0241,41.5132,0.00,VEHICLE,0,0,
-1753.3960,315.7758,7.0243,44.3334,0.00,VEHICLE,0,0,
-1755.6198,317.8962,7.0243,46.3601,0.00,VEHICLE,0,0,
-1757.6492,319.7924,7.0241,46.8682,0.00,VEHICLE,0,0,
-1759.7333,321.7257,7.0757,47.0127,0.00,VEHICLE,0,0,
-1761.8031,323.6404,7.2602,47.0572,0.00,VEHICLE,0,0,
-1763.8441,325.5281,7.5711,47.0723,0.00,VEHICLE,0,0,
-1765.8912,327.4229,7.9367,47.0817,0.00,VEHICLE,0,0,
-1767.9282,329.3113,8.3506,47.0954,0.00,VEHICLE,0,0,
-1769.9650,331.2022,8.8222,47.0987,0.00,VEHICLE,0,0,
-1771.8638,332.9659,9.3327,47.1152,0.00,VEHICLE,0,0,
-1773.7607,334.7260,9.9155,47.1386,0.00,VEHICLE,0,0,
-1775.6825,336.5110,10.5838,47.1078,0.00,VEHICLE,0,0,
-1777.4847,338.2821,11.3112,45.8366,0.00,VEHICLE,0,0,
-1779.0443,339.9642,12.0393,43.4280,0.00,VEHICLE,0,0,
-1780.5524,341.6215,12.8372,42.4971,0.00,VEHICLE,0,0,
-1782.0563,343.2891,13.6269,42.2243,0.00,VEHICLE,0,0,
-1783.5961,345.0014,14.3616,42.1690,0.00,VEHICLE,0,0,
-1785.1108,346.7003,15.0408,41.9780,0.00,VEHICLE,0,0,
-1786.5474,348.4237,15.6233,40.4352,0.00,VEHICLE,0,0,
-1788.0179,350.2562,16.1105,39.0278,0.00,VEHICLE,0,0,
-1789.3655,352.0189,16.4433,37.4457,0.00,VEHICLE,0,0,
-1790.6533,353.7761,16.6420,36.1722,0.00,VEHICLE,0,0,
-1791.8826,355.4872,16.8017,35.4610,0.00,VEHICLE,0,0,
-1793.0308,357.1375,16.8941,34.5955,0.00,VEHICLE,0,0,
-1794.5437,359.7400,17.0358,30.8313,0.00,VEHICLE,0,0,
-1795.4442,361.5784,17.0909,27.5946,0.00,VEHICLE,0,0,
-1796.2115,363.4366,17.1031,23.8727,0.00,VEHICLE,0,0,
-1797.0129,366.1709,17.0940,17.1814,0.00,VEHICLE,0,0,
-1797.3654,368.7469,17.0990,9.4403,0.00,VEHICLE,0,0,
-1797.2816,371.4974,17.0997,359.9472,0.00,VEHICLE,0,0,
-1796.7450,374.0655,17.0901,350.3146,0.00,VEHICLE,0,0,
-1795.7211,376.5778,17.0812,339.8595,0.00,VEHICLE,0,0,
-1794.2914,378.9324,17.0769,330.3558,0.00,VEHICLE,0,0,
-1792.6976,381.3790,17.0614,327.7281,0.00,VEHICLE,0,0,
-1791.5902,383.0634,17.0428,327.4926,0.00,VEHICLE,0,0,
-1789.9119,385.4873,17.0630,325.8427,0.00,VEHICLE,0,0,
-1788.5697,387.0616,17.1442,321.3902,0.00,VEHICLE,0,0,
-1787.1813,388.6279,17.2907,318.9412,0.00,VEHICLE,0,0,
-1785.7106,390.2714,17.4635,318.2449,0.00,VEHICLE,0,0,
-1784.2220,391.9241,17.6287,318.0726,0.00,VEHICLE,0,0,
-1782.7350,393.5688,17.8159,318.0291,0.00,VEHICLE,0,0,
-1781.2589,395.2045,18.0220,318.0615,0.00,VEHICLE,0,0,
-1779.8497,396.9044,18.2586,319.7614,0.00,VEHICLE,0,0,
-1778.5377,398.6914,18.4977,322.8452,0.00,VEHICLE,0,0,
-1777.1938,400.5825,18.7487,324.3286,0.00,VEHICLE,0,0,
-1775.6875,402.7439,19.1565,324.8494,0.00,VEHICLE,0,0,
-1774.4170,404.5799,19.5659,324.9681,0.00,VEHICLE,0,0,
-1773.1665,406.2683,20.0073,323.7093,0.00,VEHICLE,0,0,
-1771.8103,407.8488,20.4392,320.3755,0.00,VEHICLE,0,0,
-1770.3059,409.3670,20.8863,316.3874,0.00,VEHICLE,0,0,
-1768.7719,410.8582,21.3886,314.5324,0.00,VEHICLE,0,0,
-1767.2555,412.2949,21.9067,314.0297,0.00,VEHICLE,0,0,
-1765.7678,413.6967,22.4488,313.9111,0.00,VEHICLE,0,0,
-1764.3065,415.0772,22.9786,313.8788,0.00,VEHICLE,0,0,
-1762.8489,416.4632,23.5042,313.8629,0.00,VEHICLE,0,0,
-1760.8749,418.5123,24.3499,315.9830,0.00,VEHICLE,0,0,
-1759.6726,420.0103,24.9616,319.7095,0.00,VEHICLE,0,0,
-1758.4977,421.5135,25.6108,321.3373,0.00,VEHICLE,0,0,
-1757.3311,423.0235,26.2512,321.7869,0.00,VEHICLE,0,0,
-1755.6302,425.2359,27.1668,321.9316,0.00,VEHICLE,0,0,
-1753.9574,427.4053,28.0723,321.9722,0.00,VEHICLE,0,0,
-1752.2742,429.5691,28.9919,321.9999,0.00,VEHICLE,0,0,
-1750.5979,431.7139,29.9046,322.0058,0.00,VEHICLE,0,0,
-1749.0242,433.7284,30.7399,322.0128,0.00,VEHICLE,0,0,
-1747.3452,435.8837,31.5813,321.9828,0.00,VEHICLE,0,0,
-1745.7327,437.8358,32.3191,320.6127,0.00,VEHICLE,0,0,
-1743.9395,439.6529,33.0259,316.2939,0.00,VEHICLE,0,0,
-1742.0759,441.4620,33.7521,314.6709,0.00,VEHICLE,0,0,
-1740.2478,443.2320,34.4675,314.4558,0.00,VEHICLE,0,0,
-1738.4071,445.0188,35.0661,314.4115,0.00,VEHICLE,0,0,
-1736.5623,446.8199,35.5480,314.3881,0.00,VEHICLE,0,0,
-1734.6923,448.6530,35.9310,314.4082,0.00,VEHICLE,0,0,
-1732.8027,450.5060,36.3462,314.4023,0.00,VEHICLE,0,0,
-1730.8668,452.4011,36.7820,314.4001,0.00,VEHICLE,0,0,
-1728.8752,454.3525,37.1182,314.4377,0.00,VEHICLE,0,0,
-1726.9818,456.4182,37.3846,317.0996,0.00,VEHICLE,0,0,
-1725.1490,458.6123,37.6075,319.6746,0.00,VEHICLE,0,0,
-1723.2584,460.8900,37.8566,320.0843,0.00,VEHICLE,0,0,
-1721.3198,463.2290,38.0804,320.1369,0.00,VEHICLE,0,0,
-1719.9988,464.8186,38.1590,320.1380,0.00,VEHICLE,0,0,
-1718.6615,466.4226,38.1930,320.1378,0.00,VEHICLE,0,0,
-1717.2991,468.0741,38.1962,320.3851,0.00,VEHICLE,0,0,
-1716.0059,469.8164,38.2119,322.6052,0.00,VEHICLE,0,0,
-1714.8234,471.6573,38.2368,326.1937,0.00,VEHICLE,0,0,
-1713.6609,473.5913,38.2653,328.5511,0.00,VEHICLE,0,0,
-1712.4701,475.6125,38.2803,329.2466,0.00,VEHICLE,0,0,
-1711.2723,477.6669,38.2865,329.4191,0.00,VEHICLE,0,0,
-1710.0966,479.6884,38.2804,329.4612,0.00,VEHICLE,0,0,
-1708.9023,481.7392,38.2727,329.4757,0.00,VEHICLE,0,0,
-1707.6655,483.8558,38.2640,329.4788,0.00,VEHICLE,0,0,
-1706.5012,485.8360,38.2572,329.4448,0.00,VEHICLE,0,0,
-1705.2292,487.8606,38.2540,328.2626,0.00,VEHICLE,0,0,
-1703.8713,489.7483,38.2533,325.2622,0.00,VEHICLE,0,0,
-1702.3354,491.7554,38.2521,323.0450,0.00,VEHICLE,0,0,
-1700.7228,493.8216,38.2497,322.3947,0.00,VEHICLE,0,0,
-1699.1161,495.8681,38.2479,322.2328,0.00,VEHICLE,0,0,
-1697.6272,497.7458,38.2473,321.9938,0.00,VEHICLE,0,0,
-1695.9427,499.6928,38.2476,319.8652,0.00,VEHICLE,0,0,
-1694.1370,501.6404,38.2475,317.5117,0.00,VEHICLE,0,0,
-1692.2948,503.5950,38.2470,316.7652,0.00,VEHICLE,0,0,
-1690.4557,505.5336,38.2464,316.5724,0.00,VEHICLE,0,0,
-1688.5865,507.4991,38.2449,316.5226,0.00,VEHICLE,0,0,
-1686.6691,509.5155,38.2424,316.5085,0.00,VEHICLE,0,0,
-1684.8441,511.4979,38.2389,317.2303,0.00,VEHICLE,0,0,
-1683.1394,513.5205,38.2357,319.4680,0.00,VEHICLE,0,0,
-1681.4282,515.5988,38.2342,320.4508,0.00,VEHICLE,0,0,
-1679.6709,517.7560,38.2343,320.7292,0.00,VEHICLE,0,0,
-1677.7935,520.0703,38.2346,320.8034,0.00,VEHICLE,0,0,
-1676.0969,522.1632,38.2346,320.8188,0.00,VEHICLE,0,0,
-1674.3773,524.2820,38.2346,320.8225,0.00,VEHICLE,0,0,
-1672.5378,526.5443,38.2346,320.8243,0.00,VEHICLE,0,0,
-1670.7031,528.7962,38.2346,320.8262,0.00,VEHICLE,0,0,
-1668.9830,530.9056,38.2346,320.8279,0.00,VEHICLE,0,0,
-1667.1168,533.1924,38.2344,320.8296,0.00,VEHICLE,0,0,
-1665.2859,535.4363,38.2325,320.8304,0.00,VEHICLE,0,0,
-1663.4829,537.6411,38.2290,320.7733,0.00,VEHICLE,0,0,
-1661.5970,539.8125,38.2249,319.2613,0.00,VEHICLE,0,0,
-1659.6805,541.9475,38.2210,318.1260,0.00,VEHICLE,0,0,
-1657.6908,544.1399,38.2781,317.7856,0.00,VEHICLE,0,0,
-1655.8313,546.1794,38.3745,317.6995,0.00,VEHICLE,0,0,
-1653.8951,548.2995,38.5104,317.6747,0.00,VEHICLE,0,0,
-1651.8499,550.5383,38.6486,317.6687,0.00,VEHICLE,0,0,
-1649.8441,552.7351,38.7789,317.6677,0.00,VEHICLE,0,0,
-1647.9122,554.8537,38.9029,317.6671,0.00,VEHICLE,0,0,
-1645.8838,557.0803,39.0326,317.6662,0.00,VEHICLE,0,0,
-1643.8596,559.3021,39.1636,317.6588,0.00,VEHICLE,0,0,
-1641.8118,561.5504,39.2942,317.6578,0.00,VEHICLE,0,0,
-1639.8030,563.7559,39.4222,317.6572,0.00,VEHICLE,0,0,
-1637.8550,565.8943,39.5459,317.6568,0.00,VEHICLE,0,0,
-1635.8119,568.1381,39.6716,317.6638,0.00,VEHICLE,0,0,
-1633.8245,570.3204,39.7847,317.6639,0.00,VEHICLE,0,0,
-1631.8378,572.5012,39.8901,317.6643,0.00,VEHICLE,0,0,
-1629.7728,574.7673,40.0001,317.6649,0.00,VEHICLE,0,0,
-1627.7925,576.9404,40.1064,317.6653,0.00,VEHICLE,0,0,
-1625.7672,579.1628,40.2155,317.6656,0.00,VEHICLE,0,0,
-1623.8240,581.2955,40.3203,317.6658,0.00,VEHICLE,0,0,
-1621.7913,583.5267,40.4300,317.6659,0.00,VEHICLE,0,0,
-1619.7915,585.7221,40.5379,317.6658,0.00,VEHICLE,0,0,
-1617.8218,587.8843,40.6442,317.6655,0.00,VEHICLE,0,0,
-1615.8380,590.0619,40.7512,317.6660,0.00,VEHICLE,0,0,
-1614.1764,591.8859,40.8407,317.6661,0.00,VEHICLE,0,0,
-1612.1989,594.0566,40.9473,317.6662,0.00,VEHICLE,0,0,
-1610.1897,596.2622,41.0556,317.6660,0.00,VEHICLE,0,0,
-1608.1909,598.4564,41.1634,317.6663,0.00,VEHICLE,0,0,
-1606.1702,600.6746,41.2724,317.6664,0.00,VEHICLE,0,0,
-1604.2596,602.7718,41.3754,317.6665,0.00,VEHICLE,0,0,
-1602.3062,604.9154,41.4750,317.6669,0.00,VEHICLE,0,0,
-1600.3455,607.0673,41.5707,317.6670,0.00,VEHICLE,0,0,
-1598.4313,609.1685,41.6632,317.6670,0.00,VEHICLE,0,0,
-1596.4745,611.3168,41.7585,317.6670,0.00,VEHICLE,0,0,
-1594.5327,613.4485,41.8535,317.6670,0.00,VEHICLE,0,0,
-1592.5609,615.6133,41.9500,317.6671,0.00,VEHICLE,0,0,
-1590.5983,617.7678,42.0460,317.6671,0.00,VEHICLE,0,0,
-1588.6340,619.9240,42.1424,317.6657,0.00,VEHICLE,0,0,
-1586.6323,622.1207,42.2406,317.6657,0.00,VEHICLE,0,0,
-1584.6859,624.2319,42.3356,317.3863,0.00,VEHICLE,0,0,
-1582.7045,626.3006,42.4299,316.3652,0.00,VEHICLE,0,0,
-1580.7561,628.2984,42.5217,315.7580,0.00,VEHICLE,0,0,
-1578.8071,630.2848,42.6133,315.5744,0.00,VEHICLE,0,0,
-1576.7980,632.3270,42.7079,315.5191,0.00,VEHICLE,0,0,
-1574.8114,634.3441,42.8014,315.5067,0.00,VEHICLE,0,0,
-1572.7233,636.4647,42.8994,315.5040,0.00,VEHICLE,0,0,
-1570.7314,638.4871,42.9928,315.4796,0.00,VEHICLE,0,0,
-1568.7635,640.4206,43.0835,314.6793,0.00,VEHICLE,0,0,
-1566.6677,642.3344,43.1766,312.6439,0.00,VEHICLE,0,0,
-1564.6056,644.1772,43.2671,311.8095,0.00,VEHICLE,0,0,
-1562.5814,645.9691,43.3507,311.5747,0.00,VEHICLE,0,0,
-1560.4346,647.8621,43.4360,311.5054,0.00,VEHICLE,0,0,
-1558.2578,649.7791,43.5195,311.4881,0.00,VEHICLE,0,0,
-1555.9810,651.7850,43.6075,311.4841,0.00,VEHICLE,0,0,
-1553.9814,653.5488,43.6852,311.4829,0.00,VEHICLE,0,0,
-1551.7792,655.4946,43.7708,311.4813,0.00,VEHICLE,0,0,
-1549.6786,657.3522,43.8526,311.4795,0.00,VEHICLE,0,0,
-1547.7263,659.0800,43.9286,311.4780,0.00,VEHICLE,0,0,
-1545.5762,660.9827,44.0123,311.4766,0.00,VEHICLE,0,0,
-1543.4943,662.8246,44.0934,311.4756,0.00,VEHICLE,0,0,
-1541.2794,664.7832,44.1798,311.4751,0.00,VEHICLE,0,0,
-1539.2609,666.5676,44.2584,311.4750,0.00,VEHICLE,0,0,
-1537.2349,668.3587,44.3373,311.4807,0.00,VEHICLE,0,0,
-1535.0922,670.3208,44.4221,312.3433,0.00,VEHICLE,0,0,
-1533.1619,672.2941,44.5028,315.1776,0.00,VEHICLE,0,0,
-1531.3510,674.4185,44.5838,319.0775,0.00,VEHICLE,0,0,
-1529.6460,676.7873,44.6675,323.7957,0.00,VEHICLE,0,0,
-1528.1354,679.0853,44.7463,326.7501,0.00,VEHICLE,0,0,
-1526.6932,681.3909,44.8251,327.7520,0.00,VEHICLE,0,0,
-1525.2684,683.7090,44.8972,327.9751,0.00,VEHICLE,0,0,
-1523.7860,686.1235,44.9602,328.0301,0.00,VEHICLE,0,0,
-1522.2316,688.6033,45.0133,327.6998,0.00,VEHICLE,0,0,
-1520.5598,690.9965,45.0659,325.2733,0.00,VEHICLE,0,0,
-1518.5986,693.4198,45.1237,321.2381,0.00,VEHICLE,0,0,
-1516.6744,695.5093,45.1769,317.5692,0.00,VEHICLE,0,0,
-1514.7321,697.5167,45.2304,315.9858,0.00,VEHICLE,0,0,
-1512.6188,699.6420,45.2893,315.5605,0.00,VEHICLE,0,0,
-1510.6201,701.6431,45.3444,315.4799,0.00,VEHICLE,0,0,
-1508.5784,703.6928,45.4003,315.4625,0.00,VEHICLE,0,0,
-1506.5391,705.7512,45.4554,315.4551,0.00,VEHICLE,0,0,
-1504.4988,707.8215,45.5107,315.4490,0.00,VEHICLE,0,0,
-1502.3773,709.9823,45.5688,315.4382,0.00,VEHICLE,0,0,
-1500.3638,712.0359,45.6239,315.4315,0.00,VEHICLE,0,0,
-1498.1670,714.2758,45.6837,315.4298,0.00,VEHICLE,0,0,
-1495.9657,716.5170,45.7433,315.4292,0.00,VEHICLE,0,0,
-1493.8412,718.6754,45.8012,315.4304,0.00,VEHICLE,0,0,
-1491.6849,720.8991,45.8546,315.8494,0.00,VEHICLE,0,0,
-1490.0591,722.6437,45.8916,316.8572,0.00,VEHICLE,0,0,
-1488.6683,724.1483,45.9219,317.2892,0.00,VEHICLE,0,0,
-1486.7764,726.2102,45.9632,317.4896,0.00,VEHICLE,0,0,
-1484.8308,728.3386,46.0064,317.5457,0.00,VEHICLE,0,0,
-1482.8223,730.5400,46.0514,317.5601,0.00,VEHICLE,0,0,
-1480.9951,732.5440,46.0925,317.5623,0.00,VEHICLE,0,0,
-1479.2480,734.4596,46.1317,317.5623,0.00,VEHICLE,0,0,
-1477.1162,736.7944,46.1793,317.5591,0.00,VEHICLE,0,0,
-1475.0966,738.9766,46.2243,317.2444,0.00,VEHICLE,0,0,
-1472.9330,741.2939,46.2722,316.9768,0.00,VEHICLE,0,0,
-1470.6658,743.7155,46.3224,316.9021,0.00,VEHICLE,0,0,
-1468.6749,745.8392,46.3665,316.8871,0.00,VEHICLE,0,0,
-1466.6655,747.9824,46.4110,316.8836,0.00,VEHICLE,0,0,
-1464.5402,750.2500,46.4580,316.8828,0.00,VEHICLE,0,0,
-1462.4867,752.4420,46.5033,316.8825,0.00,VEHICLE,0,0,
-1460.7844,754.2598,46.5378,316.8820,0.00,VEHICLE,0,0,
-1458.4600,756.7428,46.5794,316.8813,0.00,VEHICLE,0,0,
-1456.5411,758.7927,46.6106,316.8809,0.00,VEHICLE,0,0,
-1454.4540,761.0221,46.6450,316.8806,0.00,VEHICLE,0,0,
-1452.5560,763.0493,46.6766,316.8806,0.00,VEHICLE,0,0,
-1450.2446,765.5181,46.7154,316.8806,0.00,VEHICLE,0,0,
-1448.2560,767.6416,46.7489,316.8799,0.00,VEHICLE,0,0,
-1446.5243,769.4905,46.7781,316.8796,0.00,VEHICLE,0,0,
-1444.5945,771.5508,46.8107,316.8815,0.00,VEHICLE,0,0,
-1442.4009,773.8930,46.8475,316.8817,0.00,VEHICLE,0,0,
-1440.4656,775.9594,46.8798,316.8817,0.00,VEHICLE,0,0,
-1438.3619,778.2059,46.9151,316.8809,0.00,VEHICLE,0,0,
-1436.2990,780.4093,46.9498,316.8815,0.00,VEHICLE,0,0,
-1434.2383,782.6107,46.9843,316.8813,0.00,VEHICLE,0,0,
-1432.1588,784.8318,47.0190,316.8813,0.00,VEHICLE,0,0,
-1430.0347,787.1004,47.0545,316.8813,0.00,VEHICLE,0,0,
-1427.8750,789.4067,47.0824,316.8813,0.00,VEHICLE,0,0,
-1425.6433,791.7897,47.1070,316.8814,0.00,VEHICLE,0,0,
-1423.5223,794.0189,47.1312,316.4785,0.00,VEHICLE,0,0,
-1421.2097,796.2576,47.1572,314.1842,0.00,VEHICLE,0,0,
-1418.8472,798.4651,47.1829,313.0098,0.00,VEHICLE,0,0,
-1416.6191,800.5191,47.2070,312.7285,0.00,VEHICLE,0,0,
-1414.3395,802.6111,47.2317,312.6570,0.00,VEHICLE,0,0,
-1412.0374,804.7210,47.2567,312.6408,0.00,VEHICLE,0,0,
-1410.0215,806.5698,47.2788,312.6354,0.00,VEHICLE,0,0,
-1407.6207,808.7731,47.3060,312.6178,0.00,VEHICLE,0,0,
-1405.5231,810.7011,47.3295,312.6266,0.00,VEHICLE,0,0,
-1403.3441,812.7068,47.3528,312.6261,0.00,VEHICLE,0,0,
-1401.0863,814.7870,47.3766,312.6240,0.00,VEHICLE,0,0,
-1398.8239,816.8719,47.4005,312.6221,0.00,VEHICLE,0,0,
-1396.5189,819.0066,47.4251,312.7430,0.00,VEHICLE,0,0,
-1394.2765,821.2245,47.4467,314.5038,0.00,VEHICLE,0,0,
-1392.1138,823.5091,47.4445,316.5410,0.00,VEHICLE,0,0,
-1389.4912,826.3419,47.4139,317.2419,0.00,VEHICLE,0,0,
-1387.2513,828.7826,47.3829,317.3548,0.00,VEHICLE,0,0,
-1385.2058,831.0161,47.3573,317.3762,0.00,VEHICLE,0,0,
-1382.7886,833.6539,47.3288,317.3810,0.00,VEHICLE,0,0,
-1380.6855,835.9401,47.3042,317.3338,0.00,VEHICLE,0,0,
-1378.4233,838.2806,47.2785,316.0156,0.00,VEHICLE,0,0,
-1375.8630,840.8289,47.2499,314.8023,0.00,VEHICLE,0,0,
-1373.6572,842.9957,47.2254,314.5448,0.00,VEHICLE,0,0,
-1371.4198,845.1848,47.2009,314.4802,0.00,VEHICLE,0,0,
-1368.9043,847.6438,47.1733,314.4647,0.00,VEHICLE,0,0,
-1366.5349,849.9620,47.1474,314.4610,0.00,VEHICLE,0,0,
-1364.2593,852.1918,47.1224,314.4602,0.00,VEHICLE,0,0,
-1362.1229,854.2880,47.0989,314.4608,0.00,VEHICLE,0,0,
-1360.0819,856.2925,47.0740,314.4594,0.00,VEHICLE,0,0,
-1357.6406,858.6911,47.0389,314.4579,0.00,VEHICLE,0,0,
-1355.2322,861.0569,46.9996,314.4570,0.00,VEHICLE,0,0,
-1352.9619,863.2858,46.9628,314.4568,0.00,VEHICLE,0,0,
-1350.6405,865.5642,46.9257,314.4572,0.00,VEHICLE,0,0,
-1348.2179,867.9412,46.8873,314.4578,0.00,VEHICLE,0,0,
-1345.9261,870.1895,46.8509,314.4583,0.00,VEHICLE,0,0,
-1343.5754,872.4955,46.8136,314.4587,0.00,VEHICLE,0,0,
-1341.3982,874.6523,46.7789,314.7070,0.00,VEHICLE,0,0,
-1339.2855,876.8031,46.7447,315.4509,0.00,VEHICLE,0,0,
-1337.2896,878.8500,46.7123,315.7181,0.00,VEHICLE,0,0,
-1334.9181,881.2905,46.6737,315.8087,0.00,VEHICLE,0,0,
-1332.3126,883.9771,46.6313,315.8307,0.00,VEHICLE,0,0,
-1329.9919,886.3706,46.5937,315.8340,0.00,VEHICLE,0,0,
-1327.7378,888.6942,46.5570,315.8344,0.00,VEHICLE,0,0,
-1325.6266,890.8696,46.5178,315.8348,0.00,VEHICLE,0,0,
-1323.5287,893.0295,46.4727,315.8353,0.00,VEHICLE,0,0,
-1321.3030,895.3325,46.4227,315.9652,0.00,VEHICLE,0,0,
-1319.1150,897.7169,46.3740,317.3985,0.00,VEHICLE,0,0,
-1317.0648,900.0041,46.3279,318.1561,0.00,VEHICLE,0,0,
-1315.0527,902.2687,46.2825,318.3723,0.00,VEHICLE,0,0,
-1313.0275,904.5569,46.2369,318.4329,0.00,VEHICLE,0,0,
-1310.9847,906.8687,46.1909,318.4484,0.00,VEHICLE,0,0,
-1308.9906,909.1255,46.1460,318.4514,0.00,VEHICLE,0,0,
-1306.8967,911.4937,46.0988,318.4519,0.00,VEHICLE,0,0,
-1304.8757,913.7764,46.0533,318.4524,0.00,VEHICLE,0,0,
-1302.8607,916.0500,46.0080,318.4532,0.00,VEHICLE,0,0,
-1300.7891,918.3868,45.9613,318.4543,0.00,VEHICLE,0,0,
-1298.8088,920.6199,45.9168,318.4551,0.00,VEHICLE,0,0,
-1296.7490,922.9429,45.8704,318.4557,0.00,VEHICLE,0,0,
-1294.6855,925.2705,45.8242,318.4577,0.00,VEHICLE,0,0,
-1292.5100,927.7252,45.7720,318.4578,0.00,VEHICLE,0,0,
-1290.2996,930.2200,45.7120,318.4573,0.00,VEHICLE,0,0,
-1288.1298,932.6691,45.6484,318.4568,0.00,VEHICLE,0,0,
-1285.9847,935.0905,45.5859,318.4565,0.00,VEHICLE,0,0,
-1283.7744,937.5854,45.5222,318.4562,0.00,VEHICLE,0,0,
-1281.6312,940.0042,45.4606,318.4561,0.00,VEHICLE,0,0,
-1279.4077,942.5135,45.3968,318.4561,0.00,VEHICLE,0,0,
-1277.2415,944.9583,45.3346,318.4561,0.00,VEHICLE,0,0,
-1275.1077,947.3661,45.2734,318.4561,0.00,VEHICLE,0,0,
-1273.7439,948.9052,45.2342,318.4560,0.00,VEHICLE,0,0,
-1271.4495,951.4943,45.1686,318.4550,0.00,VEHICLE,0,0,
-1269.3689,953.8420,45.1091,318.4554,0.00,VEHICLE,0,0,
-1267.2482,956.2353,45.0481,318.4554,0.00,VEHICLE,0,0,
-1265.9078,957.7479,45.0096,318.4552,0.00,VEHICLE,0,0,
-1264.5303,959.3024,44.9700,318.4550,0.00,VEHICLE,0,0,
-1262.3101,961.8080,44.9058,318.4548,0.00,VEHICLE,0,0,
-1260.1688,964.2245,44.8282,318.4547,0.00,VEHICLE,0,0,
-1257.5406,967.1906,44.7120,318.4546,0.00,VEHICLE,0,0,
-1255.1324,969.9080,44.6008,318.4544,0.00,VEHICLE,0,0,
-1253.0300,972.2805,44.5052,318.4543,0.00,VEHICLE,0,0,
-1250.5516,975.0770,44.3936,318.4542,0.00,VEHICLE,0,0,
-1249.1327,976.6780,44.3300,318.4540,0.00,VEHICLE,0,0,
-1246.8303,979.2760,44.2267,318.4539,0.00,VEHICLE,0,0,
-1244.7461,981.6274,44.1342,318.4503,0.00,VEHICLE,0,0,
-1242.4523,984.2147,44.0321,318.4543,0.00,VEHICLE,0,0,
-1241.0902,985.7513,43.9711,318.4547,0.00,VEHICLE,0,0,
-1238.8872,988.2368,43.8721,318.4546,0.00,VEHICLE,0,0,
-1236.8585,990.5261,43.7814,318.4518,0.00,VEHICLE,0,0,
-1234.1859,993.5430,43.6617,318.4534,0.00,VEHICLE,0,0,
-1232.7709,995.1404,43.5979,318.4530,0.00,VEHICLE,0,0,
-1231.4241,996.6606,43.5373,318.4527,0.00,VEHICLE,0,0,
-1228.8068,999.6145,43.4194,318.4523,0.00,VEHICLE,0,0,
-1226.6056,1002.0969,43.3170,318.4361,0.00,VEHICLE,0,0,
-1224.3981,1004.5412,43.2102,317.9393,0.00,VEHICLE,0,0,
-1222.0203,1007.1187,43.0916,317.2811,0.00,VEHICLE,0,0,
-1219.7391,1009.5730,42.9792,317.0906,0.00,VEHICLE,0,0,
-1218.3185,1011.0977,42.9097,317.0501,0.00,VEHICLE,0,0,
-1216.8723,1012.6481,42.8394,317.0309,0.00,VEHICLE,0,0,
-1215.4073,1014.2168,42.7692,317.0175,0.00,VEHICLE,0,0,
-1213.9943,1015.7269,42.7012,316.9980,0.00,VEHICLE,0,0,
-1212.5985,1017.1904,42.6346,316.6630,0.00,VEHICLE,0,0,
-1210.1652,1019.6144,42.5202,314.9590,0.00,VEHICLE,0,0,
-1207.8877,1021.8210,42.4143,314.0859,0.00,VEHICLE,0,0,
-1205.5586,1024.0544,42.3067,313.8162,0.00,VEHICLE,0,0,
-1203.1910,1026.3156,42.1977,313.7397,0.00,VEHICLE,0,0,
-1201.6415,1027.7935,42.1264,313.7233,0.00,VEHICLE,0,0,
-1200.1007,1029.2628,42.0562,313.7097,0.00,VEHICLE,0,0,
-1197.5879,1031.6593,41.9412,313.7074,0.00,VEHICLE,0,0,
-1195.2357,1033.9059,41.8329,313.7080,0.00,VEHICLE,0,0,
-1192.4973,1036.5281,41.7063,313.7552,0.00,VEHICLE,0,0,
-1189.8197,1039.1877,41.5803,314.8416,0.00,VEHICLE,0,0,
-1187.3617,1041.6917,41.4623,315.5684,0.00,VEHICLE,0,0,
-1184.8906,1044.2312,41.3367,315.7695,0.00,VEHICLE,0,0,
-1182.2897,1046.9133,41.1973,315.8217,0.00,VEHICLE,0,0,
-1179.8015,1049.4817,41.0640,315.8323,0.00,VEHICLE,0,0,
-1177.3665,1051.9945,40.9343,315.8343,0.00,VEHICLE,0,0,
-1174.8503,1054.5883,40.8007,315.8350,0.00,VEHICLE,0,0,
-1172.4530,1057.0573,40.6736,315.8359,0.00,VEHICLE,0,0,
-1170.0392,1059.5419,40.5456,315.8371,0.00,VEHICLE,0,0,
-1167.4941,1062.1605,40.4113,315.8348,0.00,VEHICLE,0,0,
-1164.7322,1065.0021,40.2656,315.8384,0.00,VEHICLE,0,0,
-1162.2557,1067.5505,40.1344,315.8396,0.00,VEHICLE,0,0,
-1159.7836,1070.0955,40.0030,315.8394,0.00,VEHICLE,0,0,
-1157.2721,1072.6818,39.8695,315.8388,0.00,VEHICLE,0,0,
-1154.8141,1075.2136,39.7390,315.8394,0.00,VEHICLE,0,0,
-1152.3544,1077.7477,39.6073,315.8392,0.00,VEHICLE,0,0,
-1149.8485,1080.3291,39.4599,315.8389,0.00,VEHICLE,0,0,
-1147.3168,1082.9369,39.2989,315.8390,0.00,VEHICLE,0,0,
-1144.8889,1085.4373,39.1440,315.8392,0.00,VEHICLE,0,0,
-1142.4050,1087.9950,38.9869,315.8395,0.00,VEHICLE,0,0,
-1139.9592,1090.5132,38.8328,315.8398,0.00,VEHICLE,0,0,
-1137.5043,1093.0404,38.6791,315.8378,0.00,VEHICLE,0,0,
-1135.0901,1095.5250,38.5283,315.8434,0.00,VEHICLE,0,0,
-1132.7217,1097.9635,38.3789,315.8440,0.00,VEHICLE,0,0,
-1130.2997,1100.4578,38.2301,315.8436,0.00,VEHICLE,0,0,
-1127.9573,1102.8715,38.1120,315.8454,0.00,VEHICLE,0,0,
-1125.2896,1105.6201,38.0048,315.8452,0.00,VEHICLE,0,0,
-1122.5969,1108.3942,37.8979,315.8450,0.00,VEHICLE,0,0,
-1119.9159,1111.1560,37.7877,315.8452,0.00,VEHICLE,0,0,
-1117.5632,1113.5784,37.6904,315.8418,0.00,VEHICLE,0,0,
-1115.1061,1116.1084,37.5965,315.8456,0.00,VEHICLE,0,0,
-1112.4623,1118.8309,37.5176,315.8463,0.00,VEHICLE,0,0,
-1111.0400,1120.2958,37.4819,315.8463,0.00,VEHICLE,0,0,
-1109.5909,1121.7885,37.4452,315.8462,0.00,VEHICLE,0,0,
-1106.7118,1124.7548,37.3701,315.8458,0.00,VEHICLE,0,0,
-1104.1283,1127.4294,37.3000,316.0069,0.00,VEHICLE,0,0,
-1101.6410,1130.0164,37.2357,316.1533,0.00,VEHICLE,0,0,
-1099.0410,1132.7216,37.2532,316.1920,0.00,VEHICLE,0,0,
-1096.6791,1135.1772,37.3291,316.1955,0.00,VEHICLE,0,0,
-1094.3229,1137.6239,37.4038,316.1973,0.00,VEHICLE,0,0,
-1092.0348,1140.0042,37.4772,316.1994,0.00,VEHICLE,0,0,
-1089.7089,1142.4332,37.5629,316.1863,0.00,VEHICLE,0,0,
-1087.3534,1144.8893,37.6518,316.1820,0.00,VEHICLE,0,0,
-1085.2253,1147.1018,37.7557,316.1597,0.00,VEHICLE,0,0,
-1083.1035,1149.3036,37.8861,316.1492,0.00,VEHICLE,0,0,
-1081.0463,1151.4387,38.0243,316.1500,0.00,VEHICLE,0,0,
-1078.9730,1153.5935,38.1620,316.1506,0.00,VEHICLE,0,0,
-1076.9423,1155.7074,38.2867,316.1537,0.00,VEHICLE,0,0,
-1074.8792,1157.8591,38.3673,316.1783,0.00,VEHICLE,0,0,
-1072.9058,1159.9185,38.4018,316.1798,0.00,VEHICLE,0,0,
-1071.0872,1161.8156,38.4272,316.1639,0.00,VEHICLE,0,0,
-1069.2140,1163.7267,38.4604,315.6304,0.00,VEHICLE,0,0,
-1067.3545,1165.4902,38.4999,313.8136,0.00,VEHICLE,0,0,
-1065.5463,1167.0220,38.5562,310.9540,0.00,VEHICLE,0,0,
-1063.5986,1168.4557,38.6273,307.2187,0.00,VEHICLE,0,0,
-1061.6765,1169.6643,38.7103,303.3331,0.00,VEHICLE,0,0,
-1059.6896,1170.7382,38.7983,299.5223,0.00,VEHICLE,0,0,
-1057.7360,1171.7437,38.8572,297.7046,0.00,VEHICLE,0,0,
-1055.7025,1172.7621,38.9015,297.1568,0.00,VEHICLE,0,0,
-1053.6523,1173.7789,38.9210,296.9270,0.00,VEHICLE,0,0,
-1051.6023,1174.7249,38.9056,295.6201,0.00,VEHICLE,0,0,
-1049.4347,1175.6371,38.8128,293.5942,0.00,VEHICLE,0,0,
-1047.2957,1176.4318,38.6539,291.1688,0.00,VEHICLE,0,0,
-1044.7185,1177.2067,38.4295,287.3264,0.00,VEHICLE,0,0,
-1042.4010,1177.7020,38.2054,283.2040,0.00,VEHICLE,0,0,
-1039.9882,1178.0240,37.9475,278.8046,0.00,VEHICLE,0,0,
-1036.8661,1178.1406,37.5447,272.4567,0.00,VEHICLE,0,0,
-1034.3253,1177.9517,37.2024,266.9417,0.00,VEHICLE,0,0,
-1031.9060,1177.5140,36.8936,261.2524,0.00,VEHICLE,0,0,
-1029.5981,1176.9923,36.6103,257.9474,0.00,VEHICLE,0,0,
-1027.1077,1176.3781,36.3060,256.8513,0.00,VEHICLE,0,0,
-1024.5172,1175.7301,35.9816,256.6186,0.00,VEHICLE,0,0,
-1021.8172,1175.0651,35.6393,256.5544,0.00,VEHICLE,0,0,
-1019.2418,1174.4373,35.3105,256.4971,0.00,VEHICLE,0,0,
-1016.7885,1173.7876,34.9923,255.5159,0.00,VEHICLE,0,0,
-1014.2970,1172.9822,34.6567,252.6740,0.00,VEHICLE,0,0,
-1011.3337,1171.7727,34.2311,247.9484,0.00,VEHICLE,0,0,
-1008.7053,1170.4176,33.8262,243.1155,0.00,VEHICLE,0,0,
-1006.2780,1168.9038,33.4204,238.3133,0.00,VEHICLE,0,0,
-1003.9552,1167.3105,33.0414,235.5014,0.00,VEHICLE,0,0,
-1001.3131,1165.3971,32.6659,234.3335,0.00,VEHICLE,0,0,
-998.6437,1163.4253,32.3407,234.1354,0.00,VEHICLE,0,0,
-995.6338,1161.2073,32.0449,234.0705,0.00,VEHICLE,0,0,
-993.2804,1159.4655,31.8654,233.7657,0.00,VEHICLE,0,0,
-990.6655,1157.4745,31.6833,232.7920,0.00,VEHICLE,0,0,
-988.0757,1155.4821,31.5222,232.2113,0.00,VEHICLE,0,0,
-985.4094,1153.3839,31.4023,231.8062,0.00,VEHICLE,0,0,
-982.6306,1151.1891,31.3400,231.8980,0.00,VEHICLE,0,0,
-980.1765,1149.2872,31.2320,232.1519,0.00,VEHICLE,0,0,
-977.8683,1147.5432,31.0362,232.0955,0.00,VEHICLE,0,0,
-975.5444,1145.8024,30.7114,231.8028,0.00,VEHICLE,0,0,
-973.3727,1144.1427,30.4576,231.5043,0.00,VEHICLE,0,0,
-971.0180,1142.2714,30.3061,231.3759,0.00,VEHICLE,0,0,
-968.5489,1140.2175,30.2383,230.9582,0.00,VEHICLE,0,0,
-966.3189,1138.2402,30.1742,229.4680,0.00,VEHICLE,0,0,
-964.1006,1136.0935,30.0307,226.8691,0.00,VEHICLE,0,0,
-962.2133,1134.0653,29.8493,223.8386,0.00,VEHICLE,0,0,
-960.3411,1131.9480,29.6287,221.6733,0.00,VEHICLE,0,0,
-958.5602,1129.8900,29.4195,220.9991,0.00,VEHICLE,0,0,
-956.8535,1127.9137,29.2207,220.8156,0.00,VEHICLE,0,0,
-955.0597,1125.8385,29.0114,220.7604,0.00,VEHICLE,0,0,
-953.1184,1123.5939,28.7830,220.7406,0.00,VEHICLE,0,0,
-951.2004,1121.3745,28.5572,220.7362,0.00,VEHICLE,0,0,
-948.9636,1118.7814,28.2933,220.7435,0.00,VEHICLE,0,0,
-947.0682,1116.5765,28.0520,220.7248,0.00,VEHICLE,0,0,
-945.1553,1114.3297,27.8057,220.6880,0.00,VEHICLE,0,0,
-943.3138,1112.1797,27.5899,221.0204,0.00,VEHICLE,0,0,
-941.3156,1110.0297,27.3906,223.2113,0.00,VEHICLE,0,0,
-938.7255,1107.5420,27.1626,226.6922,0.00,VEHICLE,0,0,
-936.3158,1105.3423,26.9491,227.8110,0.00,VEHICLE,0,0,
-933.9237,1103.2117,26.7312,228.2173,0.00,VEHICLE,0,0,
-931.1317,1100.7504,26.4864,228.2751,0.00,VEHICLE,0,0,
-928.5884,1098.5011,26.2725,228.2624,0.00,VEHICLE,0,0,
-926.4117,1096.5619,26.0966,228.2562,0.00,VEHICLE,0,0,
-923.8934,1094.2966,25.9236,228.2147,0.00,VEHICLE,0,0,
-921.2938,1091.9427,25.7176,228.2663,0.00,VEHICLE,0,0,
-918.9009,1089.7744,25.4843,228.3253,0.00,VEHICLE,0,0,
-916.5177,1087.6278,25.2276,228.3014,0.00,VEHICLE,0,0,
-915.0258,1086.2900,25.0691,228.2801,0.00,VEHICLE,0,0,
-912.5712,1084.0962,24.8112,228.2515,0.00,VEHICLE,0,0,
-910.1620,1081.9484,24.5602,228.2268,0.00,VEHICLE,0,0,
-907.7484,1079.7710,24.3819,227.9594,0.00,VEHICLE,0,0,
-905.2585,1077.4921,24.3010,227.6864,0.00,VEHICLE,0,0,
-902.9023,1075.3214,24.2778,227.6966,0.00,VEHICLE,0,0,
-900.2248,1072.8611,24.2403,227.7088,0.00,VEHICLE,0,0,
-897.7994,1070.6405,24.1996,227.6988,0.00,VEHICLE,0,0,
-895.6877,1068.7114,24.1627,227.6862,0.00,VEHICLE,0,0,
-893.6168,1066.8221,24.1262,227.6707,0.00,VEHICLE,0,0,
-891.5307,1064.9194,24.0893,227.6518,0.00,VEHICLE,0,0,
-889.0968,1062.6993,24.0558,227.6093,0.00,VEHICLE,0,0,
-887.0699,1060.8505,24.0742,227.4721,0.00,VEHICLE,0,0,
-885.3076,1059.2438,24.1232,227.3869,0.00,VEHICLE,0,0,
-882.9951,1057.1257,24.2221,227.3276,0.00,VEHICLE,0,0,
-880.7972,1055.1010,24.3315,227.2602,0.00,VEHICLE,0,0,
-878.9109,1053.3718,24.4369,227.4792,0.00,VEHICLE,0,0,
-876.9968,1051.6775,24.5634,228.5179,0.00,VEHICLE,0,0,
-875.0596,1049.9631,24.7189,228.8741,0.00,VEHICLE,0,0,
-873.1227,1048.2407,24.9032,228.9237,0.00,VEHICLE,0,0,
-871.2048,1046.5234,25.1242,228.7942,0.00,VEHICLE,0,0,
-869.3369,1044.8549,25.3571,228.7173,0.00,VEHICLE,0,0,
-867.6836,1043.3971,25.5469,228.7633,0.00,VEHICLE,0,0,
-866.0762,1041.9935,25.5981,228.8900,0.00,VEHICLE,0,0,
-864.4542,1040.6337,25.5149,229.2528,0.00,VEHICLE,0,0,
-862.7854,1039.3580,25.3049,230.2632,0.00,VEHICLE,0,0,
-861.0427,1038.1666,25.0695,232.5477,0.00,VEHICLE,0,0,
-859.2149,1036.9349,24.9358,233.8784,0.00,VEHICLE,0,0,
-857.5020,1035.7585,24.8925,234.2182,0.00,VEHICLE,0,0,
-855.7615,1034.5267,24.8620,234.3247,0.00,VEHICLE,0,0,
-853.9020,1033.1816,24.8187,234.3727,0.00,VEHICLE,0,0,
-852.0281,1031.8127,24.7697,234.3994,0.00,VEHICLE,0,0,
-850.1679,1030.4626,24.7234,234.5020,0.00,VEHICLE,0,0,
-848.3290,1029.2546,24.6804,236.3002,0.00,VEHICLE,0,0,
-846.1963,1028.0690,24.6733,240.2409,0.00,VEHICLE,0,0,
-843.9612,1027.0551,24.7354,245.0123,0.00,VEHICLE,0,0,
-841.9424,1026.1964,24.8385,246.8050,0.00,VEHICLE,0,0,
-839.6317,1025.2572,24.8614,247.5691,0.00,VEHICLE,0,0,
-837.4595,1024.3936,24.6931,247.9826,0.00,VEHICLE,0,0,
-835.3548,1023.5615,24.2605,248.2445,0.00,VEHICLE,0,0,
-833.3406,1022.7651,23.5891,248.4293,0.00,VEHICLE,0,0,
-831.1743,1021.9420,22.9404,248.7385,0.00,VEHICLE,0,0,
-828.7708,1020.9277,22.4207,247.6491,0.00,VEHICLE,0,0,
-826.9653,1020.0513,22.4263,244.6451,0.00,VEHICLE,0,0,
-824.9443,1019.0195,22.5428,243.1668,0.00,VEHICLE,0,0,
-822.6832,1017.8317,22.6401,242.4215,0.00,VEHICLE,0,0,
-820.7014,1016.7714,22.5822,241.9732,0.00,VEHICLE,0,0,
-818.9329,1015.7866,22.4586,241.6246,0.00,VEHICLE,0,0,
-817.0832,1014.7253,22.2260,241.2051,0.00,VEHICLE,0,0,
-814.8425,1013.4404,21.9098,242.7732,0.00,VEHICLE,0,0,
-812.4572,1012.3029,21.5716,245.8880,0.00,VEHICLE,0,0,
-810.4601,1011.5103,21.2890,248.4821,0.00,VEHICLE,0,0,
-808.3636,1010.7476,20.9865,249.5520,0.00,VEHICLE,0,0,
-806.2195,1010.0099,20.6700,249.8436,0.00,VEHICLE,0,0,
-804.2580,1009.3445,20.3874,249.8974,0.00,VEHICLE,0,0,
-802.1606,1008.6256,20.0894,249.9303,0.00,VEHICLE,0,0,
-799.9266,1007.8438,19.8166,249.9629,0.00,VEHICLE,0,0,
-797.6760,1007.0408,19.5714,250.0193,0.00,VEHICLE,0,0,
-795.4710,1006.2373,19.3562,250.0152,0.00,VEHICLE,0,0,
-792.9905,1005.3194,19.1048,250.0017,0.00,VEHICLE,0,0,
-790.5756,1004.4182,18.8616,250.0269,0.00,VEHICLE,0,0,
-788.3658,1003.5854,18.6458,249.8667,0.00,VEHICLE,0,0,
-785.8344,1002.5068,18.4023,247.5759,0.00,VEHICLE,0,0,
-783.1970,1001.3088,18.1669,245.6623,0.00,VEHICLE,0,0,
-780.8582,1000.2280,17.9888,245.2302,0.00,VEHICLE,0,0,
-778.3353,999.0549,17.8351,245.1215,0.00,VEHICLE,0,0,
-776.0802,998.0035,17.6960,245.0961,0.00,VEHICLE,0,0,
-773.7875,996.9335,17.5476,245.0913,0.00,VEHICLE,0,0,
-771.5375,995.8838,17.3978,245.0904,0.00,VEHICLE,0,0,
-769.3643,994.8726,17.2067,245.0788,0.00,VEHICLE,0,0,
-766.9007,993.7394,16.9415,245.2261,0.00,VEHICLE,0,0,
-763.9591,992.5540,16.5745,247.8305,0.00,VEHICLE,0,0,
-761.5114,991.7747,16.2768,251.6161,0.00,VEHICLE,0,0,
-758.9345,991.1951,15.9774,256.4891,0.00,VEHICLE,0,0,
-756.2596,990.8646,15.6688,262.2322,0.00,VEHICLE,0,0,
-753.6442,990.7424,15.2559,267.1958,0.00,VEHICLE,0,0,
-751.2809,990.7634,14.7989,270.5172,0.00,VEHICLE,0,0,
-748.8239,990.8772,14.2745,274.3484,0.00,VEHICLE,0,0,
-746.0900,991.1776,13.7260,279.3486,0.00,VEHICLE,0,0,
-743.4607,991.6833,13.3625,283.3308,0.00,VEHICLE,0,0,
-740.9180,992.3138,13.1841,284.9844,0.00,VEHICLE,0,0,
-738.4339,993.1046,13.1477,286.7974,0.00,VEHICLE,0,0,
-736.1611,993.9962,13.1318,290.0954,0.00,VEHICLE,0,0,
-733.8130,995.0936,13.0793,294.0042,0.00,VEHICLE,0,0,
-731.6033,996.2451,12.8841,297.0979,0.00,VEHICLE,0,0,
-729.3528,997.5226,12.6213,299.6185,0.00,VEHICLE,0,0,
-727.0983,998.9294,12.3543,303.2267,0.00,VEHICLE,0,0,
-725.1182,1000.3977,12.2068,307.4357,0.00,VEHICLE,0,0,
-723.3738,1001.8986,12.1449,309.8506,0.00,VEHICLE,0,0,
-721.7111,1003.3609,12.1145,310.6105,0.00,VEHICLE,0,0,
-720.0690,1004.8131,12.1069,310.8159,0.00,VEHICLE,0,0,
-718.1342,1006.5176,12.1170,310.8725,0.00,VEHICLE,0,0,
-716.2726,1008.1476,12.1329,310.8984,0.00,VEHICLE,0,0,
-714.5682,1009.6389,12.1675,310.9551,0.00,VEHICLE,0,0,
-712.5091,1011.4374,12.2437,310.9630,0.00,VEHICLE,0,0,
-710.3863,1013.1912,12.3422,309.6747,0.00,VEHICLE,0,0,
-708.2609,1014.7745,12.4251,307.0846,0.00,VEHICLE,0,0,
-705.7711,1016.4717,12.4648,304.6381,0.00,VEHICLE,0,0,
-703.5948,1017.9045,12.4485,303.8319,0.00,VEHICLE,0,0,
-701.4318,1019.3052,12.4184,303.6318,0.00,VEHICLE,0,0,
-699.2438,1020.7264,12.3964,303.5893,0.00,VEHICLE,0,0,
-696.9957,1022.1992,12.3828,303.5744,0.00,VEHICLE,0,0,
-694.7083,1023.7115,12.3764,303.5623,0.00,VEHICLE,0,0,
-692.4141,1025.2383,12.3754,303.5499,0.00,VEHICLE,0,0,
-690.0323,1026.8282,12.3788,303.5402,0.00,VEHICLE,0,0,
-687.6954,1028.3870,12.3784,303.5343,0.00,VEHICLE,0,0,
-685.3223,1029.9653,12.3673,303.5309,0.00,VEHICLE,0,0,
-682.6226,1031.7543,12.3439,303.5297,0.00,VEHICLE,0,0,
-680.1647,1033.3793,12.3205,303.5289,0.00,VEHICLE,0,0,
-677.8965,1034.8777,12.2999,303.5283,0.00,VEHICLE,0,0,
-675.3909,1036.5265,12.2934,303.5043,0.00,VEHICLE,0,0,
-672.9802,1038.1064,12.3146,303.4605,0.00,VEHICLE,0,0,
-670.5351,1039.7041,12.3607,303.4434,0.00,VEHICLE,0,0,
-667.8762,1041.4508,12.4097,303.4391,0.00,VEHICLE,0,0,
-665.3948,1043.1056,12.4338,303.4470,0.00,VEHICLE,0,0,
-662.8185,1044.8501,12.4067,303.4862,0.00,VEHICLE,0,0,
-660.3400,1046.5402,12.3529,303.4896,0.00,VEHICLE,0,0,
-657.1062,1048.7240,12.2694,303.4938,0.00,VEHICLE,0,0,
-654.4343,1050.5067,12.2040,303.5096,0.00,VEHICLE,0,0,
-651.9405,1052.1543,12.1564,303.5217,0.00,VEHICLE,0,0,
-649.4440,1053.7875,12.1249,303.5375,0.00,VEHICLE,0,0,
-646.8608,1055.4679,12.1169,303.5538,0.00,VEHICLE,0,0,
-644.2157,1057.1895,12.1186,303.5659,0.00,VEHICLE,0,0,
-641.6395,1058.8773,12.1219,303.5714,0.00,VEHICLE,0,0,
-639.0875,1060.5624,12.1227,303.5697,0.00,VEHICLE,0,0,
-636.3637,1062.3728,12.1224,303.5633,0.00,VEHICLE,0,0,
-633.7562,1064.1121,12.1052,303.5552,0.00,VEHICLE,0,0,
-631.0117,1065.9388,12.0681,303.4971,0.00,VEHICLE,0,0,
-628.2872,1067.6685,12.0223,302.3637,0.00,VEHICLE,0,0,
-625.0263,1069.6683,11.9495,301.3970,0.00,VEHICLE,0,0,
-621.8799,1071.5707,11.8495,301.1874,0.00,VEHICLE,0,0,
-619.2964,1073.1268,11.7500,301.1531,0.00,VEHICLE,0,0,
-616.6023,1074.7516,11.6206,301.1474,0.00,VEHICLE,0,0,
-613.9119,1076.3765,11.4755,301.1306,0.00,VEHICLE,0,0,
-611.1697,1078.0295,11.3895,301.1223,0.00,VEHICLE,0,0,
-608.4523,1079.6631,11.3747,301.1173,0.00,VEHICLE,0,0,
-605.7823,1081.2410,11.3754,300.7618,0.00,VEHICLE,0,0,
-602.7932,1082.8889,11.3875,299.0238,0.00,VEHICLE,0,0,
-599.9192,1084.2655,11.4250,295.7248,0.00,VEHICLE,0,0,
-597.1234,1085.4086,11.4903,292.0776,0.00,VEHICLE,0,0,
-594.3721,1086.4498,11.5765,290.1489,0.00,VEHICLE,0,0,
-591.2236,1087.5818,11.6434,289.4205,0.00,VEHICLE,0,0,
-588.2338,1088.6125,11.6610,288.9504,0.00,VEHICLE,0,0,
-585.0842,1089.5769,11.6398,287.2693,0.00,VEHICLE,0,0,
-582.0858,1090.3706,11.5574,285.3511,0.00,VEHICLE,0,0,
-579.0989,1091.0863,11.3588,284.2487,0.00,VEHICLE,0,0,
-575.9914,1091.7815,11.1124,283.7635,0.00,VEHICLE,0,0,
-572.5850,1092.3905,11.0963,281.1060,0.00,VEHICLE,0,0,
-569.6648,1092.6572,11.2238,276.1354,0.00,VEHICLE,0,0,
-566.9325,1092.6837,11.3206,271.1408,0.00,VEHICLE,0,0,
-564.1146,1092.6268,11.3416,268.6685,0.00,VEHICLE,0,0,
-561.4392,1092.5475,11.2995,267.8799,0.00,VEHICLE,0,0,
-558.7670,1092.4326,11.2054,267.0721,0.00,VEHICLE,0,0,
-556.1295,1092.2272,11.1069,265.2251,0.00,VEHICLE,0,0,
-553.5223,1091.8721,11.0354,262.3080,0.00,VEHICLE,0,0,
-551.3776,1091.4109,11.0207,258.7748,0.00,VEHICLE,0,0,
-548.6752,1090.6788,11.0152,255.0651,0.00,VEHICLE,0,0,
-546.2432,1089.9440,11.0157,253.9390,0.00,VEHICLE,0,0,
-543.6514,1089.1367,11.0208,253.6993,0.00,VEHICLE,0,0,
-541.4255,1088.4519,11.0225,253.6532,0.00,VEHICLE,0,0,
-538.6379,1087.6124,11.0228,253.6325,0.00,VEHICLE,0,0,
-535.9828,1086.7975,11.0229,253.0725,0.00,VEHICLE,0,0,
-533.6965,1085.9692,11.0232,250.6106,0.00,VEHICLE,0,0,
-530.9324,1084.7367,11.0231,245.9969,0.00,VEHICLE,0,0,
-528.6107,1083.5626,11.0223,243.1685,0.00,VEHICLE,0,0,
-526.1310,1082.2516,11.0220,242.1530,0.00,VEHICLE,0,0,
-523.8007,1080.9923,11.0225,241.9250,0.00,VEHICLE,0,0,
-521.0230,1079.4819,11.0232,241.8702,0.00,VEHICLE,0,0,
-518.5309,1078.1304,11.0235,241.8631,0.00,VEHICLE,0,0,
-516.2621,1076.9064,11.0235,241.8600,0.00,VEHICLE,0,0,
-513.4763,1075.4120,11.0235,241.8543,0.00,VEHICLE,0,0,
-510.9237,1074.0493,11.0235,241.8492,0.00,VEHICLE,0,0,
-508.1933,1072.5946,11.0236,241.8444,0.00,VEHICLE,0,0,
-505.3924,1071.1023,11.0236,241.8412,0.00,VEHICLE,0,0,
-502.6603,1069.6443,11.0236,241.8405,0.00,VEHICLE,0,0,
-499.3875,1067.8944,11.0236,241.8417,0.00,VEHICLE,0,0,
-496.8034,1066.5106,11.0236,241.8430,0.00,VEHICLE,0,0,
-494.3893,1065.2169,11.0235,241.8443,0.00,VEHICLE,0,0,
-491.9625,1063.9163,11.0234,241.8454,0.00,VEHICLE,0,0,
-490.1077,1062.9222,11.0232,241.8459,0.00,VEHICLE,0,0,
-487.6006,1061.5792,11.0225,241.8464,0.00,VEHICLE,0,0,
-485.3188,1060.3577,11.0219,241.8464,0.00,VEHICLE,0,0,
-482.8507,1059.0369,11.0220,241.8458,0.00,VEHICLE,0,0,
-480.1558,1057.5950,11.0225,241.8452,0.00,VEHICLE,0,0,
-477.4868,1056.1106,11.0230,241.0099,0.00,VEHICLE,0,0,
-474.8011,1054.4160,11.0230,237.9085,0.00,VEHICLE,0,0,
-472.2534,1052.6869,11.0227,235.8290,0.00,VEHICLE,0,0,
-469.6833,1050.8971,11.0226,235.2148,0.00,VEHICLE,0,0,
-467.0809,1049.0670,11.0228,235.0660,0.00,VEHICLE,0,0,
-464.8384,1047.4858,11.0230,235.0344,0.00,VEHICLE,0,0,
-462.2236,1045.6434,11.0228,235.0262,0.00,VEHICLE,0,0,
-459.7605,1043.9126,11.0221,235.0261,0.00,VEHICLE,0,0,
-457.2876,1042.1805,11.0215,235.0252,0.00,VEHICLE,0,0,
-454.9092,1040.5187,11.0211,235.0228,0.00,VEHICLE,0,0,
-452.3665,1038.7765,11.0210,235.4556,0.00,VEHICLE,0,0,
-449.9225,1037.2244,11.0210,237.2863,0.00,VEHICLE,0,0,
-447.7536,1035.8743,11.0211,238.0540,0.00,VEHICLE,0,0,
-445.2310,1034.3214,11.0212,238.3183,0.00,VEHICLE,0,0,
-443.0161,1032.9628,11.0213,238.3688,0.00,VEHICLE,0,0,
-440.9577,1031.7002,11.0212,238.3810,0.00,VEHICLE,0,0,
-438.5820,1030.2416,11.0210,238.3845,0.00,VEHICLE,0,0,
-436.0159,1028.6642,11.0212,238.3858,0.00,VEHICLE,0,0,
-433.7809,1027.2880,11.0218,238.3872,0.00,VEHICLE,0,0,
-431.4712,1025.8650,11.0226,238.3886,0.00,VEHICLE,0,0,
-429.1292,1024.4220,11.0232,238.3896,0.00,VEHICLE,0,0,
-426.6720,1022.9105,11.0230,238.4212,0.00,VEHICLE,0,0,
-424.3100,1021.5302,11.0223,239.4869,0.00,VEHICLE,0,0,
-421.9872,1020.3685,11.0215,242.7428,0.00,VEHICLE,0,0,
-419.4290,1019.3831,11.0205,248.1198,0.00,VEHICLE,0,0,
-417.3237,1018.7994,11.0196,253.0499,0.00,VEHICLE,0,0,
-415.0306,1018.2513,11.0194,256.7202,0.00,VEHICLE,0,0,
-412.3208,1017.7184,11.0205,258.7278,0.00,VEHICLE,0,0,
-409.7148,1017.4239,11.0209,262.2457,0.00,VEHICLE,0,0,
-407.3692,1017.3690,11.0151,266.9267,0.00,VEHICLE,0,0,
-405.2139,1017.5225,10.9975,272.0139,0.00,VEHICLE,0,0,
-403.0639,1017.8754,11.0019,277.5581,0.00,VEHICLE,0,0,
-400.3850,1018.6003,11.0601,285.1459,0.00,VEHICLE,0,0,
-398.2374,1019.4669,11.1585,291.0121,0.00,VEHICLE,0,0,
-396.3109,1020.5454,11.4439,296.9312,0.00,VEHICLE,0,0,
-394.5284,1021.6948,11.6924,301.7493,0.00,VEHICLE,0,0,
-392.2275,1023.2999,12.2325,303.9315,0.00,VEHICLE,0,0,
-390.6372,1024.4158,12.7179,304.3877,0.00,VEHICLE,0,0,
-388.9355,1025.5667,13.1890,304.4362,0.00,VEHICLE,0,0,
-387.0789,1026.7723,13.6207,303.9542,0.00,VEHICLE,0,0,
-385.3335,1027.8436,13.9430,303.8995,0.00,VEHICLE,0,0,
-383.4923,1028.9890,14.3162,303.8416,0.00,VEHICLE,0,0,
-381.8240,1030.0741,14.7120,303.8184,0.00,VEHICLE,0,0,
-380.1964,1031.2657,15.1750,305.1379,0.00,VEHICLE,0,0,
-378.6451,1032.5844,15.6872,308.0643,0.00,VEHICLE,0,0,
-376.7488,1034.5404,16.4048,313.6338,0.00,VEHICLE,0,0,
-375.4789,1036.1437,16.8753,318.2811,0.00,VEHICLE,0,0,
-374.3855,1037.7736,17.2615,322.8734,0.00,VEHICLE,0,0,
-373.1219,1039.8923,17.6751,327.3251,0.00,VEHICLE,0,0,
-371.7038,1042.2549,18.1290,328.4626,0.00,VEHICLE,0,0,
-370.3647,1044.6572,18.5778,330.3867,0.00,VEHICLE,0,0,
-369.4397,1046.8491,18.9269,335.7064,0.00,VEHICLE,0,0,
-368.8271,1048.7808,19.1668,340.8051,0.00,VEHICLE,0,0,
-368.0749,1051.3660,19.3200,343.1660,0.00,VEHICLE,0,0,
-367.3583,1053.9207,19.3554,344.2031,0.00,VEHICLE,0,0,
-366.9141,1056.2072,19.3155,348.1358,0.00,VEHICLE,0,0,
-366.7219,1058.6030,19.2769,353.8519,0.00,VEHICLE,0,0,
-366.7561,1061.3960,19.2182,359.4549,0.00,VEHICLE,0,0,
-366.8117,1063.6852,19.1679,0.3889,0.00,VEHICLE,0,0,
-366.8915,1066.1426,19.1314,0.9315,0.00,VEHICLE,0,0,
-367.1397,1068.8394,19.1627,4.3093,0.00,VEHICLE,0,0,
-367.3772,1071.4961,19.2616,4.9784,0.00,VEHICLE,0,0,
-367.5891,1074.0629,19.3299,4.9434,0.00,VEHICLE,0,0,
-367.6567,1076.6053,19.3920,2.3365,0.00,VEHICLE,0,0,
-367.4345,1078.9292,19.4884,356.6761,0.00,VEHICLE,0,0,
-367.1725,1081.0925,19.6241,354.2869,0.00,VEHICLE,0,0,
-366.8825,1083.4960,19.7143,353.8890,0.00,VEHICLE,0,0,
-366.5882,1085.9894,19.7479,353.7888,0.00,VEHICLE,0,0,
-366.3117,1088.3875,19.7357,353.7913,0.00,VEHICLE,0,0,
-366.0272,1091.0044,19.7320,353.7835,0.00,VEHICLE,0,0,
-365.7308,1093.4805,19.7322,353.1533,0.00,VEHICLE,0,0,
-365.2225,1096.0171,19.7308,349.3295,0.00,VEHICLE,0,0,
-364.6951,1098.3824,19.7297,347.8663,0.00,VEHICLE,0,0,
-364.0414,1100.6290,19.7308,345.0527,0.00,VEHICLE,0,0,
-363.0784,1102.5640,19.7304,336.9755,0.00,VEHICLE,0,0,
-361.4439,1104.3800,19.7291,322.5453,0.00,VEHICLE,0,0,
-359.5288,1105.4775,19.7289,306.7314,0.00,VEHICLE,0,0,
-357.2369,1106.0835,19.7317,290.9355,0.00,VEHICLE,0,0,
-354.6667,1106.1167,19.7212,275.6354,0.00,VEHICLE,0,0,
-352.1220,1105.4771,19.6568,260.4136,0.00,VEHICLE,0,0,
-349.7817,1104.1355,19.6022,243.9635,0.00,VEHICLE,0,0,
-348.3651,1102.6595,19.5847,229.9811,0.00,VEHICLE,0,0,
-347.2153,1100.3293,19.5928,211.0903,0.00,VEHICLE,0,0,
-346.8198,1097.8831,19.6380,193.5409,0.00,VEHICLE,0,0,
-347.1838,1095.5648,19.6794,176.1931,0.00,VEHICLE,0,0,
-348.3131,1093.4242,19.7299,158.3419,0.00,VEHICLE,0,0,
-349.6664,1091.8977,19.7289,145.0926,0.00,VEHICLE,0,0,
-351.1615,1090.2299,19.7328,138.4798,0.00,VEHICLE,0,0,
-352.7231,1088.5524,19.7337,136.8711,0.00,VEHICLE,0,0,
-354.2647,1086.9064,19.7328,136.7938,0.00,VEHICLE,0,0,
-355.8929,1085.0713,19.7329,137.8376,0.00,VEHICLE,0,0,
-357.3018,1083.1577,19.7347,142.1323,0.00,VEHICLE,0,0,
-358.7445,1081.1010,19.7353,144.2755,0.00,VEHICLE,0,0,
-359.8997,1079.4602,19.7352,144.5732,0.00,VEHICLE,0,0,
-361.3083,1077.2859,19.6812,146.5391,0.00,VEHICLE,0,0,
-362.5334,1075.0453,19.6064,150.4885,0.00,VEHICLE,0,0,
-363.6717,1072.7108,19.5095,153.8572,0.00,VEHICLE,0,0,
-364.7989,1070.3474,19.4005,154.5706,0.00,VEHICLE,0,0,
-365.9375,1067.9395,19.2474,154.7300,0.00,VEHICLE,0,0,
-367.2377,1065.2251,19.1058,154.5235,0.00,VEHICLE,0,0,
-368.3419,1062.9388,19.0517,154.4454,0.00,VEHICLE,0,0,
-369.4091,1060.7306,19.0229,154.4476,0.00,VEHICLE,0,0,
-370.5189,1058.2462,18.9894,155.8427,0.00,VEHICLE,0,0,
-371.4129,1055.9393,18.9575,158.2000,0.00,VEHICLE,0,0,
-372.3632,1053.5066,18.7729,159.0175,0.00,VEHICLE,0,0,
-373.1956,1051.3837,18.5173,159.4441,0.00,VEHICLE,0,0,
-374.1927,1049.0219,18.1105,158.5834,0.00,VEHICLE,0,0,
-375.4233,1046.7469,17.6847,153.3862,0.00,VEHICLE,0,0,
-376.8553,1044.4821,17.2247,148.7659,0.00,VEHICLE,0,0,
-378.2795,1042.2360,16.7673,147.9689,0.00,VEHICLE,0,0,
-379.9174,1039.6616,16.2266,147.9000,0.00,VEHICLE,0,0,
-381.4875,1037.2289,15.6431,148.1879,0.00,VEHICLE,0,0,
-383.0280,1034.9429,15.0995,147.5260,0.00,VEHICLE,0,0,
-384.2237,1033.3544,14.6887,145.0738,0.00,VEHICLE,0,0,
-386.0097,1031.2974,14.1714,140.7805,0.00,VEHICLE,0,0,
-387.7987,1029.2172,13.6351,139.6073,0.00,VEHICLE,0,0,
-389.0808,1027.7119,13.2508,139.4176,0.00,VEHICLE,0,0,
-390.5325,1026.0040,12.8171,139.3247,0.00,VEHICLE,0,0,
-392.5350,1023.7824,12.2276,137.8189,0.00,VEHICLE,0,0,
-394.6919,1021.8400,11.6264,132.9752,0.00,VEHICLE,0,0,
-396.3193,1020.6638,11.3771,127.5054,0.00,VEHICLE,0,0,
-398.8384,1019.2384,11.1068,118.2264,0.00,VEHICLE,0,0,
-401.4338,1018.3097,11.0305,109.3998,0.00,VEHICLE,0,0,
-404.2566,1017.9355,11.0005,98.1270,0.00,VEHICLE,0,0,
-406.6798,1018.1862,11.0037,87.4367,0.00,VEHICLE,0,0,
-409.5018,1018.6295,11.0213,83.0921,0.00,VEHICLE,0,0,
-412.0350,1019.0171,11.0235,82.7452,0.00,VEHICLE,0,0,
-414.3686,1019.3878,11.0230,81.6864,0.00,VEHICLE,0,0,
-416.3176,1019.8613,11.0236,77.8512,0.00,VEHICLE,0,0,
-418.9063,1020.8271,11.0230,70.3377,0.00,VEHICLE,0,0,
-420.8660,1021.8734,11.0213,63.7479,0.00,VEHICLE,0,0,
-422.7845,1022.9667,11.0215,60.5635,0.00,VEHICLE,0,0,
-424.5099,1023.9966,11.0227,59.8871,0.00,VEHICLE,0,0,
-426.3130,1025.0786,11.0236,59.7602,0.00,VEHICLE,0,0,
-428.1793,1026.1906,11.0240,59.7308,0.00,VEHICLE,0,0,
-430.0425,1027.2892,11.0240,59.7195,0.00,VEHICLE,0,0,
-432.1368,1028.5128,11.0241,59.7102,0.00,VEHICLE,0,0,
-434.0869,1029.6459,11.0242,59.7037,0.00,VEHICLE,0,0,
-436.2630,1030.9082,11.0242,59.6988,0.00,VEHICLE,0,0,
-438.6287,1032.2831,11.0242,59.6969,0.00,VEHICLE,0,0,
-440.5428,1033.3984,11.0240,59.6970,0.00,VEHICLE,0,0,
-442.6233,1034.6139,11.0238,59.6984,0.00,VEHICLE,0,0,
-445.1904,1036.1162,11.0236,59.7009,0.00,VEHICLE,0,0,
-447.3350,1037.3722,11.0236,59.7023,0.00,VEHICLE,0,0,
-449.4865,1038.6312,11.0236,59.7031,0.00,VEHICLE,0,0,
-452.1260,1040.1747,11.0236,59.7030,0.00,VEHICLE,0,0,
-454.5113,1041.5674,11.0236,59.7146,0.00,VEHICLE,0,0,
-456.8676,1042.8649,11.0236,60.8703,0.00,VEHICLE,0,0,
-459.6828,1044.2797,11.0234,63.1885,0.00,VEHICLE,0,0,
-462.3033,1045.5685,11.0233,63.7673,0.00,VEHICLE,0,0,
-464.6570,1046.7168,11.0233,63.8799,0.00,VEHICLE,0,0,
-467.4482,1048.0757,11.0234,63.9101,0.00,VEHICLE,0,0,
-470.2642,1049.4475,11.0235,63.9156,0.00,VEHICLE,0,0,
-472.8079,1050.6935,11.0236,63.8652,0.00,VEHICLE,0,0,
-475.3304,1052.0314,11.0235,62.3199,0.00,VEHICLE,0,0,
-477.9738,1053.5006,11.0233,60.9333,0.00,VEHICLE,0,0,
-480.6003,1054.9856,11.0233,60.5743,0.00,VEHICLE,0,0,
-483.1778,1056.4512,11.0236,60.4986,0.00,VEHICLE,0,0,
-485.8317,1057.9618,11.0243,60.4801,0.00,VEHICLE,0,0,
-488.6334,1059.5548,11.0245,60.4761,0.00,VEHICLE,0,0,
-491.2622,1061.0468,11.0241,60.4746,0.00,VEHICLE,0,0,
-494.0107,1062.6034,11.0238,60.4729,0.00,VEHICLE,0,0,
-496.9537,1064.2687,11.0236,60.4710,0.00,VEHICLE,0,0,
-500.2389,1066.1267,11.0235,60.4696,0.00,VEHICLE,0,0,
-503.1600,1067.7795,11.0234,60.4690,0.00,VEHICLE,0,0,
-505.7549,1069.2489,11.0227,60.4689,0.00,VEHICLE,0,0,
-508.4220,1070.7599,11.0225,60.4693,0.00,VEHICLE,0,0,
-510.9329,1072.1827,11.0228,60.4698,0.00,VEHICLE,0,0,
-514.2557,1074.0656,11.0231,60.4703,0.00,VEHICLE,0,0,
-517.0807,1075.6660,11.0233,60.4704,0.00,VEHICLE,0,0,
-520.0714,1077.3602,11.0233,60.4704,0.00,VEHICLE,0,0,
-523.4602,1079.2798,11.0234,60.4702,0.00,VEHICLE,0,0,
-526.3967,1080.9430,11.0234,60.4701,0.00,VEHICLE,0,0,
-529.2400,1082.5533,11.0234,60.4699,0.00,VEHICLE,0,0,
-530.9985,1083.5494,11.0234,60.4699,0.00,VEHICLE,0,0,
-533.8920,1085.1884,11.0234,60.4699,0.00,VEHICLE,0,0,
-536.9978,1086.9475,11.0234,60.4699,0.00,VEHICLE,0,0,
-539.9638,1088.6276,11.0232,60.4700,0.00,VEHICLE,0,0,
-542.7574,1090.2098,11.0225,60.4700,0.00,VEHICLE,0,0,
-545.0364,1091.4979,11.0220,60.5040,0.00,VEHICLE,0,0,
-547.9803,1093.1053,11.0211,61.3203,0.00,VEHICLE,0,0,
-550.6914,1094.4520,11.0187,63.4113,0.00,VEHICLE,0,0,
-553.4656,1095.6901,11.0149,65.8205,0.00,VEHICLE,0,0,
-556.1243,1096.8304,11.0115,66.6966,0.00,VEHICLE,0,0,
-558.8443,1097.9661,11.0085,67.1201,0.00,VEHICLE,0,0,
-561.6490,1098.9911,11.0145,69.4168,0.00,VEHICLE,0,0,
-564.0286,1099.6880,11.0324,72.7622,0.00,VEHICLE,0,0,
-566.7285,1100.2588,11.0744,77.4039,0.00,VEHICLE,0,0,
-569.8724,1100.6647,11.2093,83.0078,0.00,VEHICLE,0,0,
-572.6686,1100.8055,11.4232,87.7929,0.00,VEHICLE,0,0,
-575.1531,1100.7933,11.5632,91.2466,0.00,VEHICLE,0,0,
-578.0466,1100.6951,11.5353,94.5639,0.00,VEHICLE,0,0,
-580.8176,1100.5798,11.3508,97.7405,0.00,VEHICLE,0,0,
-583.4407,1100.3828,11.1930,101.2439,0.00,VEHICLE,0,0,
-585.8481,1100.0334,11.1404,105.3085,0.00,VEHICLE,0,0,
-588.1234,1099.4150,11.1765,108.7348,0.00,VEHICLE,0,0,
-590.5135,1098.3910,11.2517,112.1038,0.00,VEHICLE,0,0,
-593.3615,1096.7157,11.3454,118.6916,0.00,VEHICLE,0,0,
-595.2366,1095.3024,11.4075,124.6795,0.00,VEHICLE,0,0,
-597.1904,1093.7175,11.4718,128.3407,0.00,VEHICLE,0,0,
-599.4983,1091.8151,11.5000,129.3943,0.00,VEHICLE,0,0,
-601.4359,1090.2092,11.4897,129.5589,0.00,VEHICLE,0,0,
-603.3823,1088.5967,11.4510,129.5915,0.00,VEHICLE,0,0,
-605.4690,1086.8713,11.4111,129.5963,0.00,VEHICLE,0,0,
-607.3312,1085.3323,11.3814,129.6273,0.00,VEHICLE,0,0,
-609.1526,1083.8669,11.3741,129.1277,0.00,VEHICLE,0,0,
-611.3934,1082.2545,11.3888,126.1565,0.00,VEHICLE,0,0,
-613.6992,1080.7260,11.4281,123.4477,0.00,VEHICLE,0,0,
-616.4106,1078.9590,11.5185,122.6444,0.00,VEHICLE,0,0,
-618.8023,1077.4146,11.6523,122.6086,0.00,VEHICLE,0,0,
-621.1879,1075.8840,11.8110,122.5700,0.00,VEHICLE,0,0,
-623.5645,1074.3951,11.9366,122.1453,0.00,VEHICLE,0,0,
-626.0818,1072.9458,12.0326,120.3074,0.00,VEHICLE,0,0,
-628.4573,1071.7161,12.1049,117.8656,0.00,VEHICLE,0,0,
-631.0061,1070.4640,12.1678,116.3130,0.00,VEHICLE,0,0,
-633.7463,1069.1427,12.2087,115.9119,0.00,VEHICLE,0,0,
-636.4020,1067.8699,12.2422,115.8304,0.00,VEHICLE,0,0,
-639.1335,1066.5605,12.2563,115.7962,0.00,VEHICLE,0,0,
-641.9694,1065.1967,12.2552,115.7925,0.00,VEHICLE,0,0,
-645.0106,1063.7273,12.2495,115.8040,0.00,VEHICLE,0,0,
-647.7592,1062.3961,12.2332,115.7947,0.00,VEHICLE,0,0,
-650.5509,1061.0428,12.2041,115.7871,0.00,VEHICLE,0,0,
-653.3008,1059.7107,12.1710,115.7894,0.00,VEHICLE,0,0,
-656.0399,1058.3925,12.1451,115.7859,0.00,VEHICLE,0,0,
-659.1728,1056.8988,12.1259,115.8054,0.00,VEHICLE,0,0,
-662.0920,1055.5122,12.1198,115.8116,0.00,VEHICLE,0,0,
-665.0169,1054.1168,12.1225,115.8160,0.00,VEHICLE,0,0,
-667.9867,1052.6891,12.1242,115.8144,0.00,VEHICLE,0,0,
-670.9468,1051.2566,12.1247,115.8092,0.00,VEHICLE,0,0,
-673.9988,1049.7740,12.1248,115.8031,0.00,VEHICLE,0,0,
-676.8328,1048.3954,12.1265,115.8160,0.00,VEHICLE,0,0,
-679.3850,1047.0951,12.1334,116.7831,0.00,VEHICLE,0,0,
-682.1323,1045.5219,12.1491,119.8083,0.00,VEHICLE,0,0,
-685.2498,1043.4275,12.1854,124.5094,0.00,VEHICLE,0,0,
-687.9478,1041.2632,12.2394,129.1685,0.00,VEHICLE,0,0,
-690.0718,1039.2853,12.2835,133.0836,0.00,VEHICLE,0,0,
-692.1473,1037.2085,12.3204,135.2616,0.00,VEHICLE,0,0,
-694.5509,1034.7000,12.3631,136.0217,0.00,VEHICLE,0,0,
-696.6036,1032.5194,12.4016,136.2549,0.00,VEHICLE,0,0,
-698.6918,1030.1593,12.4310,138.0291,0.00,VEHICLE,0,0,
-700.5560,1027.8579,12.4393,140.6097,0.00,VEHICLE,0,0,
-702.3565,1025.4717,12.4354,142.7625,0.00,VEHICLE,0,0,
-704.0815,1023.1354,12.4341,143.4185,0.00,VEHICLE,0,0,
-705.9477,1020.5950,12.4245,143.5904,0.00,VEHICLE,0,0,
-707.7997,1018.0811,12.3961,143.5907,0.00,VEHICLE,0,0,
-709.5929,1015.6591,12.3552,143.5810,0.00,VEHICLE,0,0,
-711.4963,1013.1664,12.2956,142.8014,0.00,VEHICLE,0,0,
-713.6808,1010.5777,12.2091,139.9723,0.00,VEHICLE,0,0,
-715.7534,1008.4464,12.1412,136.0398,0.00,VEHICLE,0,0,
-717.9649,1006.5728,12.1109,130.6316,0.00,VEHICLE,0,0,
-720.1827,1005.0875,12.1124,124.5936,0.00,VEHICLE,0,0,
-722.8788,1003.7242,12.1475,116.8837,0.00,VEHICLE,0,0,
-725.1284,1002.8992,12.2231,110.7049,0.00,VEHICLE,0,0,
-727.6443,1002.2880,12.3548,104.4412,0.00,VEHICLE,0,0,
-730.0021,1001.9827,12.6536,98.5871,0.00,VEHICLE,0,0,
-732.3145,1001.9708,13.1227,91.7314,0.00,VEHICLE,0,0,
-734.5217,1002.2379,13.7212,84.8065,0.00,VEHICLE,0,0,
-736.7898,1002.6840,14.2729,79.9792,0.00,VEHICLE,0,0,
-738.9483,1003.1522,14.5372,76.2288,0.00,VEHICLE,0,0,
-741.1201,1003.6346,14.6535,72.5898,0.00,VEHICLE,0,0,
-743.2684,1004.2300,14.8656,67.7204,0.00,VEHICLE,0,0,
-745.2334,1004.9453,15.2404,63.4753,0.00,VEHICLE,0,0,
-747.1967,1005.6972,15.6529,63.6842,0.00,VEHICLE,0,0,
-749.3333,1006.4537,16.1463,68.1648,0.00,VEHICLE,0,0,
-751.9869,1007.0585,16.7482,76.0111,0.00,VEHICLE,0,0,
-753.9650,1007.2896,17.0909,80.8752,0.00,VEHICLE,0,0,
-756.9105,1007.4780,17.3244,84.6674,0.00,VEHICLE,0,0,
-758.9435,1007.5850,17.3319,86.2807,0.00,VEHICLE,0,0,
-760.9578,1007.6342,17.3779,87.1893,0.00,VEHICLE,0,0,
-762.9765,1007.6844,17.4759,87.2913,0.00,VEHICLE,0,0,
-765.6899,1007.7914,17.6281,87.6790,0.00,VEHICLE,0,0,
-768.0659,1007.7988,17.7248,90.2315,0.00,VEHICLE,0,0,
-771.1185,1007.6440,17.7966,94.6193,0.00,VEHICLE,0,0,
-773.3199,1007.4799,17.8735,95.4516,0.00,VEHICLE,0,0,
-775.5870,1007.2674,17.9549,95.6182,0.00,VEHICLE,0,0,
-777.6578,1007.0474,18.0274,95.6452,0.00,VEHICLE,0,0,
-779.8173,1006.8067,18.1039,95.6484,0.00,VEHICLE,0,0,
-781.9908,1006.5681,18.2037,95.6833,0.00,VEHICLE,0,0,
-784.1757,1006.3402,18.3390,95.7826,0.00,VEHICLE,0,0,
-786.4681,1006.1151,18.5224,95.8200,0.00,VEHICLE,0,0,
-788.9165,1005.8856,18.7354,95.8331,0.00,VEHICLE,0,0,
-791.4189,1005.6508,18.9598,95.8350,0.00,VEHICLE,0,0,
-793.6796,1005.4307,19.1774,95.8551,0.00,VEHICLE,0,0,
-796.0326,1005.1930,19.4128,95.8619,0.00,VEHICLE,0,0,
-798.6100,1004.9269,19.6789,95.8503,0.00,VEHICLE,0,0,
-800.9036,1004.6886,19.9343,95.8475,0.00,VEHICLE,0,0,
-803.2358,1004.4479,20.2167,95.8658,0.00,VEHICLE,0,0,
-805.5627,1004.2089,20.5278,95.8704,0.00,VEHICLE,0,0,
-807.9020,1003.9688,20.8410,95.8717,0.00,VEHICLE,0,0,
-810.4205,1003.7112,21.1563,95.8675,0.00,VEHICLE,0,0,
-813.0201,1003.4456,21.4671,95.8642,0.00,VEHICLE,0,0,
-815.4414,1003.1976,21.7577,95.8662,0.00,VEHICLE,0,0,
-817.7203,1002.9639,22.0741,95.8841,0.00,VEHICLE,0,0,
-819.8886,1002.7415,22.3967,95.8912,0.00,VEHICLE,0,0,
-822.1428,1002.5311,22.7555,95.5436,0.00,VEHICLE,0,0,
-824.4062,1002.4660,23.1138,92.7037,0.00,VEHICLE,0,0,
-826.5824,1002.5954,23.4740,88.1420,0.00,VEHICLE,0,0,
-828.7839,1002.8289,23.8442,84.6318,0.00,VEHICLE,0,0,
-830.9873,1003.0854,24.1473,83.6106,0.00,VEHICLE,0,0,
-833.2886,1003.3672,24.3250,83.3901,0.00,VEHICLE,0,0,
-835.7733,1003.6766,24.4044,83.2859,0.00,VEHICLE,0,0,
-838.1961,1003.9779,24.4747,83.2230,0.00,VEHICLE,0,0,
-840.4561,1004.2491,24.5104,83.2180,0.00,VEHICLE,0,0,
-842.8071,1004.5297,24.5512,83.1447,0.00,VEHICLE,0,0,
-845.3915,1004.9572,24.5709,80.9506,0.00,VEHICLE,0,0,
-847.8457,1005.5516,24.6172,77.0597,0.00,VEHICLE,0,0,
-850.1779,1006.1866,24.6655,75.0270,0.00,VEHICLE,0,0,
-852.6845,1006.8952,24.7177,74.4579,0.00,VEHICLE,0,0,
-855.1061,1007.5985,24.8196,74.2957,0.00,VEHICLE,0,0,
-857.4584,1008.2808,24.9416,74.2466,0.00,VEHICLE,0,0,
-859.5995,1008.9025,25.0012,74.3436,0.00,VEHICLE,0,0,
-862.2476,1009.6519,24.8556,74.3817,0.00,VEHICLE,0,0,
-864.7794,1010.3655,24.3991,74.5070,0.00,VEHICLE,0,0,
-867.4772,1011.1057,23.6926,74.9355,0.00,VEHICLE,0,0,
-870.1138,1011.7518,23.0376,76.1716,0.00,VEHICLE,0,0,
-872.9113,1012.3373,22.6111,76.9908,0.00,VEHICLE,0,0,
-875.7131,1012.9225,22.3409,77.1294,0.00,VEHICLE,0,0,
-878.3506,1013.5568,22.1208,76.2390,0.00,VEHICLE,0,0,
-880.7609,1014.2584,21.9075,74.4145,0.00,VEHICLE,0,0,
-883.2776,1015.1214,21.6701,71.9015,0.00,VEHICLE,0,0,
-885.9122,1016.1843,21.4154,68.9066,0.00,VEHICLE,0,0,
-888.6884,1017.5093,21.2071,65.1895,0.00,VEHICLE,0,0,
-891.5462,1019.1469,21.0626,60.5750,0.00,VEHICLE,0,0,
-894.1678,1020.9316,20.9543,56.0710,0.00,VEHICLE,0,0,
-896.5371,1022.8026,20.8634,51.9196,0.00,VEHICLE,0,0,
-898.4966,1024.4717,20.8012,49.5345,0.00,VEHICLE,0,0,
-900.5293,1026.2540,20.7423,48.5761,0.00,VEHICLE,0,0,
-902.6316,1028.1383,20.7210,48.2807,0.00,VEHICLE,0,0,
-904.5991,1029.9496,20.7970,48.3383,0.00,VEHICLE,0,0,
-906.5604,1031.7759,21.0150,48.3196,0.00,VEHICLE,0,0,
-908.6453,1033.7017,21.3263,48.3056,0.00,VEHICLE,0,0,
-910.8295,1035.6814,21.6264,48.3443,0.00,VEHICLE,0,0,
-913.3123,1037.8909,21.9315,48.3179,0.00,VEHICLE,0,0,
-915.5980,1039.9015,22.2488,48.3036,0.00,VEHICLE,0,0,
-917.9153,1041.9342,22.6136,48.2928,0.00,VEHICLE,0,0,
-920.2656,1043.9963,22.9649,48.2620,0.00,VEHICLE,0,0,
-922.6767,1046.1187,23.1478,48.1298,0.00,VEHICLE,0,0,
-924.8796,1048.0576,23.1612,47.9738,0.00,VEHICLE,0,0,
-926.6530,1049.7058,23.2228,47.2214,0.00,VEHICLE,0,0,
-928.9435,1052.1155,23.4240,44.0715,0.00,VEHICLE,0,0,
-930.8458,1054.5276,23.6740,39.3371,0.00,VEHICLE,0,0,
-932.5435,1057.0730,23.9166,34.4940,0.00,VEHICLE,0,0,
-934.1677,1059.6772,24.1484,32.2860,0.00,VEHICLE,0,0,
-935.7202,1062.2400,24.3698,31.7860,0.00,VEHICLE,0,0,
-937.2896,1064.8243,24.5920,31.6613,0.00,VEHICLE,0,0,
-938.9044,1067.4653,24.8195,31.6186,0.00,VEHICLE,0,0,
-940.5165,1070.0856,25.0459,31.5961,0.00,VEHICLE,0,0,
-942.0566,1072.5728,25.2514,31.5908,0.00,VEHICLE,0,0,
-943.6814,1075.1842,25.4468,31.6053,0.00,VEHICLE,0,0,
-945.2748,1077.7424,25.6219,31.6002,0.00,VEHICLE,0,0,
-946.8812,1080.3309,25.8301,31.5309,0.00,VEHICLE,0,0,
-948.4805,1082.9043,26.0731,31.4782,0.00,VEHICLE,0,0,
-950.0100,1085.3708,26.2975,31.5312,0.00,VEHICLE,0,0,
-951.5732,1087.9199,26.5470,31.5788,0.00,VEHICLE,0,0,
-953.4287,1090.9961,26.9302,31.5342,0.00,VEHICLE,0,0,
-954.9952,1093.5874,27.2729,31.5706,0.00,VEHICLE,0,0,
-956.4554,1095.9791,27.5578,31.5919,0.00,VEHICLE,0,0,
-957.9503,1098.4089,27.8276,31.5841,0.00,VEHICLE,0,0,
-959.4458,1100.8345,28.0928,31.5670,0.00,VEHICLE,0,0,
-960.8865,1103.1755,28.3470,31.5650,0.00,VEHICLE,0,0,
-962.2867,1105.4587,28.5924,31.5615,0.00,VEHICLE,0,0,
-963.7105,1107.7875,28.8383,31.5541,0.00,VEHICLE,0,0,
-965.2195,1110.2570,29.0593,31.5816,0.00,VEHICLE,0,0,
-966.6727,1112.6322,29.2418,31.6036,0.00,VEHICLE,0,0,
-968.0517,1114.8809,29.3973,31.5989,0.00,VEHICLE,0,0,
-969.4752,1117.1979,29.5612,31.5910,0.00,VEHICLE,0,0,
-970.9467,1119.5902,29.7344,31.5832,0.00,VEHICLE,0,0,
-972.3218,1121.8229,29.8986,31.5881,0.00,VEHICLE,0,0,
-973.7109,1124.0737,30.0650,31.5931,0.00,VEHICLE,0,0,
-975.1431,1126.3898,30.2371,31.5844,0.00,VEHICLE,0,0,
-976.5700,1128.6937,30.3782,31.5871,0.00,VEHICLE,0,0,
-978.0485,1131.0808,30.4983,31.5928,0.00,VEHICLE,0,0,
-979.6684,1133.7009,30.6112,31.5897,0.00,VEHICLE,0,0,
-981.3106,1136.3646,30.7302,31.5876,0.00,VEHICLE,0,0,
-982.9352,1139.0060,30.8509,31.5873,0.00,VEHICLE,0,0,
-984.5782,1141.6788,30.9757,31.5925,0.00,VEHICLE,0,0,
-986.1975,1144.3126,31.0993,31.5963,0.00,VEHICLE,0,0,
-987.7954,1146.9110,31.2200,31.5953,0.00,VEHICLE,0,0,
-989.2164,1149.2219,31.3265,31.5952,0.00,VEHICLE,0,0,
-990.7031,1151.6393,31.4376,31.5950,0.00,VEHICLE,0,0,
-992.2443,1154.1479,31.5772,31.5956,0.00,VEHICLE,0,0,
-993.8507,1156.7634,31.7577,31.5899,0.00,VEHICLE,0,0,
-995.4838,1159.4216,31.9655,31.5883,0.00,VEHICLE,0,0,
-997.0991,1162.0535,32.1737,31.5834,0.00,VEHICLE,0,0,
-998.7920,1164.8175,32.4495,31.5464,0.00,VEHICLE,0,0,
-1000.3184,1167.2440,32.7409,32.1647,0.00,VEHICLE,0,0,
-1002.0488,1169.7211,33.0626,34.8326,0.00,VEHICLE,0,0,
-1003.9260,1172.0302,33.4199,38.9570,0.00,VEHICLE,0,0,
-1005.9045,1174.0750,33.7954,43.7521,0.00,VEHICLE,0,0,
-1007.9571,1175.8662,34.1457,48.6141,0.00,VEHICLE,0,0,
-1010.3641,1177.6155,34.5098,54.1521,0.00,VEHICLE,0,0,
-1012.7215,1179.0092,34.8351,59.2483,0.00,VEHICLE,0,0,
-1015.2250,1180.1893,35.1529,64.4410,0.00,VEHICLE,0,0,
-1017.8284,1181.1251,35.4666,69.7861,0.00,VEHICLE,0,0,
-1020.1819,1181.7296,35.7377,74.5883,0.00,VEHICLE,0,0,
-1022.5731,1182.1221,36.0028,79.5367,0.00,VEHICLE,0,0,
-1025.2091,1182.3826,36.2851,83.9176,0.00,VEHICLE,0,0,
-1027.7552,1182.5674,36.5524,85.5416,0.00,VEHICLE,0,0,
-1030.4246,1182.7352,36.8294,85.9429,0.00,VEHICLE,0,0,
-1032.8456,1182.8915,37.0867,86.0305,0.00,VEHICLE,0,0,
-1035.4125,1183.0255,37.3652,86.7179,0.00,VEHICLE,0,0,
-1037.9813,1183.0219,37.6494,89.5370,0.00,VEHICLE,0,0,
-1040.6476,1182.8306,37.9340,93.6295,0.00,VEHICLE,0,0,
-1043.2554,1182.4260,38.2021,98.2867,0.00,VEHICLE,0,0,
-1045.7076,1181.8392,38.4132,102.9568,0.00,VEHICLE,0,0,
-1048.0723,1181.0680,38.5988,107.6067,0.00,VEHICLE,0,0,
-1050.2332,1180.1553,38.7474,112.1026,0.00,VEHICLE,0,0,
-1052.4948,1179.0896,38.8882,115.0444,0.00,VEHICLE,0,0,
-1054.6627,1178.0092,38.9491,116.0441,0.00,VEHICLE,0,0,
-1056.8893,1176.8839,38.9521,116.2774,0.00,VEHICLE,0,0,
-1059.0171,1175.8088,38.9054,116.3530,0.00,VEHICLE,0,0,
-1061.1703,1174.7267,38.8490,116.3691,0.00,VEHICLE,0,0,
-1063.3888,1173.6189,38.7819,116.3749,0.00,VEHICLE,0,0,
-1065.6086,1172.5146,38.7015,116.3797,0.00,VEHICLE,0,0,
-1067.9391,1171.3564,38.6337,116.4064,0.00,VEHICLE,0,0,
-1070.2202,1170.2230,38.6094,116.4238,0.00,VEHICLE,0,0,
-1072.5348,1169.0532,38.6426,116.8155,0.00,VEHICLE,0,0,
-1074.9111,1167.8344,38.6858,117.0435,0.00,VEHICLE,0,0,
-1077.2417,1166.6481,38.6908,116.4378,0.00,VEHICLE,0,0,
-1079.7299,1165.4091,38.6541,116.5138,0.00,VEHICLE,0,0,
-1082.2831,1164.0731,38.5382,117.6398,0.00,VEHICLE,0,0,
-1084.7128,1162.6898,38.3972,119.5879,0.00,VEHICLE,0,0,
-1087.0524,1161.2747,38.2497,121.2151,0.00,VEHICLE,0,0,
-1089.4487,1159.7860,38.1203,121.7462,0.00,VEHICLE,0,0,
-1091.8044,1158.3060,38.0054,121.8856,0.00,VEHICLE,0,0,
-1094.2189,1156.7627,37.9333,121.9877,0.00,VEHICLE,0,0,
-1096.6587,1155.2075,37.8989,121.9588,0.00,VEHICLE,0,0,
-1099.1061,1153.6658,37.8198,121.8928,0.00,VEHICLE,0,0,
-1101.6653,1152.0974,37.6907,122.0018,0.00,VEHICLE,0,0,
-1104.3665,1150.4287,37.5475,122.2524,0.00,VEHICLE,0,0,
-1106.9786,1148.6593,37.4550,124.4223,0.00,VEHICLE,0,0,
-1109.4867,1146.7166,37.3785,127.7917,0.00,VEHICLE,0,0,
-1111.7753,1144.6594,37.3043,131.7988,0.00,VEHICLE,0,0,
-1113.8704,1142.5222,37.2364,135.5500,0.00,VEHICLE,0,0,
-1115.9343,1140.2883,37.2335,137.2446,0.00,VEHICLE,0,0,
-1117.8826,1138.1146,37.2815,137.6715,0.00,VEHICLE,0,0,
-1120.0780,1135.6570,37.3647,137.7722,0.00,VEHICLE,0,0,
-1122.6066,1132.8397,37.4481,137.7984,0.00,VEHICLE,0,0,
-1124.6528,1130.5746,37.5111,137.8063,0.00,VEHICLE,0,0,
-1126.7186,1128.2991,37.5732,137.8135,0.00,VEHICLE,0,0,
-1128.7992,1126.0132,37.6457,137.8215,0.00,VEHICLE,0,0,
-1130.9618,1123.6378,37.7334,137.8264,0.00,VEHICLE,0,0,
-1133.0259,1121.3671,37.8275,137.8282,0.00,VEHICLE,0,0,
-1135.1041,1119.0767,37.9209,137.8281,0.00,VEHICLE,0,0,
-1137.2832,1116.6732,38.0173,137.8048,0.00,VEHICLE,0,0,
-1139.3447,1114.4628,38.1068,137.0529,0.00,VEHICLE,0,0,
-1141.5333,1112.1924,38.2024,136.0248,0.00,VEHICLE,0,0,
-1144.1389,1109.5188,38.3449,135.6863,0.00,VEHICLE,0,0,
-1146.7867,1106.8163,38.5150,135.6228,0.00,VEHICLE,0,0,
-1149.3300,1104.2251,38.6777,135.6138,0.00,VEHICLE,0,0,
-1151.6456,1101.8657,38.8239,135.6132,0.00,VEHICLE,0,0,
-1153.9806,1099.4841,38.9704,135.6129,0.00,VEHICLE,0,0,
-1156.2148,1097.2023,39.1103,135.6120,0.00,VEHICLE,0,0,
-1157.6227,1095.7638,39.1985,135.6112,0.00,VEHICLE,0,0,
-1159.3700,1093.9775,39.3081,135.6097,0.00,VEHICLE,0,0,
-1161.3070,1091.9974,39.4294,135.6088,0.00,VEHICLE,0,0,
-1163.3042,1089.9561,39.5529,135.6083,0.00,VEHICLE,0,0,
-1165.2462,1087.9718,39.6642,135.6084,0.00,VEHICLE,0,0,
-1166.9211,1086.2422,39.7550,135.8069,0.00,VEHICLE,0,0,
-1169.4327,1083.5228,39.8893,137.2905,0.00,VEHICLE,0,0,
-1171.3546,1081.4084,39.9936,137.7326,0.00,VEHICLE,0,0,
-1173.2849,1079.2734,40.0995,137.8548,0.00,VEHICLE,0,0,
-1175.2281,1077.1187,40.2065,137.8875,0.00,VEHICLE,0,0,
-1177.0829,1075.0601,40.3088,137.8950,0.00,VEHICLE,0,0,
-1178.9990,1072.9341,40.4145,137.8966,0.00,VEHICLE,0,0,
-1180.9655,1070.7550,40.5229,137.8973,0.00,VEHICLE,0,0,
-1182.8911,1068.6230,40.6290,137.8981,0.00,VEHICLE,0,0,
-1184.8199,1066.4890,40.7352,137.8992,0.00,VEHICLE,0,0,
-1186.7654,1064.3370,40.8424,137.9003,0.00,VEHICLE,0,0,
-1188.6006,1062.3070,40.9434,137.9010,0.00,VEHICLE,0,0,
-1190.2827,1060.4484,41.0360,137.8821,0.00,VEHICLE,0,0,
-1192.1259,1058.4702,41.1358,137.2270,0.00,VEHICLE,0,0,
-1194.6240,1055.9127,41.2679,135.6646,0.00,VEHICLE,0,0,
-1197.0798,1053.4338,41.3966,135.2493,0.00,VEHICLE,0,0,
-1199.3853,1051.1195,41.5114,135.1725,0.00,VEHICLE,0,0,
-1201.6792,1048.8198,41.6201,135.1577,0.00,VEHICLE,0,0,
-1204.1901,1046.3022,41.7375,135.1551,0.00,VEHICLE,0,0,
-1206.1787,1044.3055,41.8309,135.1544,0.00,VEHICLE,0,0,
-1208.0427,1042.4323,41.9186,135.1535,0.00,VEHICLE,0,0,
-1210.4968,1039.9640,42.0343,135.1519,0.00,VEHICLE,0,0,
-1212.6453,1037.8025,42.1356,135.1507,0.00,VEHICLE,0,0,
-1214.5032,1035.9335,42.2232,135.1500,0.00,VEHICLE,0,0,
-1216.7687,1033.6549,42.3300,135.1497,0.00,VEHICLE,0,0,
-1219.1329,1031.2780,42.4415,135.1498,0.00,VEHICLE,0,0,
-1221.4244,1028.9747,42.5496,135.1500,0.00,VEHICLE,0,0,
-1223.6962,1026.6914,42.6567,135.1501,0.00,VEHICLE,0,0,
-1225.8353,1024.5413,42.7575,135.1502,0.00,VEHICLE,0,0,
-1227.8853,1022.4809,42.8542,135.1500,0.00,VEHICLE,0,0,
-1229.8888,1020.4177,42.9498,135.7179,0.00,VEHICLE,0,0,
-1231.9557,1018.2177,43.0502,136.7347,0.00,VEHICLE,0,0,
-1234.1050,1015.9091,43.1550,137.0429,0.00,VEHICLE,0,0,
-1236.1692,1013.6835,43.2564,137.1117,0.00,VEHICLE,0,0,
-1238.2043,1011.4861,43.3544,137.1269,0.00,VEHICLE,0,0,
-1240.3679,1009.1501,43.4531,137.1299,0.00,VEHICLE,0,0,
-1242.7069,1006.6268,43.5536,137.1308,0.00,VEHICLE,0,0,
-1244.6921,1004.4876,43.6395,137.1316,0.00,VEHICLE,0,0,
-1246.8438,1002.1703,43.7333,137.1327,0.00,VEHICLE,0,0,
-1249.2422,999.5882,43.8381,137.1338,0.00,VEHICLE,0,0,
-1251.4419,997.2195,43.9343,137.1342,0.00,VEHICLE,0,0,
-1253.4675,995.0376,44.0229,137.1343,0.00,VEHICLE,0,0,
-1255.8156,992.5079,44.1255,137.1341,0.00,VEHICLE,0,0,
-1257.9875,990.1675,44.2205,137.1339,0.00,VEHICLE,0,0,
-1260.0255,987.9715,44.3095,137.1337,0.00,VEHICLE,0,0,
-1262.2559,985.5681,44.4070,137.1337,0.00,VEHICLE,0,0,
-1264.6469,982.9918,44.5116,137.1337,0.00,VEHICLE,0,0,
-1266.9509,980.5094,44.6123,137.1339,0.00,VEHICLE,0,0,
-1268.9407,978.3657,44.6993,137.1340,0.00,VEHICLE,0,0,
-1271.2006,975.9308,44.7981,137.1342,0.00,VEHICLE,0,0,
-1273.6632,973.2778,44.8955,137.1341,0.00,VEHICLE,0,0,
-1275.8553,970.9142,44.9623,137.1426,0.00,VEHICLE,0,0,
-1277.9596,968.6453,45.0191,137.1435,0.00,VEHICLE,0,0,
-1280.0896,966.3499,45.0775,137.1441,0.00,VEHICLE,0,0,
-1282.2076,964.0677,45.1363,137.1447,0.00,VEHICLE,0,0,
-1284.2814,961.8335,45.1942,137.1452,0.00,VEHICLE,0,0,
-1286.3610,959.5927,45.2523,137.1454,0.00,VEHICLE,0,0,
-1288.3967,957.3987,45.3093,137.1454,0.00,VEHICLE,0,0,
-1290.7734,954.8370,45.3759,137.1453,0.00,VEHICLE,0,0,
-1292.9429,952.4985,45.4366,137.1451,0.00,VEHICLE,0,0,
-1294.9108,950.3773,45.4917,137.1451,0.00,VEHICLE,0,0,
-1296.9355,948.1947,45.5483,137.1450,0.00,VEHICLE,0,0,
-1298.9819,945.9888,45.6054,137.1451,0.00,VEHICLE,0,0,
-1300.9397,943.8785,45.6602,137.1451,0.00,VEHICLE,0,0,
-1302.9353,941.7276,45.7160,137.1452,0.00,VEHICLE,0,0,
-1305.3982,939.0730,45.7837,137.1453,0.00,VEHICLE,0,0,
-1307.4525,936.8592,45.8334,137.1452,0.00,VEHICLE,0,0,
-1309.4197,934.7389,45.8747,137.1453,0.00,VEHICLE,0,0,
-1311.4072,932.5967,45.9172,137.1453,0.00,VEHICLE,0,0,
-1313.4631,930.3809,45.9619,137.1454,0.00,VEHICLE,0,0,
-1315.8315,927.8283,46.0138,137.1454,0.00,VEHICLE,0,0,
-1318.0768,925.4083,46.0632,137.1454,0.00,VEHICLE,0,0,
-1320.0039,923.3311,46.1055,137.1454,0.00,VEHICLE,0,0,
-1322.1879,920.9770,46.1534,137.1455,0.00,VEHICLE,0,0,
-1324.3451,918.6519,46.2008,137.1455,0.00,VEHICLE,0,0,
-1326.4241,916.4111,46.2465,137.1455,0.00,VEHICLE,0,0,
-1328.4891,914.1852,46.2918,137.1456,0.00,VEHICLE,0,0,
-1330.7284,911.7714,46.3410,137.1456,0.00,VEHICLE,0,0,
-1332.8053,909.5331,46.3866,137.1457,0.00,VEHICLE,0,0,
-1334.7782,907.4066,46.4299,137.1457,0.00,VEHICLE,0,0,
-1336.8181,905.2079,46.4747,137.1457,0.00,VEHICLE,0,0,
-1338.8718,902.9941,46.5203,137.1454,0.00,VEHICLE,0,0,
-1340.9441,900.7602,46.5622,137.1457,0.00,VEHICLE,0,0,
-1343.0686,898.4702,46.5988,137.1458,0.00,VEHICLE,0,0,
-1345.1644,896.2112,46.6321,137.1458,0.00,VEHICLE,0,0,
-1347.2571,893.9557,46.6662,137.1459,0.00,VEHICLE,0,0,
-1349.4135,891.6317,46.7019,137.1459,0.00,VEHICLE,0,0,
-1351.9342,888.9146,46.7439,137.1460,0.00,VEHICLE,0,0,
-1354.0375,886.6475,46.7790,137.1460,0.00,VEHICLE,0,0,
-1356.0614,884.4659,46.8127,137.1460,0.00,VEHICLE,0,0,
-1358.2024,882.1582,46.8483,137.1460,0.00,VEHICLE,0,0,
-1360.2769,879.9221,46.8829,137.1460,0.00,VEHICLE,0,0,
-1362.3854,877.6492,46.9181,137.1461,0.00,VEHICLE,0,0,
-1363.7991,876.1254,46.9416,137.1461,0.00,VEHICLE,0,0,
-1366.0024,873.7506,46.9783,137.1461,0.00,VEHICLE,0,0,
-1368.1125,871.4763,47.0134,137.1463,0.00,VEHICLE,0,0,
-1370.4769,868.9277,47.0527,137.1464,0.00,VEHICLE,0,0,
-1372.7323,866.4967,47.0864,137.1465,0.00,VEHICLE,0,0,
-1374.7572,864.3142,47.1120,137.1464,0.00,VEHICLE,0,0,
-1377.0132,861.8824,47.1370,137.1464,0.00,VEHICLE,0,0,
-1379.3060,859.4110,47.1629,137.1464,0.00,VEHICLE,0,0,
-1381.5640,856.9771,47.1888,137.1464,0.00,VEHICLE,0,0,
-1383.8806,854.4799,47.2156,137.1464,0.00,VEHICLE,0,0,
-1386.2914,851.8815,47.2435,137.1465,0.00,VEHICLE,0,0,
-1388.3575,849.6545,47.2675,137.1465,0.00,VEHICLE,0,0,
-1390.7354,847.0915,47.2950,137.1465,0.00,VEHICLE,0,0,
-1393.4161,844.2021,47.3261,137.1466,0.00,VEHICLE,0,0,
-1395.6770,841.7653,47.3523,137.1466,0.00,VEHICLE,0,0,
-1397.9742,839.2889,47.3789,137.1465,0.00,VEHICLE,0,0,
-1400.1829,836.9083,47.4046,137.1461,0.00,VEHICLE,0,0,
-1402.5760,834.3292,47.4325,137.1463,0.00,VEHICLE,0,0,
-1403.9489,832.8497,47.4470,137.1463,0.00,VEHICLE,0,0,
-1406.4800,830.1215,47.4440,137.1465,0.00,VEHICLE,0,0,
-1408.8738,827.5410,47.4132,137.1464,0.00,VEHICLE,0,0,
-1411.1462,825.0916,47.3821,137.1463,0.00,VEHICLE,0,0,
-1413.1071,822.9779,47.3575,137.1463,0.00,VEHICLE,0,0,
-1414.9928,820.9453,47.3348,137.1463,0.00,VEHICLE,0,0,
-1416.9454,818.8405,47.3117,137.1463,0.00,VEHICLE,0,0,
-1418.9884,816.6383,47.2876,137.1463,0.00,VEHICLE,0,0,
-1421.3832,814.0571,47.2596,137.1463,0.00,VEHICLE,0,0,
-1423.5752,811.6946,47.2339,137.1463,0.00,VEHICLE,0,0,
-1425.4435,809.6808,47.2120,137.1463,0.00,VEHICLE,0,0,
-1427.4796,807.4860,47.1882,137.1461,0.00,VEHICLE,0,0,
-1429.4408,805.3723,47.1654,137.1452,0.00,VEHICLE,0,0,
-1431.4192,803.2402,47.1426,137.1451,0.00,VEHICLE,0,0,
-1433.3363,801.1745,47.1205,137.1454,0.00,VEHICLE,0,0,
-1435.6117,798.7228,47.0943,137.1456,0.00,VEHICLE,0,0,
-1437.7168,796.4540,47.0703,137.1456,0.00,VEHICLE,0,0,
-1439.8271,794.1791,47.0370,137.1460,0.00,VEHICLE,0,0,
-1442.0341,791.7995,46.9998,137.1455,0.00,VEHICLE,0,0,
-1444.1678,789.4986,46.9635,137.1451,0.00,VEHICLE,0,0,
-1446.6135,786.8619,46.9219,137.1449,0.00,VEHICLE,0,0,
-1449.1055,784.1758,46.8798,137.1450,0.00,VEHICLE,0,0,
-1451.4856,781.6103,46.8396,137.1452,0.00,VEHICLE,0,0,
-1453.8689,779.0416,46.7994,137.1455,0.00,VEHICLE,0,0,
-1456.1425,776.5915,46.7611,137.1456,0.00,VEHICLE,0,0,
-1457.5520,775.0724,46.7373,137.1456,0.00,VEHICLE,0,0,
-1459.9637,772.4730,46.6968,137.1453,0.00,VEHICLE,0,0,
-1462.1967,770.0664,46.6592,137.1452,0.00,VEHICLE,0,0,
-1464.3513,767.7441,46.6229,137.1451,0.00,VEHICLE,0,0,
-1466.4314,765.5020,46.5879,137.1450,0.00,VEHICLE,0,0,
-1468.8158,762.9321,46.5477,137.1447,0.00,VEHICLE,0,0,
-1471.5964,759.9348,46.4936,137.1448,0.00,VEHICLE,0,0,
-1474.0593,757.2801,46.4380,137.1447,0.00,VEHICLE,0,0,
-1476.5393,754.6069,46.3814,137.1447,0.00,VEHICLE,0,0,
-1478.8579,752.1079,46.3294,137.1447,0.00,VEHICLE,0,0,
-1481.1886,749.5958,46.2776,137.1447,0.00,VEHICLE,0,0,
-1482.5524,748.1259,46.2472,137.1447,0.00,VEHICLE,0,0,
-1484.7700,745.7358,46.1979,137.1448,0.00,VEHICLE,0,0,
-1486.9166,743.4221,46.1502,137.1447,0.00,VEHICLE,0,0,
-1488.9698,741.2091,46.1045,137.1447,0.00,VEHICLE,0,0,
-1491.0889,738.9253,46.0574,137.1446,0.00,VEHICLE,0,0,
-1493.1312,736.7240,46.0119,137.1446,0.00,VEHICLE,0,0,
-1495.2725,734.4161,45.9643,137.1445,0.00,VEHICLE,0,0,
-1497.2323,732.3038,45.9208,137.1445,0.00,VEHICLE,0,0,
-1499.1871,730.1969,45.8773,137.1444,0.00,VEHICLE,0,0,
-1501.3666,727.8480,45.8271,137.1444,0.00,VEHICLE,0,0,
-1503.4442,725.6088,45.7736,137.1444,0.00,VEHICLE,0,0,
-1505.5898,723.2963,45.7119,137.1444,0.00,VEHICLE,0,0,
-1507.0170,721.7581,45.6710,137.1444,0.00,VEHICLE,0,0,
-1508.4175,720.2486,45.6312,137.1443,0.00,VEHICLE,0,0,
-1509.8169,718.7404,45.5916,137.1443,0.00,VEHICLE,0,0,
-1511.2222,717.2258,45.5519,137.1443,0.00,VEHICLE,0,0,
-1513.8336,714.4111,45.4784,137.1443,0.00,VEHICLE,0,0,
-1515.2316,712.9044,45.4390,137.1442,0.00,VEHICLE,0,0,
-1516.6302,711.3969,45.3997,137.1441,0.00,VEHICLE,0,0,
-1518.1125,709.7994,45.3581,137.1438,0.00,VEHICLE,0,0,
-1519.5626,708.2366,45.3175,137.1435,0.00,VEHICLE,0,0,
-1521.0165,706.6698,45.2768,137.1435,0.00,VEHICLE,0,0,
-1522.9554,704.5802,45.2225,137.1436,0.00,VEHICLE,0,0,
-1524.8844,702.5017,45.1685,137.1437,0.00,VEHICLE,0,0,
-1527.2769,699.9236,45.1016,137.1432,0.00,VEHICLE,0,0,
-1529.6676,697.3474,45.0349,137.1428,0.00,VEHICLE,0,0,
-1531.5835,695.2825,44.9815,137.1426,0.00,VEHICLE,0,0,
-1533.7963,692.9097,44.9179,137.0208,0.00,VEHICLE,0,0,
-1536.0221,690.5776,44.8395,136.3726,0.00,VEHICLE,0,0,
-1538.0719,688.4445,44.7545,136.1000,0.00,VEHICLE,0,0,
-1540.1489,686.2919,44.6634,136.0143,0.00,VEHICLE,0,0,
-1542.1425,684.2296,44.5772,135.9899,0.00,VEHICLE,0,0,
-1544.2180,682.0844,44.4883,135.9834,0.00,VEHICLE,0,0,
-1546.1512,680.0869,44.4060,135.9826,0.00,VEHICLE,0,0,
-1548.1260,678.0462,44.3222,135.9831,0.00,VEHICLE,0,0,
-1550.3302,675.7741,44.2291,135.9105,0.00,VEHICLE,0,0,
-1552.3748,673.7486,44.1447,134.9391,0.00,VEHICLE,0,0,
-1555.0878,671.1667,44.0351,133.4673,0.00,VEHICLE,0,0,
-1557.7769,668.6482,43.9275,133.1073,0.00,VEHICLE,0,0,
-1559.9866,666.5895,43.8392,133.0488,0.00,VEHICLE,0,0,
-1562.6318,664.1273,43.7340,133.0368,0.00,VEHICLE,0,0,
-1564.4973,662.3703,43.6598,133.2542,0.00,VEHICLE,0,0,
-1566.4121,660.4076,43.5800,135.2864,0.00,VEHICLE,0,0,
-1568.9475,657.5904,43.4692,138.2150,0.00,VEHICLE,0,0,
-1571.3507,654.8353,43.3623,138.8774,0.00,VEHICLE,0,0,
-1573.4061,652.4562,43.2652,138.9799,0.00,VEHICLE,0,0,
-1575.1300,650.4578,43.1802,138.9980,0.00,VEHICLE,0,0,
-1576.8340,648.4846,43.0938,139.0019,0.00,VEHICLE,0,0,
-1578.7261,646.3275,42.9988,138.7222,0.00,VEHICLE,0,0,
-1580.6425,644.2953,42.9063,136.9610,0.00,VEHICLE,0,0,
-1583.3698,641.5239,42.7778,135.3219,0.00,VEHICLE,0,0,
-1585.7656,639.1344,42.6663,135.0180,0.00,VEHICLE,0,0,
-1588.3801,636.5392,42.5451,134.9588,0.00,VEHICLE,0,0,
-1590.4972,634.4380,42.4469,134.9510,0.00,VEHICLE,0,0,
-1592.6379,632.3090,42.3474,134.9493,0.00,VEHICLE,0,0,
-1594.6874,630.2659,42.2521,134.9478,0.00,VEHICLE,0,0,
-1596.7064,628.2499,42.1580,134.9458,0.00,VEHICLE,0,0,
-1599.0142,625.9431,42.0505,134.9433,0.00,VEHICLE,0,0,
-1601.4625,623.4951,41.9366,134.9415,0.00,VEHICLE,0,0,
-1603.9888,620.9708,41.8190,134.9411,0.00,VEHICLE,0,0,
-1606.4406,618.5230,41.7049,134.9417,0.00,VEHICLE,0,0,
-1608.6202,616.3480,41.6035,134.9424,0.00,VEHICLE,0,0,
-1610.7731,614.1984,41.5032,134.9611,0.00,VEHICLE,0,0,
-1612.9508,611.9324,41.3983,135.9931,0.00,VEHICLE,0,0,
-1615.1410,609.5446,41.2838,137.4788,0.00,VEHICLE,0,0,
-1617.2992,607.1530,41.1656,137.9490,0.00,VEHICLE,0,0,
-1619.6052,604.5799,41.0393,138.0721,0.00,VEHICLE,0,0,
-1621.7635,602.1658,40.9216,138.0973,0.00,VEHICLE,0,0,
-1624.1796,599.4979,40.7908,137.7347,0.00,VEHICLE,0,0,
-1626.5786,597.0094,40.6652,135.9986,0.00,VEHICLE,0,0,
-1629.0803,594.4745,40.5355,135.2856,0.00,VEHICLE,0,0,
-1631.2261,592.3229,40.4246,135.1370,0.00,VEHICLE,0,0,
-1633.5726,589.9781,40.3034,135.0974,0.00,VEHICLE,0,0,
-1635.9836,587.5709,40.1793,135.0912,0.00,VEHICLE,0,0,
-1638.3575,585.1973,40.0572,135.0919,0.00,VEHICLE,0,0,
-1640.9437,582.6059,39.9242,135.0917,0.00,VEHICLE,0,0,
-1643.5411,579.9985,39.7905,135.0899,0.00,VEHICLE,0,0,
-1645.7540,577.7755,39.6753,135.0880,0.00,VEHICLE,0,0,
-1647.7915,575.7290,39.5591,135.0873,0.00,VEHICLE,0,0,
-1650.1011,573.4103,39.4191,135.0871,0.00,VEHICLE,0,0,
-1652.1927,571.3116,39.2904,135.0875,0.00,VEHICLE,0,0,
-1654.1790,569.3192,39.1690,135.0880,0.00,VEHICLE,0,0,
-1656.1964,567.2958,39.0460,135.0886,0.00,VEHICLE,0,0,
-1658.1660,565.3206,38.9260,135.0891,0.00,VEHICLE,0,0,
-1660.6021,562.8776,38.7776,135.0895,0.00,VEHICLE,0,0,
-1662.9033,560.5693,38.6374,135.0898,0.00,VEHICLE,0,0,
-1665.0033,558.4628,38.5094,135.0898,0.00,VEHICLE,0,0,
-1667.1663,556.2930,38.3777,135.0893,0.00,VEHICLE,0,0,
-1669.2749,554.1815,38.2593,135.0423,0.00,VEHICLE,0,0,
-1671.3491,552.1412,38.2039,134.5898,0.00,VEHICLE,0,0,
-1673.6279,550.0531,38.2055,132.6597,0.00,VEHICLE,0,0,
-1676.4503,547.7856,38.2221,128.6827,0.00,VEHICLE,0,0,
-1679.0369,545.8098,38.2298,127.3835,0.00,VEHICLE,0,0,
-1681.4410,544.0056,38.2324,127.1025,0.00,VEHICLE,0,0,
-1683.8680,542.1921,38.2326,127.0408,0.00,VEHICLE,0,0,
-1686.0955,540.5261,38.2323,127.0312,0.00,VEHICLE,0,0,
-1688.4631,538.7487,38.2323,127.0287,0.00,VEHICLE,0,0,
-1690.8632,536.9399,38.2330,127.0249,0.00,VEHICLE,0,0,
-1693.2843,535.1102,38.2338,127.0207,0.00,VEHICLE,0,0,
-1695.6732,533.3033,38.2343,127.0177,0.00,VEHICLE,0,0,
-1698.1185,531.4546,38.2346,127.0163,0.00,VEHICLE,0,0,
-1700.5800,529.5966,38.2406,127.0162,0.00,VEHICLE,0,0,
-1703.0721,527.7177,38.2549,127.0166,0.00,VEHICLE,0,0,
-1705.2845,526.0503,38.2729,127.0175,0.00,VEHICLE,0,0,
-1707.7343,524.2047,38.2921,127.0184,0.00,VEHICLE,0,0,
-1710.1862,522.3568,38.3105,127.0189,0.00,VEHICLE,0,0,
-1712.6537,520.4966,38.3290,127.0189,0.00,VEHICLE,0,0,
-1715.2028,518.5742,38.3483,127.0187,0.00,VEHICLE,0,0,
-1717.6178,516.7528,38.3663,127.0185,0.00,VEHICLE,0,0,
-1720.0569,514.9128,38.3851,127.0182,0.00,VEHICLE,0,0,
-1722.5308,513.0471,38.4062,127.0181,0.00,VEHICLE,0,0,
-1724.7520,511.3271,38.4273,127.6250,0.00,VEHICLE,0,0,
-1726.8468,509.5598,38.4484,129.8232,0.00,VEHICLE,0,0,
-1729.1523,507.5630,38.4717,130.8948,0.00,VEHICLE,0,0,
-1731.4425,505.5583,38.4939,131.1373,0.00,VEHICLE,0,0,
-1733.7675,503.5163,38.5152,131.1911,0.00,VEHICLE,0,0,
-1736.1283,501.4424,38.5356,131.2006,0.00,VEHICLE,0,0,
-1738.3170,499.5224,38.5476,131.2039,0.00,VEHICLE,0,0,
-1740.6431,497.4862,38.4986,131.2112,0.00,VEHICLE,0,0,
-1743.0359,495.3959,38.3915,131.2178,0.00,VEHICLE,0,0,
-1745.2645,493.4377,38.2827,131.3158,0.00,VEHICLE,0,0,
-1747.4703,491.4215,38.1890,132.3008,0.00,VEHICLE,0,0,
-1749.7631,489.2929,38.0355,132.8064,0.00,VEHICLE,0,0,
-1751.9880,487.2159,37.8128,132.9175,0.00,VEHICLE,0,0,
-1754.1718,485.1746,37.5260,132.9420,0.00,VEHICLE,0,0,
-1756.4133,483.0801,37.2432,132.9502,0.00,VEHICLE,0,0,
-1758.6660,480.9755,36.9331,132.9441,0.00,VEHICLE,0,0,
-1761.0042,478.7950,36.4742,132.9133,0.00,VEHICLE,0,0,
-1763.3505,476.6086,35.8870,132.8862,0.00,VEHICLE,0,0,
-1765.5872,474.5126,35.3303,133.0817,0.00,VEHICLE,0,0,
-1767.6798,472.3798,34.7869,135.2499,0.00,VEHICLE,0,0,
-1769.8577,470.0138,34.1251,137.3764,0.00,VEHICLE,0,0,
-1772.0038,467.6300,33.3927,138.0731,0.00,VEHICLE,0,0,
-1774.1251,465.2454,32.6662,138.2188,0.00,VEHICLE,0,0,
-1776.3480,462.7407,31.8586,138.2434,0.00,VEHICLE,0,0,
-1778.4700,460.3501,30.9430,138.2175,0.00,VEHICLE,0,0,
-1780.6630,457.8788,29.8813,138.2097,0.00,VEHICLE,0,0,
-1782.8511,455.4164,28.8567,138.2233,0.00,VEHICLE,0,0,
-1785.2454,452.7281,27.8004,138.2357,0.00,VEHICLE,0,0,
-1786.6172,451.1911,27.2078,138.2432,0.00,VEHICLE,0,0,
-1789.0486,448.4685,26.1728,138.2503,0.00,VEHICLE,0,0,
-1791.5104,445.7097,25.1327,138.2615,0.00,VEHICLE,0,0,
-1793.8138,443.1269,24.1503,138.2567,0.00,VEHICLE,0,0,
-1796.1501,440.5059,23.1395,138.2581,0.00,VEHICLE,0,0,
-1798.6365,437.7129,22.0663,138.2697,0.00,VEHICLE,0,0,
-1801.0547,434.9925,21.1234,138.3229,0.00,VEHICLE,0,0,
-1803.5460,432.1922,20.3580,138.4030,0.00,VEHICLE,0,0,
-1806.0255,429.3990,19.6818,138.4207,0.00,VEHICLE,0,0,
-1808.5725,426.5240,19.0125,138.4401,0.00,VEHICLE,0,0,
-1811.0193,423.7611,18.4653,138.4843,0.00,VEHICLE,0,0,
-1813.5222,420.9340,17.9532,138.4883,0.00,VEHICLE,0,0,
-1816.1508,417.9717,17.4881,138.5150,0.00,VEHICLE,0,0,
-1818.7001,415.0868,17.3138,138.6855,0.00,VEHICLE,0,0,
-1821.2126,411.9923,17.2825,141.2729,0.00,VEHICLE,0,0,
-1823.2920,408.9095,17.2163,146.4728,0.00,VEHICLE,0,0,
-1825.0470,405.6629,17.1301,152.3719,0.00,VEHICLE,0,0,
-1826.3728,402.4796,17.0794,158.2048,0.00,VEHICLE,0,0,
-1827.3604,399.0848,17.0786,164.3913,0.00,VEHICLE,0,0,
-1828.0085,395.3035,17.0732,171.1927,0.00,VEHICLE,0,0,
-1828.2157,391.6238,17.0416,177.5969,0.00,VEHICLE,0,0,
-1828.0577,388.4981,17.0146,182.8836,0.00,VEHICLE,0,0,
-1827.5905,385.4128,17.0003,188.3492,0.00,VEHICLE,0,0,
-1826.7959,382.3388,16.9995,194.2620,0.00,VEHICLE,0,0,
-1825.6119,379.2173,17.0023,200.7502,0.00,VEHICLE,0,0,
-1824.1273,376.3364,17.0033,207.2630,0.00,VEHICLE,0,0,
-1822.3236,374.5202,17.0028,223.9159,0.00,VEHICLE,0,0,
-1820.4131,373.0569,17.0017,240.4267,0.00,VEHICLE,0,0,
-1818.4165,371.8459,17.0025,255.5399,0.00,VEHICLE,0,0,
-1816.0205,370.8524,17.0037,272.2435,0.00,VEHICLE,0,0,
-1813.6021,370.2707,17.0046,288.0607,0.00,VEHICLE,0,0,
-1811.3794,370.0781,17.0053,301.7408,0.00,VEHICLE,0,0,
-1809.2107,370.1283,17.0061,313.0925,0.00,VEHICLE,0,0,
-1807.1177,370.4760,17.0075,323.1070,0.00,VEHICLE,0,0,
-1804.4453,371.4954,17.0245,335.7764,0.00,VEHICLE,0,0,
-1802.3661,372.9299,17.0492,345.2751,0.00,VEHICLE,0,0,
-1800.7585,374.6612,17.0612,350.0829,0.00,VEHICLE,0,0,
-1799.3114,376.7206,17.0502,346.1761,0.00,VEHICLE,0,0,
-1798.1923,378.9661,17.0429,337.9601,0.00,VEHICLE,0,0,
-1797.5571,381.0821,17.0317,341.9048,0.00,VEHICLE,0,0,
-1798.1211,378.7171,17.0428,320.3768,0.00,VEHICLE,0,0,
-1799.3987,376.5766,17.0537,301.1161,0.00,VEHICLE,0,0,
-1801.2805,374.9970,17.0521,282.0991,0.00,VEHICLE,0,0,
-1803.3792,374.2205,17.0406,265.9203,0.00,VEHICLE,0,0,
-1802.9995,372.2222,17.0494,232.8203,0.00,VEHICLE,0,0,
-1801.4590,370.4458,17.0603,225.2743,0.00,VEHICLE,0,0,
-1799.9707,368.9297,17.0696,224.9496,0.00,VEHICLE,0,0,
-1798.1210,367.0745,17.0828,224.8956,0.00,VEHICLE,0,0,
-1796.6202,365.5700,17.0950,224.8795,0.00,VEHICLE,0,0,
-1794.9529,363.8945,17.1125,224.8737,0.00,VEHICLE,0,0,
-1793.1431,362.0783,17.0809,224.8901,0.00,VEHICLE,0,0,
-1791.3081,360.1359,16.9834,223.6080,0.00,VEHICLE,0,0,
-1789.4156,358.0154,16.8024,221.9598,0.00,VEHICLE,0,0,
-1787.4570,355.8066,16.6240,221.7200,0.00,VEHICLE,0,0,
-1786.1011,354.2763,16.3989,221.7218,0.00,VEHICLE,0,0,
-1784.1438,352.0814,15.8961,221.7553,0.00,VEHICLE,0,0,
-1782.7743,350.5546,15.3627,221.8020,0.00,VEHICLE,0,0,
-1781.3617,348.9944,14.7537,221.8133,0.00,VEHICLE,0,0,
-1779.7655,347.2291,14.0281,221.8026,0.00,VEHICLE,0,0,
-1778.2106,345.5013,13.2631,221.7798,0.00,VEHICLE,0,0,
-1776.5825,343.6841,12.4245,221.7678,0.00,VEHICLE,0,0,
-1774.8478,341.7409,11.5081,221.7797,0.00,VEHICLE,0,0,
-1773.0630,339.7412,10.7052,221.8316,0.00,VEHICLE,0,0,
-1771.2156,337.6725,9.9832,221.8786,0.00,VEHICLE,0,0,
-1769.1998,335.4157,9.2894,221.8867,0.00,VEHICLE,0,0,
-1767.2830,333.2703,8.7317,221.9210,0.00,VEHICLE,0,0,
-1765.3617,331.1268,8.2685,221.9315,0.00,VEHICLE,0,0,
-1763.4735,329.0244,7.8612,221.9321,0.00,VEHICLE,0,0,
-1761.3772,326.6930,7.4766,221.9444,0.00,VEHICLE,0,0,
-1759.2623,324.3421,7.1631,221.9455,0.00,VEHICLE,0,0,
-1757.2576,322.1038,6.9960,221.9349,0.00,VEHICLE,0,0,
-1755.3834,319.9810,6.9534,221.5524,0.00,VEHICLE,0,0,
-1753.4458,317.6749,6.9910,220.1854,0.00,VEHICLE,0,0,
-1751.5922,315.4248,7.0119,219.5031,0.00,VEHICLE,0,0,
-1749.6121,313.0032,7.0187,219.3028,0.00,VEHICLE,0,0,
-1747.7915,310.7672,7.0203,219.2250,0.00,VEHICLE,0,0,
-1745.9005,308.2914,7.0208,217.6001,0.00,VEHICLE,0,0,
-1744.4116,306.0395,7.0207,214.0973,0.00,VEHICLE,0,0,
-1743.1581,303.7590,7.0203,209.6300,0.00,VEHICLE,0,0,
-1742.0944,301.2822,7.0251,204.1158,0.00,VEHICLE,0,0,
-1741.3981,298.8163,7.0598,197.0925,0.00,VEHICLE,0,0,
-1741.0652,296.0587,7.1170,188.3279,0.00,VEHICLE,0,0,
-1740.9829,293.4683,7.1532,182.6651,0.00,VEHICLE,0,0,
-1740.9720,291.0166,7.1684,180.8026,0.00,VEHICLE,0,0,
-1740.9889,288.4982,7.1749,180.3673,0.00,VEHICLE,0,0,
-1741.0009,285.9467,7.1768,180.2737,0.00,VEHICLE,0,0,
-1741.0079,283.4780,7.1776,180.1407,0.00,VEHICLE,0,0,
-1741.1318,280.8700,7.1786,177.8368,0.00,VEHICLE,0,0,
-1741.4656,278.1979,7.1790,173.4562,0.00,VEHICLE,0,0,
-1742.2281,275.0019,7.1778,166.3643,0.00,VEHICLE,0,0,
-1743.0369,272.6238,7.1763,161.4529,0.00,VEHICLE,0,0,
-1743.8973,270.3299,7.1766,159.4169,0.00,VEHICLE,0,0,
-1744.9662,267.6453,7.1588,158.8301,0.00,VEHICLE,0,0,
-1746.0687,264.9269,7.1129,158.5916,0.00,VEHICLE,0,0,
-1747.1720,262.4992,7.0442,156.4762,0.00,VEHICLE,0,0,
-1748.3497,260.0901,6.9764,154.3654,0.00,VEHICLE,0,0,
-1749.6522,257.4600,6.9065,153.6848,0.00,VEHICLE,0,0,
-1750.8691,255.0114,6.8421,153.5609,0.00,VEHICLE,0,0,
-1751.8553,252.9036,6.7874,154.5287,0.00,VEHICLE,0,0,
-1752.7185,250.7137,6.7323,157.6028,0.00,VEHICLE,0,0,
-1753.4231,248.3862,6.6758,162.0993,0.00,VEHICLE,0,0,
-1754.0420,245.9581,6.6178,165.4376,0.00,VEHICLE,0,0,
-1754.6205,243.5012,6.5601,166.5084,0.00,VEHICLE,0,0,
-1755.1692,240.9513,6.5001,167.2823,0.00,VEHICLE,0,0,
-1755.6056,237.9971,6.4308,170.8439,0.00,VEHICLE,0,0,
-1755.9602,235.0979,6.3630,172.7296,0.00,VEHICLE,0,0,
-1756.2810,232.3414,6.2989,173.1366,0.00,VEHICLE,0,0,
-1756.5585,229.9500,6.2433,173.2112,0.00,VEHICLE,0,0,
-1756.8243,227.6803,6.1905,173.2294,0.00,VEHICLE,0,0,
-1757.1118,225.2593,6.1204,173.2648,0.00,VEHICLE,0,0,
-1757.3950,222.7643,5.9053,173.5948,0.00,VEHICLE,0,0,
-1757.6588,220.3769,5.5281,174.0797,0.00,VEHICLE,0,0,
-1757.8685,216.9815,4.7810,176.6658,0.00,VEHICLE,0,0,
-1757.9128,214.7493,4.3010,178.0939,0.00,VEHICLE,0,0,
-1757.9408,212.4800,3.8256,178.5038,0.00,VEHICLE,0,0,
-1757.9636,210.1149,3.6099,178.8112,0.00,VEHICLE,0,0,
-1757.8295,207.6824,3.5122,181.9017,0.00,VEHICLE,0,0,
-1757.4578,205.4852,3.5431,187.6253,0.00,VEHICLE,0,0,
-1756.9680,203.2996,3.5558,191.7452,0.00,VEHICLE,0,0,
-1756.4702,201.1946,3.5550,192.9419,0.00,VEHICLE,0,0,
-1755.9596,199.0802,3.5510,193.2384,0.00,VEHICLE,0,0,
-1755.4590,196.9079,3.5475,192.9258,0.00,VEHICLE,0,0,
-1755.1458,194.8885,3.5456,190.0394,0.00,VEHICLE,0,0,
-1755.0166,192.7705,3.5446,185.2965,0.00,VEHICLE,0,0,
-1755.0913,190.7667,3.5451,180.0835,0.00,VEHICLE,0,0,
-1755.2056,188.7558,3.5607,177.4763,0.00,VEHICLE,0,0,
-1755.3302,186.7514,3.5824,176.7780,0.00,VEHICLE,0,0,
-1755.4071,184.4890,3.6030,177.5162,0.00,VEHICLE,0,0,
-1755.1996,181.5980,3.5835,183.0869,0.00,VEHICLE,0,0,
-1754.8339,178.6841,3.5348,187.0809,0.00,VEHICLE,0,0,
-1754.5156,175.8088,3.5382,186.8054,0.00,VEHICLE,0,0,
-1754.5288,172.9687,3.5441,180.6337,0.00,VEHICLE,0,0,
-1754.6234,170.1157,3.5455,176.9003,0.00,VEHICLE,0,0,
-1754.6304,168.0538,3.5441,177.1843,0.00,VEHICLE,0,0,
-1754.6296,165.2438,3.5443,177.3267,0.00,VEHICLE,0,0,
-1754.6405,162.4242,3.5490,177.8539,0.00,VEHICLE,0,0,
-1754.6331,159.4433,3.5498,178.2316,0.00,VEHICLE,0,0,
-1754.6313,156.5436,3.5448,179.1933,0.00,VEHICLE,0,0,
-1754.4614,153.7883,3.5456,182.9840,0.00,VEHICLE,0,0,
-1754.2770,150.9709,3.5472,184.4860,0.00,VEHICLE,0,0,
-1754.1223,148.9478,3.5469,184.6772,0.00,VEHICLE,0,0,
-1753.8704,145.9983,3.5471,184.7177,0.00,VEHICLE,0,0,
-1753.6910,143.9895,3.5474,184.7149,0.00,VEHICLE,0,0,
-1753.5082,141.9376,3.5476,184.7109,0.00,VEHICLE,0,0,
-1753.3140,139.7025,3.5477,184.7099,0.00,VEHICLE,0,0,
-1753.0945,137.0947,3.5476,184.7130,0.00,VEHICLE,0,0,
-1752.9091,134.8253,3.5476,184.7096,0.00,VEHICLE,0,0,
-1752.7659,132.3449,3.5476,183.7274,0.00,VEHICLE,0,0,
-1752.6832,129.7850,3.5472,182.1951,0.00,VEHICLE,0,0,
-1752.6123,127.2829,3.5470,181.7708,0.00,VEHICLE,0,0,
-1752.5509,125.0108,3.5469,181.6746,0.00,VEHICLE,0,0,
-1752.4838,122.5250,3.5469,181.6465,0.00,VEHICLE,0,0,
-1752.4152,120.0077,3.5469,181.6393,0.00,VEHICLE,0,0,
-1752.3353,117.1640,3.5469,181.6367,0.00,VEHICLE,0,0,
-1752.2568,114.4189,3.5463,181.6356,0.00,VEHICLE,0,0,
-1752.1748,111.5865,3.5456,181.6339,0.00,VEHICLE,0,0,
-1752.1012,109.0387,3.5464,181.6330,0.00,VEHICLE,0,0,
-1752.0278,106.4850,3.5471,181.6329,0.00,VEHICLE,0,0,
-1751.9561,103.9754,3.5478,181.6330,0.00,VEHICLE,0,0,
-1751.8777,101.2243,3.5480,181.6335,0.00,VEHICLE,0,0,
-1751.7971,98.3842,3.5481,181.6338,0.00,VEHICLE,0,0,
-1751.7263,95.8913,3.5481,181.6340,0.00,VEHICLE,0,0,
-1751.6556,93.4025,3.5482,181.6341,0.00,VEHICLE,0,0,
-1751.5818,90.8031,3.5482,181.6341,0.00,VEHICLE,0,0,
-1751.5061,88.1471,3.5481,181.6340,0.00,VEHICLE,0,0,
-1751.4276,85.3925,3.5482,181.6339,0.00,VEHICLE,0,0,
-1751.3492,82.6467,3.5481,181.6338,0.00,VEHICLE,0,0,
-1751.2688,79.8269,3.5482,181.6337,0.00,VEHICLE,0,0,
-1751.1902,77.0727,3.5481,181.6337,0.00,VEHICLE,0,0,
-1751.1129,74.3661,3.5482,181.6337,0.00,VEHICLE,0,0,
-1751.0331,71.5633,3.5481,181.6338,0.00,VEHICLE,0,0,
-1750.9502,68.6546,3.5480,181.6338,0.00,VEHICLE,0,0,
-1750.8622,65.5692,3.5468,181.6338,0.00,VEHICLE,0,0,
-1750.7830,62.7871,3.5456,181.6339,0.00,VEHICLE,0,0,
-1750.7109,60.2638,3.5450,181.6339,0.00,VEHICLE,0,0,
-1750.6366,57.6568,3.5446,181.6339,0.00,VEHICLE,0,0,
-1750.5702,55.3263,3.5445,181.6339,0.00,VEHICLE,0,0,
-1750.4888,52.4684,3.5447,181.6338,0.00,VEHICLE,0,0,
-1750.4081,49.6403,3.5454,181.6338,0.00,VEHICLE,0,0,
-1750.3318,46.9690,3.5462,181.6338,0.00,VEHICLE,0,0,
-1750.2417,43.8129,3.5466,181.6338,0.00,VEHICLE,0,0,
-1750.1548,40.7653,3.5462,181.6338,0.00,VEHICLE,0,0,
-1750.0800,38.1431,3.5455,181.6338,0.00,VEHICLE,0,0,
-1750.0039,35.4769,3.5449,181.6338,0.00,VEHICLE,0,0,
-1749.9291,32.8528,3.5446,181.6339,0.00,VEHICLE,0,0,
-1749.8502,30.0905,3.5445,181.6339,0.00,VEHICLE,0,0,
-1749.7794,27.6061,3.5444,181.6339,0.00,VEHICLE,0,0,
-1749.7113,25.2150,3.5444,181.6339,0.00,VEHICLE,0,0,
-1749.6411,22.7521,3.5444,181.6339,0.00,VEHICLE,0,0,
-1749.5734,20.3745,3.5444,181.6339,0.00,VEHICLE,0,0,
-1749.5105,18.1691,3.5444,181.6339,0.00,VEHICLE,0,0,
-1749.4476,15.9691,3.5444,181.6339,0.00,VEHICLE,0,0,
-1749.3843,13.7460,3.5444,181.6339,0.00,VEHICLE,0,0,
-1749.3157,11.3400,3.5444,181.6339,0.00,VEHICLE,0,0,
-1749.2502,9.0445,3.5444,181.6339,0.00,VEHICLE,0,0,
-1749.1917,6.9913,3.5444,181.6339,0.00,VEHICLE,0,0,
-1749.1323,4.9094,3.5444,181.6339,0.00,VEHICLE,0,0,
-1749.0732,2.8354,3.5444,181.6339,0.00,VEHICLE,0,0,
-1748.9830,-0.3323,3.5444,181.6339,0.00,VEHICLE,0,0,
-1748.9022,-3.1673,3.5445,181.6339,0.00,VEHICLE,0,0,
-1748.8229,-5.9498,3.5445,181.6339,0.00,VEHICLE,0,0,
-1748.7505,-8.4900,3.5444,181.6339,0.00,VEHICLE,0,0,
-1748.6843,-10.8087,3.5444,181.6339,0.00,VEHICLE,0,0,
-1748.6259,-12.8635,3.5445,181.6339,0.00,VEHICLE,0,0,
-1748.5499,-15.5210,3.5445,181.6339,0.00,VEHICLE,0,0,
-1748.4814,-17.9181,3.5444,181.6339,0.00,VEHICLE,0,0,
-1748.3462,-20.4302,3.5444,182.8055,0.00,VEHICLE,0,0,
-1748.0131,-22.5914,3.5443,187.1165,0.00,VEHICLE,0,0,
-1747.2028,-25.0623,3.5436,195.9796,0.00,VEHICLE,0,0,
-1746.0574,-26.7851,3.5422,207.9202,0.00,VEHICLE,0,0,
-1744.2434,-28.3282,3.5416,223.7877,0.00,VEHICLE,0,0,
-1742.3740,-29.7353,3.5443,229.9458,0.00,VEHICLE,0,0,
-1740.2728,-31.2457,3.5507,233.1271,0.00,VEHICLE,0,0,
-1738.3958,-32.1725,3.5499,240.6214,0.00,VEHICLE,0,0,
-1736.2250,-32.8105,3.5556,250.2853,0.00,VEHICLE,0,0,
-1734.0494,-33.1150,3.5496,259.0267,0.00,VEHICLE,0,0,
-1731.4763,-33.4480,3.5729,261.7609,0.00,VEHICLE,0,0,
-1729.0140,-33.7158,3.5595,262.8644,0.00,VEHICLE,0,0,
-1726.5225,-33.7739,3.5719,267.2719,0.00,VEHICLE,0,0,
-1723.6892,-33.4880,3.5494,274.6797,0.00,VEHICLE,0,0,
-1720.8105,-33.1044,3.5467,277.0739,0.00,VEHICLE,0,0,
-1718.7593,-32.7211,3.5470,279.2058,0.00,VEHICLE,0,0,
-1716.7394,-32.1621,3.5469,283.4182,0.00,VEHICLE,0,0,
-1714.7292,-31.3823,3.5462,288.9352,0.00,VEHICLE,0,0,
-1712.8888,-30.4343,3.5438,295.0712,0.00,VEHICLE,0,0,
-1710.4894,-28.6849,3.5627,305.2406,0.00,VEHICLE,0,0,
-1708.8390,-27.3012,3.5524,309.3993,0.00,VEHICLE,0,0,
-1707.1652,-25.8390,3.5513,310.4809,0.00,VEHICLE,0,0,
-1705.4653,-24.3423,3.5519,310.6576,0.00,VEHICLE,0,0,
-1703.7607,-22.8525,3.5541,310.7025,0.00,VEHICLE,0,0,
-1702.0365,-21.3595,3.5507,310.7182,0.00,VEHICLE,0,0,
-1700.1964,-19.7806,3.5483,310.7300,0.00,VEHICLE,0,0,
-1698.2917,-18.1532,3.5478,310.7386,0.00,VEHICLE,0,0,
-1696.4116,-16.5464,3.5477,310.7429,0.00,VEHICLE,0,0,
-1694.5444,-14.9464,3.5474,310.7443,0.00,VEHICLE,0,0,
-1692.6140,-13.2868,3.5472,310.7431,0.00,VEHICLE,0,0,
-1690.5903,-11.5867,3.5471,310.1706,0.00,VEHICLE,0,0,
-1688.5721,-10.0253,3.5493,308.0898,0.00,VEHICLE,0,0,
-1686.4407,-8.3997,3.5506,307.2711,0.00,VEHICLE,0,0,
-1684.3488,-6.8300,3.5513,306.7607,0.00,VEHICLE,0,0,
-1682.2607,-5.2763,3.5487,306.7334,0.00,VEHICLE,0,0,
-1680.0463,-3.5095,3.5479,308.4290,0.00,VEHICLE,0,0,
-1677.9871,-1.7127,3.5476,310.9239,0.00,VEHICLE,0,0,
-1675.8722,0.1750,3.5471,311.7714,0.00,VEHICLE,0,0,
-1673.8075,2.0388,3.5468,311.9589,0.00,VEHICLE,0,0,
-1671.6825,3.9653,3.5469,312.0002,0.00,VEHICLE,0,0,
-1669.5175,5.9286,3.5470,312.0073,0.00,VEHICLE,0,0,
-1667.3627,7.8794,3.5674,311.9859,0.00,VEHICLE,0,0,
-1665.5062,9.5631,3.5873,311.9530,0.00,VEHICLE,0,0,
-1663.8982,11.0096,3.5686,311.9587,0.00,VEHICLE,0,0,
-1662.3657,12.3817,3.5571,311.9622,0.00,VEHICLE,0,0,
-1660.5402,14.0130,3.5514,311.9659,0.00,VEHICLE,0,0,
-1658.7628,15.6026,3.5491,311.9680,0.00,VEHICLE,0,0,
-1656.9290,17.2462,3.5479,311.9684,0.00,VEHICLE,0,0,
-1655.0708,18.9159,3.5474,311.9673,0.00,VEHICLE,0,0,
-1653.2032,20.5967,3.5471,311.9654,0.00,VEHICLE,0,0,
-1651.2180,22.3848,3.5469,311.9637,0.00,VEHICLE,0,0,
-1649.2111,24.1921,3.5468,311.9626,0.00,VEHICLE,0,0,
-1647.4204,25.8039,3.5469,311.9622,0.00,VEHICLE,0,0,
-1645.4785,27.5507,3.5469,311.9624,0.00,VEHICLE,0,0,
-1643.5826,29.2554,3.5470,311.9629,0.00,VEHICLE,0,0,
-1641.7428,30.9092,3.5470,311.9633,0.00,VEHICLE,0,0,
-1639.9886,32.5348,3.5470,312.5544,0.00,VEHICLE,0,0,
-1638.0361,34.4387,3.5470,314.0334,0.00,VEHICLE,0,0,
-1636.2052,36.2429,3.5469,314.5309,0.00,VEHICLE,0,0,
-1633.7924,38.6341,3.5468,314.6905,0.00,VEHICLE,0,0,
-1631.5135,40.8978,3.5469,314.7171,0.00,VEHICLE,0,0,
-1629.2062,43.1898,3.5470,314.7213,0.00,VEHICLE,0,0,
-1627.0048,45.3739,3.5470,314.7223,0.00,VEHICLE,0,0,
-1624.9825,47.3774,3.5470,314.7234,0.00,VEHICLE,0,0,
-1622.4169,49.9174,3.5471,314.7251,0.00,VEHICLE,0,0,
-1619.8198,52.4874,3.5471,314.7263,0.00,VEHICLE,0,0,
-1617.3243,54.9577,3.5471,314.7267,0.00,VEHICLE,0,0,
-1614.9949,57.2642,3.5471,314.7267,0.00,VEHICLE,0,0,
-1612.6332,59.6034,3.5471,314.7263,0.00,VEHICLE,0,0,
-1610.0491,62.1636,3.5471,314.7258,0.00,VEHICLE,0,0,
-1607.8799,64.3127,3.5471,314.7256,0.00,VEHICLE,0,0,
-1605.8895,66.2846,3.5471,314.7255,0.00,VEHICLE,0,0,
-1603.5239,68.6282,3.5476,314.7255,0.00,VEHICLE,0,0,
-1601.3678,70.7638,3.5476,314.7256,0.00,VEHICLE,0,0,
-1599.4042,72.7087,3.5474,314.7258,0.00,VEHICLE,0,0,
-1597.3264,74.7666,3.5471,314.7259,0.00,VEHICLE,0,0,
-1594.9464,77.1238,3.5470,314.7260,0.00,VEHICLE,0,0,
-1592.1376,79.9057,3.5469,314.7260,0.00,VEHICLE,0,0,
-1589.4923,82.5259,3.5469,314.7259,0.00,VEHICLE,0,0,
-1586.7460,85.2462,3.5469,314.7259,0.00,VEHICLE,0,0,
-1583.9082,88.0571,3.5469,314.7259,0.00,VEHICLE,0,0,
-1581.2551,90.6850,3.5469,314.7258,0.00,VEHICLE,0,0,
-1579.0103,92.9085,3.5469,314.7258,0.00,VEHICLE,0,0,
-1576.2642,95.6284,3.5469,314.7259,0.00,VEHICLE,0,0,
-1573.5143,98.3519,3.5467,314.7259,0.00,VEHICLE,0,0,
-1570.8982,100.9432,3.5459,314.7259,0.00,VEHICLE,0,0,
-1568.2668,103.5495,3.5452,314.7259,0.00,VEHICLE,0,0,
-1565.7113,106.0808,3.5448,314.7259,0.00,VEHICLE,0,0,
-1563.5883,108.1836,3.5446,314.7259,0.00,VEHICLE,0,0,
-1561.4755,110.2764,3.5446,314.7259,0.00,VEHICLE,0,0,
-1560.0515,111.6868,3.5446,314.7259,0.00,VEHICLE,0,0,
-1557.7659,113.9508,3.5446,314.7258,0.00,VEHICLE,0,0,
-1555.6544,116.0422,3.5445,314.7258,0.00,VEHICLE,0,0,
-1553.4210,118.2543,3.5445,314.7258,0.00,VEHICLE,0,0,
-1552.4662,119.8376,4.5271,314.7258,0.00,VEHICLE,0,0,
-1552.4662,119.8376,4.5271,314.7258,0.00,VEHICLE,0,0,
