route,duong_di1.csv,2091.8472,-2090.9468,13.5289,6.3726,0.00,VEHICLE,0,0,
2091.8472,-2090.9468,13.5289,6.3726,0.00,VEHICLE,0,0,
2092.4360,-2088.7354,13.5409,351.2907,0.00,VEHICLE,0,0,
2093.7488,-2086.7258,13.5400,333.7733,0.00,VEHICLE,0,0,
2095.3064,-2085.3755,13.5389,318.8861,0.00,VEHICLE,0,0,
2097.3464,-2084.3975,13.5382,302.6935,0.00,VEHICLE,0,0,
2099.6982,-2084.0137,13.5374,285.6323,0.00,VEHICLE,0,0,
2102.1931,-2084.3730,13.5363,267.2722,0.00,VEHICLE,0,0,
2104.5093,-2085.5486,13.5350,248.1344,0.00,VEHICLE,0,0,
2106.2490,-2087.4175,13.5341,228.6560,0.00,VEHICLE,0,0,
2107.3340,-2089.8582,13.5354,208.9201,0.00,VEHICLE,0,0,
2107.5896,-2091.8420,13.5354,194.3973,0.00,VEHICLE,0,0,
2107.5725,-2094.0996,13.5359,182.9837,0.00,VEHICLE,0,0,
2107.5664,-2096.8220,13.5372,181.0551,0.00,VEHICLE,0,0,
2107.4543,-2098.8840,13.5385,178.3773,0.00,VEHICLE,0,0,
2106.9731,-2101.3057,13.5397,170.6704,0.00,VEHICLE,0,0,
2106.1567,-2103.4702,13.5387,162.0369,0.00,VEHICLE,0,0,
2105.0012,-2105.6260,13.4477,153.9382,0.00,VEHICLE,0,0,
2103.5093,-2107.7358,13.3925,147.0242,0.00,VEHICLE,0,0,
2101.8486,-2109.5435,13.2938,138.5455,0.00,VEHICLE,0,0,
2099.9207,-2111.4763,13.3014,135.9786,0.00,VEHICLE,0,0,
2098.0613,-2113.0164,13.3270,131.4367,0.00,VEHICLE,0,0,
2096.2065,-2114.0581,13.3410,123.2377,0.00,VEHICLE,0,0,
2094.1008,-2114.6616,13.3475,111.5779,0.00,VEHICLE,0,0,
2091.4956,-2114.5752,13.3954,94.0599,0.00,VEHICLE,0,0,
2089.5085,-2114.2673,13.4084,85.7531,0.00,VEHICLE,0,0,
2087.3872,-2114.0005,13.4010,84.4419,0.00,VEHICLE,0,0,
2085.0327,-2113.7708,13.3780,84.1022,0.00,VEHICLE,0,0,
2082.5042,-2113.4795,13.3170,81.9487,0.00,VEHICLE,0,0,
2080.0837,-2113.0164,13.3023,77.5974,0.00,VEHICLE,0,0,
2077.6714,-2112.4866,13.3192,76.7094,0.00,VEHICLE,0,0,
2075.0774,-2111.8494,13.3349,76.6197,0.00,VEHICLE,0,0,
2072.0991,-2111.2903,13.3488,79.9889,0.00,VEHICLE,0,0,
2069.3052,-2111.0693,13.3522,85.1869,0.00,VEHICLE,0,0,
2067.2847,-2110.9514,13.3542,86.3031,0.00,VEHICLE,0,0,
2065.2422,-2110.8752,13.3564,87.0247,0.00,VEHICLE,0,0,
2063.0403,-2110.9219,13.3565,89.6435,0.00,VEHICLE,0,0,
2060.8992,-2110.9817,13.3584,90.8303,0.00,VEHICLE,0,0,
2058.7217,-2111.0388,13.3614,91.1443,0.00,VEHICLE,0,0,
2056.5315,-2111.0891,13.3675,91.2313,0.00,VEHICLE,0,0,
2054.1985,-2111.1362,13.3730,91.2542,0.00,VEHICLE,0,0,
2051.7791,-2111.1804,13.3766,91.2478,0.00,VEHICLE,0,0,
2049.4104,-2111.1682,13.3766,90.2228,0.00,VEHICLE,0,0,
2046.6467,-2111.1296,13.3757,89.3568,0.00,VEHICLE,0,0,
2044.2715,-2111.0925,13.3753,89.1796,0.00,VEHICLE,0,0,
2042.0031,-2111.0571,13.3732,89.1377,0.00,VEHICLE,0,0,
2039.6140,-2111.0215,13.3696,89.1293,0.00,VEHICLE,0,0,
2037.2031,-2110.9885,13.3635,89.1218,0.00,VEHICLE,0,0,
2034.8068,-2110.9585,13.3584,89.1228,0.00,VEHICLE,0,0,
2032.3470,-2110.9280,13.3581,89.1352,0.00,VEHICLE,0,0,
2029.7878,-2110.8955,13.3626,89.1398,0.00,VEHICLE,0,0,
2027.2224,-2110.8596,13.3685,89.1457,0.00,VEHICLE,0,0,
2024.8268,-2110.8242,13.3736,89.1420,0.00,VEHICLE,0,0,
2022.2582,-2110.7847,13.3783,89.1385,0.00,VEHICLE,0,0,
2019.7025,-2110.7432,13.3840,89.1340,0.00,VEHICLE,0,0,
2016.9624,-2110.6963,13.3915,89.1351,0.00,VEHICLE,0,0,
2014.4666,-2110.6528,13.3966,89.1411,0.00,VEHICLE,0,0,
2011.8944,-2110.6084,13.3980,89.1459,0.00,VEHICLE,0,0,
2009.2649,-2110.5649,13.3943,89.1481,0.00,VEHICLE,0,0,
2006.8029,-2110.5269,13.3900,89.1485,0.00,VEHICLE,0,0,
2004.2184,-2110.4888,13.3859,89.1481,0.00,VEHICLE,0,0,
2001.6052,-2110.4512,13.3816,89.1469,0.00,VEHICLE,0,0,
1999.1062,-2110.4158,13.3755,89.1497,0.00,VEHICLE,0,0,
1996.7946,-2110.3835,13.3680,89.1505,0.00,VEHICLE,0,0,
1994.3962,-2110.3496,13.3594,89.1388,0.00,VEHICLE,0,0,
1991.9727,-2110.3142,13.3541,89.1353,0.00,VEHICLE,0,0,
1989.6935,-2110.2803,13.3537,89.1363,0.00,VEHICLE,0,0,
1987.3542,-2110.2441,13.3545,89.1381,0.00,VEHICLE,0,0,
1984.9399,-2110.1599,13.3549,88.3427,0.00,VEHICLE,0,0,
1982.7697,-2109.9314,13.3550,85.2737,0.00,VEHICLE,0,0,
1980.6455,-2109.5007,13.3551,80.4154,0.00,VEHICLE,0,0,
1978.6677,-2109.0007,13.3557,76.8860,0.00,VEHICLE,0,0,
1976.5952,-2108.4434,13.3564,75.5317,0.00,VEHICLE,0,0,
1974.5244,-2107.8735,13.3610,75.1960,0.00,VEHICLE,0,0,
1972.4655,-2107.2415,13.3671,73.9072,0.00,VEHICLE,0,0,
1970.6066,-2106.4966,13.3713,70.0893,0.00,VEHICLE,0,0,
1968.1266,-2105.1216,13.3729,62.1320,0.00,VEHICLE,0,0,
1965.9927,-2103.3577,13.3703,52.0908,0.00,VEHICLE,0,0,
1964.3759,-2101.3240,13.3690,40.8503,0.00,VEHICLE,0,0,
1963.1991,-2098.8762,13.3695,28.0765,0.00,VEHICLE,0,0,
1962.6505,-2096.4519,13.3701,15.9389,0.00,VEHICLE,0,0,
1962.5946,-2093.9543,13.3707,4.2681,0.00,VEHICLE,0,0,
1962.6527,-2091.3108,13.3733,359.7042,0.00,VEHICLE,0,0,
1962.7314,-2088.5173,13.3748,359.1601,0.00,VEHICLE,0,0,
1962.7920,-2085.5308,13.3753,359.0796,0.00,VEHICLE,0,0,
1962.8241,-2083.3647,13.3756,359.0630,0.00,VEHICLE,0,0,
1962.8619,-2080.4617,13.3759,359.0538,0.00,VEHICLE,0,0,
1962.8918,-2078.2422,13.3759,359.0510,0.00,VEHICLE,0,0,
1962.9219,-2076.1934,13.3759,359.0509,0.00,VEHICLE,0,0,
1962.9133,-2073.9216,13.3759,359.8301,0.00,VEHICLE,0,0,
1962.8120,-2071.6675,13.3758,1.9514,0.00,VEHICLE,0,0,
1962.6871,-2069.1157,13.3757,2.7428,0.00,VEHICLE,0,0,
1962.5707,-2066.8682,13.3757,2.9058,0.00,VEHICLE,0,0,
1962.4496,-2064.6306,13.3796,2.9571,0.00,VEHICLE,0,0,
1962.3143,-2062.2175,13.3845,2.9821,0.00,VEHICLE,0,0,
1962.2133,-2060.0222,13.3917,2.5599,0.00,VEHICLE,0,0,
1962.1255,-2057.3171,13.3954,1.6660,0.00,VEHICLE,0,0,
1962.0588,-2054.9116,13.3952,1.4431,0.00,VEHICLE,0,0,
1961.9987,-2052.4321,13.3944,1.3913,0.00,VEHICLE,0,0,
1961.9430,-2049.9048,13.3935,1.3857,0.00,VEHICLE,0,0,
1961.8914,-2047.3962,13.3895,1.3806,0.00,VEHICLE,0,0,
1961.8403,-2044.8354,13.3834,1.3830,0.00,VEHICLE,0,0,
1961.7892,-2042.2570,13.3774,1.3907,0.00,VEHICLE,0,0,
1961.7405,-2039.8970,13.3743,1.3949,0.00,VEHICLE,0,0,
1961.6816,-2037.2438,13.3743,1.3953,0.00,VEHICLE,0,0,
1961.6198,-2034.6521,13.3749,1.3933,0.00,VEHICLE,0,0,
1961.5547,-2032.0555,13.3751,1.3905,0.00,VEHICLE,0,0,
1961.4855,-2029.3453,13.3752,1.3878,0.00,VEHICLE,0,0,
1961.4180,-2026.6974,13.3752,1.3862,0.00,VEHICLE,0,0,
1961.3477,-2023.8896,13.3752,1.3858,0.00,VEHICLE,0,0,
1961.2827,-2021.2279,13.3752,1.3862,0.00,VEHICLE,0,0,
1961.2188,-2018.5759,13.3753,1.3871,0.00,VEHICLE,0,0,
1961.1489,-2015.6683,13.3756,1.3883,0.00,VEHICLE,0,0,
1961.0830,-2012.9084,13.3760,1.3887,0.00,VEHICLE,0,0,
1961.0165,-2010.1383,13.3759,1.3889,0.00,VEHICLE,0,0,
1960.9419,-2007.0464,13.3756,1.3888,0.00,VEHICLE,0,0,
1960.8766,-2004.3533,13.3754,1.3886,0.00,VEHICLE,0,0,
1960.8450,-2001.5967,13.3753,0.7701,0.00,VEHICLE,0,0,
1960.8348,-1998.7953,13.3752,0.2280,0.00,VEHICLE,0,0,
1960.8313,-1995.8365,13.3751,0.0697,0.00,VEHICLE,0,0,
1960.8312,-1992.9829,13.3752,0.0319,0.00,VEHICLE,0,0,
1960.8326,-1989.9893,13.3753,0.0230,0.00,VEHICLE,0,0,
1960.8341,-1986.9996,13.3753,0.0214,0.00,VEHICLE,0,0,
1960.8346,-1984.0267,13.3753,0.0211,0.00,VEHICLE,0,0,
1960.8340,-1981.0780,13.3753,0.0207,0.00,VEHICLE,0,0,
1960.8328,-1978.1294,13.3753,0.0201,0.00,VEHICLE,0,0,
1960.8313,-1975.1821,13.3753,0.0195,0.00,VEHICLE,0,0,
1960.8295,-1972.0745,13.3812,0.0190,0.00,VEHICLE,0,0,
1960.8280,-1969.1479,13.4352,0.0188,0.00,VEHICLE,0,0,
1960.8267,-1966.2113,13.5340,0.0188,0.00,VEHICLE,0,0,
1960.8259,-1963.3094,13.6414,0.0190,0.00,VEHICLE,0,0,
1960.8247,-1959.9912,13.7194,0.0187,0.00,VEHICLE,0,0,
1960.8226,-1956.4897,13.7463,0.0213,0.00,VEHICLE,0,0,
1960.8199,-1953.4592,13.7425,0.0267,0.00,VEHICLE,0,0,
1960.8173,-1950.4962,13.7186,0.0265,0.00,VEHICLE,0,0,
1960.8156,-1947.4244,13.6336,0.0205,0.00,VEHICLE,0,0,
1960.8153,-1944.3668,13.4867,0.0230,0.00,VEHICLE,0,0,
1960.8154,-1941.3221,13.3864,0.0261,0.00,VEHICLE,0,0,
1960.8158,-1938.5045,13.3492,0.0274,0.00,VEHICLE,0,0,
1960.8157,-1935.4957,13.3614,0.0275,0.00,VEHICLE,0,0,
1960.8149,-1932.6464,13.3708,0.0275,0.00,VEHICLE,0,0,
1960.8387,-1929.3153,13.3741,359.6125,0.00,VEHICLE,0,0,
1960.9673,-1926.1229,13.3747,357.7960,0.00,VEHICLE,0,0,
1961.1249,-1923.0260,13.3747,357.0560,0.00,VEHICLE,0,0,
1961.2848,-1920.1293,13.3747,356.8744,0.00,VEHICLE,0,0,
1961.4587,-1917.0729,13.3748,356.8235,0.00,VEHICLE,0,0,
1961.6300,-1914.0894,13.3749,356.8119,0.00,VEHICLE,0,0,
1961.8135,-1910.8789,13.3750,356.8096,0.00,VEHICLE,0,0,
1961.9880,-1907.8024,13.3750,356.8089,0.00,VEHICLE,0,0,
1962.1621,-1904.6902,13.3750,356.8079,0.00,VEHICLE,0,0,
1962.2782,-1902.0363,13.3750,357.3236,0.00,VEHICLE,0,0,
1962.3322,-1898.9528,13.3749,358.8531,0.00,VEHICLE,0,0,
1962.3633,-1895.8411,13.3748,359.4081,0.00,VEHICLE,0,0,
1962.3834,-1892.8789,13.3751,359.5454,0.00,VEHICLE,0,0,
1962.4011,-1889.7982,13.3755,359.5841,0.00,VEHICLE,0,0,
1962.4180,-1886.7858,13.3754,359.5931,0.00,VEHICLE,0,0,
1962.4359,-1883.7139,13.3752,359.5952,0.00,VEHICLE,0,0,
1962.4557,-1880.6711,13.3751,359.5963,0.00,VEHICLE,0,0,
1962.4780,-1877.4983,13.3750,359.5975,0.00,VEHICLE,0,0,
1962.5073,-1874.2063,13.3750,359.5190,0.00,VEHICLE,0,0,
1962.5940,-1871.1635,13.3750,358.5016,0.00,VEHICLE,0,0,
1962.7135,-1867.9183,13.3749,357.8872,0.00,VEHICLE,0,0,
1962.8441,-1864.6570,13.3749,357.7275,0.00,VEHICLE,0,0,
1962.9813,-1861.3365,13.3749,357.6890,0.00,VEHICLE,0,0,
1963.0629,-1858.1488,13.3750,358.5450,0.00,VEHICLE,0,0,
1963.0942,-1854.8481,13.3749,359.5288,0.00,VEHICLE,0,0,
1963.1073,-1851.6691,13.3748,359.7895,0.00,VEHICLE,0,0,
1963.1132,-1848.4059,13.3748,359.8564,0.00,VEHICLE,0,0,
1963.1156,-1845.4087,13.3749,359.8699,0.00,VEHICLE,0,0,
1963.1184,-1841.6445,13.3750,359.8722,0.00,VEHICLE,0,0,
1963.1221,-1838.5496,13.3750,359.8723,0.00,VEHICLE,0,0,
1963.1277,-1835.4000,13.3750,359.8729,0.00,VEHICLE,0,0,
1963.1349,-1832.2715,13.3750,359.8740,0.00,VEHICLE,0,0,
1963.1437,-1828.8010,13.3750,359.8755,0.00,VEHICLE,0,0,
1963.1517,-1825.6803,13.3750,359.8763,0.00,VEHICLE,0,0,
1963.1594,-1822.5138,13.3750,359.8768,0.00,VEHICLE,0,0,
1963.1669,-1819.3400,13.3750,359.8768,0.00,VEHICLE,0,0,
1963.1735,-1816.2511,13.3750,359.8765,0.00,VEHICLE,0,0,
1963.1801,-1813.1167,13.3750,359.8762,0.00,VEHICLE,0,0,
1963.1865,-1809.9801,13.3750,359.8758,0.00,VEHICLE,0,0,
1963.1931,-1806.8009,13.3750,359.8756,0.00,VEHICLE,0,0,
1963.1997,-1803.6619,13.3749,359.8756,0.00,VEHICLE,0,0,
1963.2058,-1800.8170,13.3744,359.8756,0.00,VEHICLE,0,0,
1963.2125,-1797.7366,13.3738,359.8756,0.00,VEHICLE,0,0,
1963.2047,-1794.6665,13.3732,0.1351,0.00,VEHICLE,0,0,
1963.1812,-1791.3801,13.3719,0.4211,0.00,VEHICLE,0,0,
1963.1584,-1788.7468,13.3696,0.4848,0.00,VEHICLE,0,0,
1963.1350,-1786.1542,13.3698,0.5010,0.00,VEHICLE,0,0,
1963.1104,-1783.5392,13.3710,0.5105,0.00,VEHICLE,0,0,
1963.0271,-1780.9810,13.3719,1.5295,0.00,VEHICLE,0,0,
1962.7941,-1778.6810,13.3722,4.8100,0.00,VEHICLE,0,0,
1962.4679,-1776.2382,13.3723,7.2373,0.00,VEHICLE,0,0,
1962.1172,-1773.8605,13.3726,8.0968,0.00,VEHICLE,0,0,
1961.6536,-1771.6322,13.3727,10.5942,0.00,VEHICLE,0,0,
1961.1406,-1769.5388,13.3726,12.9031,0.00,VEHICLE,0,0,
1960.5985,-1767.3792,13.3727,13.6597,0.00,VEHICLE,0,0,
1960.0452,-1765.2242,13.3729,13.9877,0.00,VEHICLE,0,0,
1959.4440,-1763.3147,13.3728,16.1444,0.00,VEHICLE,0,0,
1958.2760,-1760.6721,13.3721,22.9035,0.00,VEHICLE,0,0,
1957.2720,-1758.9366,13.3714,28.1241,0.00,VEHICLE,0,0,
1955.7224,-1756.5282,13.3720,32.0314,0.00,VEHICLE,0,0,
1953.8550,-1754.4293,13.3717,39.9600,0.00,VEHICLE,0,0,
1952.1510,-1752.6736,13.3722,43.0300,0.00,VEHICLE,0,0,
1950.3164,-1750.7593,13.3739,43.2873,0.00,VEHICLE,0,0,
1948.5392,-1748.5078,13.3747,38.7889,0.00,VEHICLE,0,0,
1947.0988,-1745.9833,13.3736,30.9197,0.00,VEHICLE,0,0,
1945.8578,-1743.3564,13.3757,26.0329,0.00,VEHICLE,0,0,
1944.5822,-1740.5844,13.3947,25.0400,0.00,VEHICLE,0,0,
1943.7905,-1738.4398,13.3809,21.8609,0.00,VEHICLE,0,0,
1943.2375,-1736.3855,13.3755,17.2399,0.00,VEHICLE,0,0,
1942.8669,-1734.3134,13.3739,12.1978,0.00,VEHICLE,0,0,
1942.5050,-1732.0784,13.3741,9.7350,0.00,VEHICLE,0,0,
1942.1643,-1729.8389,13.3748,9.1891,0.00,VEHICLE,0,0,
1941.8257,-1727.5168,13.3753,8.8290,0.00,VEHICLE,0,0,
1941.6116,-1725.1560,13.3755,6.2716,0.00,VEHICLE,0,0,
1941.5544,-1722.8590,13.3753,2.5587,0.00,VEHICLE,0,0,
1941.5364,-1720.4279,13.3752,0.7021,0.00,VEHICLE,0,0,
1941.5343,-1718.0007,13.3751,0.2273,0.00,VEHICLE,0,0,
1941.5380,-1715.4609,13.3750,0.1139,0.00,VEHICLE,0,0,
1941.5425,-1712.6580,13.3751,0.0873,0.00,VEHICLE,0,0,
1941.5444,-1710.1195,13.3751,0.0822,0.00,VEHICLE,0,0,
1941.5431,-1707.5839,13.3751,0.0799,0.00,VEHICLE,0,0,
1941.5389,-1704.9144,13.3751,0.0776,0.00,VEHICLE,0,0,
1941.5333,-1702.3029,13.3750,0.0755,0.00,VEHICLE,0,0,
1941.5271,-1699.5321,13.3750,0.0740,0.00,VEHICLE,0,0,
1941.5221,-1696.8467,13.3750,0.0735,0.00,VEHICLE,0,0,
1941.5178,-1694.0933,13.3751,0.0736,0.00,VEHICLE,0,0,
1941.4786,-1691.2684,13.3751,0.6799,0.00,VEHICLE,0,0,
1941.3881,-1688.2850,13.3751,1.6883,0.00,VEHICLE,0,0,
1941.2985,-1685.6582,13.3750,1.9407,0.00,VEHICLE,0,0,
1941.1952,-1682.7596,13.3750,2.0119,0.00,VEHICLE,0,0,
1941.0942,-1679.9883,13.3750,2.0276,0.00,VEHICLE,0,0,
1940.9894,-1677.1263,13.3751,2.0307,0.00,VEHICLE,0,0,
1940.8837,-1674.2133,13.3751,2.0313,0.00,VEHICLE,0,0,
1940.7809,-1671.3370,13.3751,2.0317,0.00,VEHICLE,0,0,
1940.6769,-1668.4063,13.3751,2.0325,0.00,VEHICLE,0,0,
1940.5712,-1665.4152,13.3752,2.0335,0.00,VEHICLE,0,0,
1940.4653,-1662.4114,13.3758,2.0340,0.00,VEHICLE,0,0,
1940.3586,-1659.3914,13.3758,2.0342,0.00,VEHICLE,0,0,
1940.2476,-1656.2570,13.3755,2.0343,0.00,VEHICLE,0,0,
1940.1426,-1653.2993,13.3753,2.0341,0.00,VEHICLE,0,0,
1940.0286,-1650.0917,13.3752,2.0339,0.00,VEHICLE,0,0,
1939.9106,-1646.7767,13.3745,2.0337,0.00,VEHICLE,0,0,
1939.8060,-1643.8365,13.3736,2.0336,0.00,VEHICLE,0,0,
1939.7009,-1640.8800,13.3730,2.0335,0.00,VEHICLE,0,0,
1939.5938,-1637.8618,13.3727,2.0335,0.00,VEHICLE,0,0,
1939.4933,-1635.0353,13.3726,2.0335,0.00,VEHICLE,0,0,
1939.3954,-1632.2762,13.3726,2.0336,0.00,VEHICLE,0,0,
1939.2939,-1629.4604,13.3725,2.0523,0.00,VEHICLE,0,0,
1939.0980,-1626.6478,13.3726,3.6900,0.00,VEHICLE,0,0,
1938.6860,-1623.7987,13.3723,7.7445,0.00,VEHICLE,0,0,
1938.0074,-1621.0516,13.3716,13.1922,0.00,VEHICLE,0,0,
1937.1255,-1618.6372,13.3705,19.0400,0.00,VEHICLE,0,0,
1935.9073,-1616.2223,13.3698,25.9610,0.00,VEHICLE,0,0,
1934.3253,-1613.9143,13.3694,33.8161,0.00,VEHICLE,0,0,
1932.7463,-1612.1772,13.3693,40.7556,0.00,VEHICLE,0,0,
1931.0156,-1610.7106,13.3693,47.8587,0.00,VEHICLE,0,0,
1929.1870,-1609.5372,13.3694,55.0003,0.00,VEHICLE,0,0,
1927.0591,-1608.5612,13.3715,63.1811,0.00,VEHICLE,0,0,
1925.1324,-1608.0089,13.3913,70.6264,0.00,VEHICLE,0,0,
1923.1105,-1607.7419,13.4059,78.5510,0.00,VEHICLE,0,0,
1921.1062,-1607.7834,13.4301,86.6734,0.00,VEHICLE,0,0,
1918.1477,-1608.0970,13.4495,94.4396,0.00,VEHICLE,0,0,
1916.1206,-1608.3445,13.4317,95.6954,0.00,VEHICLE,0,0,
1914.0602,-1608.5734,13.4101,96.0237,0.00,VEHICLE,0,0,
1911.5723,-1608.8075,13.3776,96.0195,0.00,VEHICLE,0,0,
1909.3381,-1608.9724,13.3739,95.5338,0.00,VEHICLE,0,0,
1907.0830,-1609.0116,13.3752,92.8442,0.00,VEHICLE,0,0,
1904.7334,-1609.0172,13.3755,90.9994,0.00,VEHICLE,0,0,
1902.3365,-1609.0276,13.3754,90.5118,0.00,VEHICLE,0,0,
1899.4612,-1609.0468,13.3754,90.3717,0.00,VEHICLE,0,0,
1897.1262,-1609.0652,13.3753,90.3448,0.00,VEHICLE,0,0,
1894.7374,-1609.1119,13.3752,90.8007,0.00,VEHICLE,0,0,
1892.1233,-1609.2950,13.3750,93.3973,0.00,VEHICLE,0,0,
1889.3707,-1609.5262,13.3748,94.6717,0.00,VEHICLE,0,0,
1886.8138,-1609.7524,13.3748,94.9524,0.00,VEHICLE,0,0,
1884.0996,-1609.9965,13.3749,95.0203,0.00,VEHICLE,0,0,
1881.5424,-1610.2264,13.3750,95.0336,0.00,VEHICLE,0,0,
1879.2131,-1610.4277,13.3751,94.9374,0.00,VEHICLE,0,0,
1876.3853,-1610.5626,13.3751,93.0448,0.00,VEHICLE,0,0,
1873.5861,-1610.6506,13.3749,91.8184,0.00,VEHICLE,0,0,
1870.8407,-1610.7194,13.3748,91.5201,0.00,VEHICLE,0,0,
1868.1980,-1610.7799,13.3749,91.4539,0.00,VEHICLE,0,0,
1865.5129,-1610.8402,13.3750,91.4384,0.00,VEHICLE,0,0,
1862.6935,-1610.9052,13.3751,91.4349,0.00,VEHICLE,0,0,
1859.8259,-1610.9739,13.3751,91.4334,0.00,VEHICLE,0,0,
1856.8584,-1611.0479,13.3751,91.4316,0.00,VEHICLE,0,0,
1853.9520,-1611.1218,13.3751,91.4298,0.00,VEHICLE,0,0,
1850.7819,-1611.2034,13.3750,91.4281,0.00,VEHICLE,0,0,
1847.3666,-1611.2904,13.3750,91.4274,0.00,VEHICLE,0,0,
1844.3368,-1611.3666,13.3751,91.4274,0.00,VEHICLE,0,0,
1841.1592,-1611.4453,13.3751,91.4221,0.00,VEHICLE,0,0,
1838.4813,-1611.4686,13.3751,90.7041,0.00,VEHICLE,0,0,
1834.6023,-1611.3616,13.3750,88.3509,0.00,VEHICLE,0,0,
1831.3453,-1611.2368,13.3737,87.7996,0.00,VEHICLE,0,0,
1828.2657,-1611.1078,13.3700,87.6840,0.00,VEHICLE,0,0,
1825.0493,-1610.9690,13.3664,87.6565,0.00,VEHICLE,0,0,
1821.8877,-1610.8326,13.3655,87.6515,0.00,VEHICLE,0,0,
1818.7540,-1610.6997,13.3664,87.6496,0.00,VEHICLE,0,0,
1815.5598,-1610.5669,13.3683,87.6479,0.00,VEHICLE,0,0,
1813.5502,-1610.4846,13.3700,87.6464,0.00,VEHICLE,0,0,
1810.3198,-1610.3356,13.3676,87.3630,0.00,VEHICLE,0,0,
1807.0604,-1610.0577,13.3572,85.1783,0.00,VEHICLE,0,0,
1803.8353,-1609.7081,13.3475,83.7264,0.00,VEHICLE,0,0,
1800.8501,-1609.3591,13.3444,83.3550,0.00,VEHICLE,0,0,
1797.6992,-1608.9807,13.3436,83.2576,0.00,VEHICLE,0,0,
1794.3784,-1608.5776,13.3436,83.2250,0.00,VEHICLE,0,0,
1790.9979,-1608.0979,13.3450,82.0907,0.00,VEHICLE,0,0,
1787.7114,-1607.5479,13.3478,80.5445,0.00,VEHICLE,0,0,
1783.9420,-1606.8882,13.3513,80.0521,0.00,VEHICLE,0,0,
1780.6903,-1606.3104,13.3544,79.9651,0.00,VEHICLE,0,0,
1777.3605,-1605.7164,13.3574,79.9445,0.00,VEHICLE,0,0,
1773.9551,-1605.1089,13.3601,79.9402,0.00,VEHICLE,0,0,
1770.5920,-1604.5093,13.3619,79.9301,0.00,VEHICLE,0,0,
1767.4449,-1603.9021,13.3633,79.1375,0.00,VEHICLE,0,0,
1764.1302,-1603.2305,13.3644,78.5112,0.00,VEHICLE,0,0,
1760.7518,-1602.5343,13.3653,78.3399,0.00,VEHICLE,0,0,
1757.4822,-1601.8555,13.3664,78.2998,0.00,VEHICLE,0,0,
1753.9774,-1601.1257,13.3678,78.2900,0.00,VEHICLE,0,0,
1750.8483,-1600.4740,13.3691,78.2884,0.00,VEHICLE,0,0,
1747.5967,-1599.8333,13.3703,78.8524,0.00,VEHICLE,0,0,
1744.3713,-1599.3480,13.3714,81.3562,0.00,VEHICLE,0,0,
1740.8025,-1598.9187,13.3725,83.2946,0.00,VEHICLE,0,0,
1737.4633,-1598.5586,13.3708,83.8066,0.00,VEHICLE,0,0,
1734.1094,-1598.2115,13.3663,83.9333,0.00,VEHICLE,0,0,
1730.7223,-1597.8645,13.3607,83.9636,0.00,VEHICLE,0,0,
1726.9810,-1597.4794,13.3544,83.9699,0.00,VEHICLE,0,0,
1723.0931,-1597.0742,13.3479,83.9724,0.00,VEHICLE,0,0,
1720.7822,-1596.8313,13.3450,83.9741,0.00,VEHICLE,0,0,
1717.0378,-1596.4351,13.3455,83.9773,0.00,VEHICLE,0,0,
1713.4069,-1596.0490,13.3506,83.9799,0.00,VEHICLE,0,0,
1709.7102,-1595.6558,13.3556,83.9817,0.00,VEHICLE,0,0,
1705.8577,-1595.2469,13.3602,83.9824,0.00,VEHICLE,0,0,
1702.4954,-1594.8916,13.3637,83.9825,0.00,VEHICLE,0,0,
1699.2192,-1594.5490,13.3662,84.0299,0.00,VEHICLE,0,0,
1695.6764,-1594.1816,13.3664,84.0694,0.00,VEHICLE,0,0,
1692.5939,-1593.8630,13.3643,84.0791,0.00,VEHICLE,0,0,
1689.9047,-1593.5851,13.3628,84.0807,0.00,VEHICLE,0,0,
1687.1364,-1593.2986,13.3635,84.0798,0.00,VEHICLE,0,0,
1684.5636,-1593.0316,13.3665,84.0774,0.00,VEHICLE,0,0,
1682.0247,-1592.7643,13.3695,84.0290,0.00,VEHICLE,0,0,
1679.6405,-1592.4153,13.3714,82.2718,0.00,VEHICLE,0,0,
1677.1040,-1591.9438,13.3722,79.8380,0.00,VEHICLE,0,0,
1674.5909,-1591.4525,13.3725,79.0730,0.00,VEHICLE,0,0,
1672.3141,-1590.9948,13.3727,78.8587,0.00,VEHICLE,0,0,
1670.2725,-1590.4792,13.3727,77.0417,0.00,VEHICLE,0,0,
1668.0959,-1589.7543,13.3726,72.9921,0.00,VEHICLE,0,0,
1666.0145,-1588.8214,13.3721,67.5985,0.00,VEHICLE,0,0,
1664.0630,-1587.6522,13.3710,61.1079,0.00,VEHICLE,0,0,
1662.2827,-1586.4480,13.3708,56.6945,0.00,VEHICLE,0,0,
1660.6276,-1585.2488,13.3716,55.0063,0.00,VEHICLE,0,0,
1658.9949,-1583.8486,13.3723,51.4954,0.00,VEHICLE,0,0,
1657.0947,-1581.7603,13.3716,43.8996,0.00,VEHICLE,0,0,
1655.6929,-1579.5059,13.3702,34.1420,0.00,VEHICLE,0,0,
1654.8149,-1577.0532,13.3692,22.3298,0.00,VEHICLE,0,0,
1654.5140,-1574.6405,13.3694,10.3637,0.00,VEHICLE,0,0,
1654.6816,-1571.8694,13.3707,358.4394,0.00,VEHICLE,0,0,
1654.9458,-1569.0146,13.3738,355.5496,0.00,VEHICLE,0,0,
1655.2275,-1565.9808,13.3749,355.2967,0.00,VEHICLE,0,0,
1655.4032,-1563.9222,13.3753,355.2651,0.00,VEHICLE,0,0,
1655.5690,-1561.8826,13.3755,355.2518,0.00,VEHICLE,0,0,
1655.7278,-1559.8838,13.3757,355.2445,0.00,VEHICLE,0,0,
1655.9032,-1557.6785,13.3758,355.2404,0.00,VEHICLE,0,0,
1656.0741,-1555.4420,13.3758,355.3810,0.00,VEHICLE,0,0,
1656.1333,-1553.1785,13.3757,357.5912,0.00,VEHICLE,0,0,
1656.1304,-1550.8912,13.3756,359.6245,0.00,VEHICLE,0,0,
1656.1168,-1548.4426,13.3755,0.2226,0.00,VEHICLE,0,0,
1656.0964,-1545.9198,13.3755,0.3599,0.00,VEHICLE,0,0,
1656.0745,-1543.5012,13.3755,0.3888,0.00,VEHICLE,0,0,
1656.0522,-1541.0234,13.3753,0.3948,0.00,VEHICLE,0,0,
1656.0308,-1538.4331,13.3752,0.3964,0.00,VEHICLE,0,0,
1656.0120,-1535.8743,13.3751,0.3977,0.00,VEHICLE,0,0,
1655.9948,-1533.3141,13.3751,0.3991,0.00,VEHICLE,0,0,
1655.9777,-1530.6958,13.3751,0.4004,0.00,VEHICLE,0,0,
1655.9608,-1528.0809,13.3751,0.4013,0.00,VEHICLE,0,0,
1655.9456,-1525.4393,13.3751,0.3692,0.00,VEHICLE,0,0,
1655.9917,-1522.6566,13.3751,359.2448,0.00,VEHICLE,0,0,
1656.0625,-1520.0709,13.3750,358.5047,0.00,VEHICLE,0,0,
1656.1499,-1517.1874,13.3749,358.2850,0.00,VEHICLE,0,0,
1656.2415,-1514.2996,13.3750,358.2347,0.00,VEHICLE,0,0,
1656.3317,-1511.4949,13.3751,358.2244,0.00,VEHICLE,0,0,
1656.4215,-1508.6925,13.3752,358.2225,0.00,VEHICLE,0,0,
1656.5061,-1506.0221,13.3752,358.2220,0.00,VEHICLE,0,0,
1656.5884,-1503.3860,13.3748,358.2218,0.00,VEHICLE,0,0,
1656.6766,-1500.5298,13.3739,358.2213,0.00,VEHICLE,0,0,
1656.7621,-1497.7590,13.3732,358.2205,0.00,VEHICLE,0,0,
1656.8419,-1495.1715,13.3728,358.2199,0.00,VEHICLE,0,0,
1656.9222,-1492.5693,13.3726,358.2194,0.00,VEHICLE,0,0,
1656.9979,-1490.1212,13.3726,358.2193,0.00,VEHICLE,0,0,
1657.0750,-1487.6472,13.3725,358.2194,0.00,VEHICLE,0,0,
1657.1517,-1485.1812,13.3725,358.2196,0.00,VEHICLE,0,0,
1657.2262,-1482.7946,13.3725,358.2198,0.00,VEHICLE,0,0,
1657.3030,-1480.3285,13.3725,358.2200,0.00,VEHICLE,0,0,
1657.3759,-1477.9871,13.3725,358.2200,0.00,VEHICLE,0,0,
1657.4805,-1474.6245,13.3726,358.2200,0.00,VEHICLE,0,0,
1657.5560,-1472.1912,13.3726,358.2199,0.00,VEHICLE,0,0,
1657.6274,-1469.8937,13.3725,358.2198,0.00,VEHICLE,0,0,
1657.6907,-1467.8529,13.3721,358.2200,0.00,VEHICLE,0,0,
1657.7528,-1465.8505,13.3714,358.2207,0.00,VEHICLE,0,0,
1657.8213,-1463.6378,13.3706,358.2209,0.00,VEHICLE,0,0,
1657.9216,-1460.4001,13.3693,358.2209,0.00,VEHICLE,0,0,
1657.9961,-1458.2422,13.3686,358.1092,0.00,VEHICLE,0,0,
1658.1907,-1456.2213,13.3678,355.7348,0.00,VEHICLE,0,0,
1658.6227,-1454.1039,13.3668,350.4405,0.00,VEHICLE,0,0,
1659.6715,-1451.4114,13.3656,340.2469,0.00,VEHICLE,0,0,
1661.0848,-1449.3235,13.3670,328.8091,0.00,VEHICLE,0,0,
1662.7545,-1447.3679,13.3702,321.1306,0.00,VEHICLE,0,0,
1664.2404,-1445.6749,13.3734,320.0228,0.00,VEHICLE,0,0,
1666.1851,-1443.8334,13.3745,315.0718,0.00,VEHICLE,0,0,
1668.2449,-1442.3781,13.3743,307.2036,0.00,VEHICLE,0,0,
1670.5896,-1441.2666,13.3728,297.5769,0.00,VEHICLE,0,0,
1672.9768,-1440.6302,13.3713,287.5169,0.00,VEHICLE,0,0,
1675.9053,-1440.4463,13.3708,275.1249,0.00,VEHICLE,0,0,
1678.7051,-1440.4453,13.3733,270.8428,0.00,VEHICLE,0,0,
1680.7310,-1440.4618,13.3746,270.4499,0.00,VEHICLE,0,0,
1683.6436,-1440.4650,13.3752,270.3477,0.00,VEHICLE,0,0,
1685.7803,-1440.4530,13.3754,270.3285,0.00,VEHICLE,0,0,
1687.9498,-1440.4343,13.3756,270.3181,0.00,VEHICLE,0,0,
1690.2655,-1440.4125,13.3758,270.3120,0.00,VEHICLE,0,0,
1692.4783,-1440.3934,13.3758,270.3100,0.00,VEHICLE,0,0,
1694.8977,-1440.3766,13.3758,270.3108,0.00,VEHICLE,0,0,
1696.9570,-1440.3115,13.3758,271.2736,0.00,VEHICLE,0,0,
1699.1108,-1440.1132,13.3756,274.1963,0.00,VEHICLE,0,0,
1701.1772,-1439.7681,13.3750,278.0858,0.00,VEHICLE,0,0,
1703.4834,-1439.1459,13.3732,283.6413,0.00,VEHICLE,0,0,
1705.5425,-1438.3240,13.3712,289.7587,0.00,VEHICLE,0,0,
1707.9434,-1436.9391,13.3697,298.8810,0.00,VEHICLE,0,0,
1710.1974,-1434.9833,13.3688,310.3238,0.00,VEHICLE,0,0,
1711.5104,-1433.2822,13.3684,319.4938,0.00,VEHICLE,0,0,
1712.5895,-1431.0874,13.3681,330.8552,0.00,VEHICLE,0,0,
1713.1761,-1428.6105,13.3687,343.8170,0.00,VEHICLE,0,0,
1713.4147,-1425.8074,13.3709,354.1479,0.00,VEHICLE,0,0,
1713.5374,-1423.7283,13.3733,356.1514,0.00,VEHICLE,0,0,
1713.6394,-1421.4559,13.3745,356.6538,0.00,VEHICLE,0,0,
1713.6514,-1418.7106,13.3751,358.9759,0.00,VEHICLE,0,0,
1713.6685,-1416.4484,13.3754,359.4848,0.00,VEHICLE,0,0,
1713.6946,-1413.1919,13.3758,359.6145,0.00,VEHICLE,0,0,
1713.7103,-1411.0851,13.3758,359.6278,0.00,VEHICLE,0,0,
1713.7324,-1408.7047,13.3759,359.5367,0.00,VEHICLE,0,0,
1713.7737,-1406.4489,13.3759,359.0966,0.00,VEHICLE,0,0,
1713.8168,-1404.1259,13.3758,358.9443,0.00,VEHICLE,0,0,
1713.8633,-1401.6862,13.3758,358.9039,0.00,VEHICLE,0,0,
1713.9121,-1399.1653,13.3756,358.8942,0.00,VEHICLE,0,0,
1713.9589,-1396.7710,13.3753,358.8924,0.00,VEHICLE,0,0,
1714.0073,-1394.3035,13.3752,358.8922,0.00,VEHICLE,0,0,
1714.0592,-1391.6525,13.3751,358.8923,0.00,VEHICLE,0,0,
1714.1093,-1389.0795,13.3751,358.8922,0.00,VEHICLE,0,0,
1714.1626,-1386.3165,13.3751,358.8920,0.00,VEHICLE,0,0,
1714.2150,-1383.5953,13.3751,358.8918,0.00,VEHICLE,0,0,
1714.2656,-1380.9613,13.3751,358.8917,0.00,VEHICLE,0,0,
1714.3190,-1378.1984,13.3751,358.8916,0.00,VEHICLE,0,0,
1714.3722,-1375.4417,13.3751,358.8916,0.00,VEHICLE,0,0,
1714.4247,-1372.7263,13.3751,358.8916,0.00,VEHICLE,0,0,
1714.4811,-1369.8141,13.3751,358.8917,0.00,VEHICLE,0,0,
1714.5358,-1366.9867,13.3751,358.8917,0.00,VEHICLE,0,0,
1714.6005,-1363.6438,13.3752,358.8918,0.00,VEHICLE,0,0,
1714.6611,-1360.5065,13.3752,358.8918,0.00,VEHICLE,0,0,
1714.7178,-1357.5820,13.3752,358.8918,0.00,VEHICLE,0,0,
1714.7758,-1354.5830,13.3752,358.8917,0.00,VEHICLE,0,0,
1714.8390,-1351.3198,13.3752,358.8917,0.00,VEHICLE,0,0,
1714.8978,-1348.2688,13.3752,358.8917,0.00,VEHICLE,0,0,
1714.9568,-1345.2180,13.3754,358.8917,0.00,VEHICLE,0,0,
1715.0144,-1342.2419,13.3759,358.8917,0.00,VEHICLE,0,0,
1715.0709,-1339.3182,13.3761,358.8917,0.00,VEHICLE,0,0,
1715.1360,-1335.9537,13.3762,358.8917,0.00,VEHICLE,0,0,
1715.1949,-1332.9027,13.3759,358.8917,0.00,VEHICLE,0,0,
1715.2605,-1329.5127,13.3755,358.8917,0.00,VEHICLE,0,0,
1715.3213,-1326.3682,13.3752,358.8917,0.00,VEHICLE,0,0,
1715.3849,-1323.0781,13.3750,358.8917,0.00,VEHICLE,0,0,
1715.4497,-1319.7333,13.3749,358.8917,0.00,VEHICLE,0,0,
1715.5171,-1316.2474,13.3749,358.8917,0.00,VEHICLE,0,0,
1715.5831,-1312.8309,13.3749,358.8917,0.00,VEHICLE,0,0,
1715.6458,-1309.5999,13.3749,358.8917,0.00,VEHICLE,0,0,
1715.7097,-1306.2898,13.3749,358.8917,0.00,VEHICLE,0,0,
1715.7734,-1302.9945,13.3749,358.8917,0.00,VEHICLE,0,0,
1715.8341,-1299.8602,13.3749,358.8917,0.00,VEHICLE,0,0,
1715.8962,-1296.6431,13.3749,358.8917,0.00,VEHICLE,0,0,
1715.9579,-1293.4646,13.3749,358.8917,0.00,VEHICLE,0,0,
1716.0201,-1290.2515,13.3749,358.8917,0.00,VEHICLE,0,0,
1716.0828,-1287.0123,13.3749,358.8917,0.00,VEHICLE,0,0,
1716.1365,-1283.6809,13.3749,359.0645,0.00,VEHICLE,0,0,
1716.0853,-1280.5079,13.3748,0.8069,0.00,VEHICLE,0,0,
1715.9803,-1277.3010,13.3746,1.9198,0.00,VEHICLE,0,0,
1715.8562,-1274.1426,13.3745,2.2404,0.00,VEHICLE,0,0,
1715.7170,-1270.8291,13.3748,2.3297,0.00,VEHICLE,0,0,
1715.5879,-1267.4077,13.3758,2.0539,0.00,VEHICLE,0,0,
1715.4779,-1264.1035,13.3773,1.7946,0.00,VEHICLE,0,0,
1715.3721,-1260.7218,13.3787,1.7163,0.00,VEHICLE,0,0,
1715.2926,-1258.0747,13.3798,1.6986,0.00,VEHICLE,0,0,
1715.1891,-1254.5244,13.3812,1.6931,0.00,VEHICLE,0,0,
1715.1295,-1252.4551,13.3821,1.6932,0.00,VEHICLE,0,0,
1715.0306,-1248.8636,13.5413,1.6261,0.00,VEHICLE,0,0,
1714.9813,-1245.5306,13.9764,0.9184,0.00,VEHICLE,0,0,
1714.9452,-1242.1560,14.6273,0.5929,0.00,VEHICLE,0,0,
1714.9155,-1238.8767,15.2690,0.5043,0.00,VEHICLE,0,0,
1714.8901,-1235.8439,15.8342,0.4803,0.00,VEHICLE,0,0,
1714.8663,-1232.8962,16.3704,0.4739,0.00,VEHICLE,0,0,
1714.8430,-1229.9695,16.8997,0.4730,0.00,VEHICLE,0,0,
1714.8198,-1227.0826,17.4218,0.4734,0.00,VEHICLE,0,0,
1714.7969,-1224.2262,17.9390,0.4739,0.00,VEHICLE,0,0,
1714.7802,-1221.4116,18.4484,0.3688,0.00,VEHICLE,0,0,
1714.8304,-1218.7336,18.9332,359.1440,0.00,VEHICLE,0,0,
1714.8978,-1216.3435,19.3658,358.4766,0.00,VEHICLE,0,0,
1714.9751,-1213.8774,19.8123,358.2642,0.00,VEHICLE,0,0,
1715.0497,-1211.5991,20.2253,358.2083,0.00,VEHICLE,0,0,
1715.1298,-1209.1776,20.6636,358.1913,0.00,VEHICLE,0,0,
1715.2078,-1206.8177,21.0902,358.1866,0.00,VEHICLE,0,0,
1715.2845,-1204.4506,21.5174,358.1845,0.00,VEHICLE,0,0,
1715.3600,-1202.0947,21.9425,358.1827,0.00,VEHICLE,0,0,
1715.4373,-1199.6539,22.3830,358.1808,0.00,VEHICLE,0,0,
1715.5134,-1197.2351,22.8195,358.1790,0.00,VEHICLE,0,0,
1715.5842,-1194.8696,23.2419,358.2294,0.00,VEHICLE,0,0,
1715.6243,-1192.5581,23.5576,358.8055,0.00,VEHICLE,0,0,
1715.6517,-1190.2375,23.7189,359.2125,0.00,VEHICLE,0,0,
1715.6655,-1187.9841,23.7239,359.6232,0.00,VEHICLE,0,0,
1715.6700,-1185.6547,23.6828,359.9427,0.00,VEHICLE,0,0,
1715.6316,-1183.3466,23.6628,0.5945,0.00,VEHICLE,0,0,
1715.4269,-1180.9802,23.6557,3.9055,0.00,VEHICLE,0,0,
1715.0165,-1178.7451,23.6521,8.8464,0.00,VEHICLE,0,0,
1714.3922,-1176.6957,23.6491,14.7290,0.00,VEHICLE,0,0,
1713.1565,-1174.1089,23.6455,24.2555,0.00,VEHICLE,0,0,
1711.9506,-1172.3008,23.6439,31.6278,0.00,VEHICLE,0,0,
1710.3434,-1170.0461,23.6601,34.9039,0.00,VEHICLE,0,0,
1708.7834,-1168.1097,23.6852,37.9207,0.00,VEHICLE,0,0,
1706.6519,-1166.2124,23.7181,47.6985,0.00,VEHICLE,0,0,
1704.7360,-1165.0704,23.6968,56.4941,0.00,VEHICLE,0,0,
1702.5387,-1164.1331,23.6749,64.0616,0.00,VEHICLE,0,0,
1700.4609,-1163.2904,23.6512,65.6996,0.00,VEHICLE,0,0,
1698.3749,-1162.5560,23.6416,67.6607,0.00,VEHICLE,0,0,
1696.1129,-1162.0848,23.6463,74.9472,0.00,VEHICLE,0,0,
1693.6121,-1161.9221,23.6476,84.0444,0.00,VEHICLE,0,0,
1690.8964,-1161.7678,23.6483,86.3696,0.00,VEHICLE,0,0,
1688.0265,-1161.6117,23.6488,86.6349,0.00,VEHICLE,0,0,
1685.7513,-1161.4882,23.6491,86.6618,0.00,VEHICLE,0,0,
1683.6172,-1161.3688,23.6492,86.6675,0.00,VEHICLE,0,0,
1681.5209,-1161.2480,23.6492,86.6704,0.00,VEHICLE,0,0,
1679.4818,-1161.1285,23.6493,86.6728,0.00,VEHICLE,0,0,
1677.2083,-1160.9937,23.6493,86.6747,0.00,VEHICLE,0,0,
1675.0881,-1160.8683,23.6493,86.6756,0.00,VEHICLE,0,0,
1672.7628,-1160.7319,23.6493,86.6756,0.00,VEHICLE,0,0,
1670.3619,-1160.5923,23.6493,86.6751,0.00,VEHICLE,0,0,
1668.1327,-1160.4630,23.6493,86.6746,0.00,VEHICLE,0,0,
1665.8021,-1160.3281,23.6510,86.6739,0.00,VEHICLE,0,0,
1663.6035,-1160.2006,23.6679,86.6727,0.00,VEHICLE,0,0,
1661.4287,-1160.0742,23.6919,86.6721,0.00,VEHICLE,0,0,
1658.9238,-1159.9285,23.7311,86.6722,0.00,VEHICLE,0,0,
1656.4741,-1159.7858,23.7691,86.6723,0.00,VEHICLE,0,0,
1654.2179,-1159.6543,23.8028,86.6724,0.00,VEHICLE,0,0,
1651.9058,-1159.5195,23.8368,86.6724,0.00,VEHICLE,0,0,
1649.2533,-1159.3700,23.8757,86.7416,0.00,VEHICLE,0,0,
1646.4818,-1159.3274,23.8972,88.7190,0.00,VEHICLE,0,0,
1643.9528,-1159.3671,23.9054,90.6212,0.00,VEHICLE,0,0,
1641.4930,-1159.4236,23.9010,91.1882,0.00,VEHICLE,0,0,
1638.8109,-1159.4935,23.8975,91.3487,0.00,VEHICLE,0,0,
1635.6953,-1159.5784,23.8956,91.3895,0.00,VEHICLE,0,0,
1632.9348,-1159.6522,23.8943,91.3958,0.00,VEHICLE,0,0,
1630.2996,-1159.7200,23.8930,91.3979,0.00,VEHICLE,0,0,
1627.5276,-1159.7882,23.8918,91.3995,0.00,VEHICLE,0,0,
1624.6993,-1159.8552,23.8915,91.4017,0.00,VEHICLE,0,0,
1621.8274,-1159.9229,23.8927,91.4037,0.00,VEHICLE,0,0,
1618.8475,-1159.9814,23.8942,91.2188,0.00,VEHICLE,0,0,
1616.3524,-1159.9878,23.8951,90.3551,0.00,VEHICLE,0,0,
1613.5444,-1159.9847,23.8958,89.9497,0.00,VEHICLE,0,0,
1610.1218,-1159.9742,23.8963,89.8340,0.00,VEHICLE,0,0,
1606.9709,-1159.9623,23.8967,89.8136,0.00,VEHICLE,0,0,
1604.3188,-1159.9523,23.8967,89.8107,0.00,VEHICLE,0,0,
1601.6536,-1159.9426,23.8973,89.8101,0.00,VEHICLE,0,0,
1598.8362,-1159.9255,23.8984,89.6808,0.00,VEHICLE,0,0,
1596.0829,-1159.9063,23.8991,89.6016,0.00,VEHICLE,0,0,
1593.5731,-1159.8879,23.8994,89.5808,0.00,VEHICLE,0,0,
1591.0347,-1159.8693,23.8997,89.5745,0.00,VEHICLE,0,0,
1588.4000,-1159.8497,23.8996,89.5727,0.00,VEHICLE,0,0,
1585.6027,-1159.8287,23.8998,89.5723,0.00,VEHICLE,0,0,
1583.0123,-1159.8092,23.8997,89.5723,0.00,VEHICLE,0,0,
1580.1534,-1159.7876,23.8998,89.5723,0.00,VEHICLE,0,0,
1577.3523,-1159.7666,23.8997,89.5723,0.00,VEHICLE,0,0,
1574.4164,-1159.7448,23.8998,89.5723,0.00,VEHICLE,0,0,
1571.2030,-1159.7207,23.8997,89.5722,0.00,VEHICLE,0,0,
1568.0083,-1159.6969,23.8997,89.5721,0.00,VEHICLE,0,0,
1564.7249,-1159.6725,23.8998,89.5721,0.00,VEHICLE,0,0,
1561.5853,-1159.6490,23.8996,89.5721,0.00,VEHICLE,0,0,
1559.5586,-1159.6339,23.8996,89.5721,0.00,VEHICLE,0,0,
1556.2750,-1159.6094,23.8996,89.5721,0.00,VEHICLE,0,0,
1552.6973,-1159.5826,23.8991,89.5721,0.00,VEHICLE,0,0,
1549.6528,-1159.5598,23.8988,89.5721,0.00,VEHICLE,0,0,
1546.5226,-1159.5364,23.8986,89.5721,0.00,VEHICLE,0,0,
1543.1212,-1159.5110,23.8985,89.5721,0.00,VEHICLE,0,0,
1539.6914,-1159.4854,23.8984,89.5721,0.00,VEHICLE,0,0,
1536.1196,-1159.4587,23.8984,89.5721,0.00,VEHICLE,0,0,
1532.6234,-1159.4327,23.8984,89.5721,0.00,VEHICLE,0,0,
1529.0436,-1159.4059,23.8984,89.5721,0.00,VEHICLE,0,0,
1525.5946,-1159.3801,23.8984,89.5721,0.00,VEHICLE,0,0,
1522.0450,-1159.3536,23.8984,89.5721,0.00,VEHICLE,0,0,
1518.3868,-1159.3263,23.8983,89.5721,0.00,VEHICLE,0,0,
1515.3478,-1159.3036,23.8983,89.5721,0.00,VEHICLE,0,0,
1513.3398,-1159.2969,23.8984,89.6988,0.00,VEHICLE,0,0,
1511.3196,-1159.3105,23.8984,90.1730,0.00,VEHICLE,0,0,
1507.6887,-1159.3474,23.8984,90.6223,0.00,VEHICLE,0,0,
1503.9139,-1159.3955,23.8983,90.7362,0.00,VEHICLE,0,0,
1501.9100,-1159.4227,23.8983,90.7536,0.00,VEHICLE,0,0,
1497.9033,-1159.4789,23.8983,90.7637,0.00,VEHICLE,0,0,
1493.9460,-1159.5269,23.8983,90.6508,0.00,VEHICLE,0,0,
1490.3042,-1159.5529,23.8984,90.3665,0.00,VEHICLE,0,0,
1488.1587,-1159.5648,23.8983,90.3030,0.00,VEHICLE,0,0,
1486.1328,-1159.5746,23.8984,90.2766,0.00,VEHICLE,0,0,
1482.5984,-1159.5900,23.8984,90.2613,0.00,VEHICLE,0,0,
1480.4990,-1159.5983,23.8982,90.2588,0.00,VEHICLE,0,0,
1476.5803,-1159.6134,23.8975,90.2583,0.00,VEHICLE,0,0,
1473.5481,-1159.6233,23.8969,90.2233,0.00,VEHICLE,0,0,
1470.7151,-1159.6119,23.8565,89.8538,0.00,VEHICLE,0,0,
1468.6622,-1159.5979,23.8109,89.6452,0.00,VEHICLE,0,0,
1464.8322,-1159.5656,23.6904,89.5047,0.00,VEHICLE,0,0,
1461.0945,-1159.5310,23.6394,89.4760,0.00,VEHICLE,0,0,
1458.2998,-1159.5050,23.6408,89.4721,0.00,VEHICLE,0,0,
1455.1853,-1159.4672,23.6460,89.3376,0.00,VEHICLE,0,0,
1452.3519,-1159.3815,23.6482,88.4059,0.00,VEHICLE,0,0,
1450.2404,-1159.3044,23.6487,87.9233,0.00,VEHICLE,0,0,
1447.1907,-1159.1802,23.6478,87.6687,0.00,VEHICLE,0,0,
1443.9607,-1159.0417,23.6464,87.6041,0.00,VEHICLE,0,0,
1441.2147,-1158.9224,23.6458,87.5923,0.00,VEHICLE,0,0,
1438.5419,-1158.8008,23.6459,87.5115,0.00,VEHICLE,0,0,
1435.6566,-1158.5829,23.6461,86.0427,0.00,VEHICLE,0,0,
1432.9138,-1158.1860,23.6460,82.3510,0.00,VEHICLE,0,0,
1430.4692,-1157.6604,23.6455,78.4084,0.00,VEHICLE,0,0,
1426.9869,-1156.8019,23.6454,75.7554,0.00,VEHICLE,0,0,
1424.6155,-1156.1686,23.6458,75.3265,0.00,VEHICLE,0,0,
1421.6681,-1155.3606,23.6464,75.1027,0.00,VEHICLE,0,0,
1418.9497,-1154.4846,23.6466,72.9830,0.00,VEHICLE,0,0,
1416.2097,-1153.4293,23.6463,69.3657,0.00,VEHICLE,0,0,
1413.3295,-1152.2699,23.6462,68.1027,0.00,VEHICLE,0,0,
1410.4679,-1151.0994,23.6463,67.8580,0.00,VEHICLE,0,0,
1407.8647,-1150.0311,23.6463,67.8153,0.00,VEHICLE,0,0,
1405.7539,-1149.1656,23.6463,67.8079,0.00,VEHICLE,0,0,
1403.6204,-1148.2928,23.6463,67.8059,0.00,VEHICLE,0,0,
1401.3419,-1147.3929,23.6463,68.2230,0.00,VEHICLE,0,0,
1399.1838,-1146.6959,23.6462,70.9383,0.00,VEHICLE,0,0,
1396.7177,-1146.1251,23.6456,75.8775,0.00,VEHICLE,0,0,
1394.4196,-1145.7161,23.6451,79.4524,0.00,VEHICLE,0,0,
1392.3485,-1145.3859,23.6455,80.6286,0.00,VEHICLE,0,0,
1389.7817,-1145.0000,23.6463,80.9757,0.00,VEHICLE,0,0,
1386.9713,-1144.5771,23.6464,81.0283,0.00,VEHICLE,0,0,
1384.1442,-1144.1407,23.6462,81.0361,0.00,VEHICLE,0,0,
1381.2100,-1143.6760,23.6461,81.0431,0.00,VEHICLE,0,0,
1378.4520,-1143.2338,23.6462,81.0504,0.00,VEHICLE,0,0,
1375.6927,-1142.7897,23.6465,81.0196,0.00,VEHICLE,0,0,
1373.3053,-1142.2988,23.6478,79.2006,0.00,VEHICLE,0,0,
1371.2805,-1141.6995,23.6484,75.1532,0.00,VEHICLE,0,0,
1369.4180,-1140.9670,23.6480,70.4183,0.00,VEHICLE,0,0,
1366.9832,-1139.6427,23.6459,62.6065,0.00,VEHICLE,0,0,
1364.8710,-1138.0096,23.6438,53.5897,0.00,VEHICLE,0,0,
1362.8777,-1135.7170,23.6427,41.5713,0.00,VEHICLE,0,0,
1361.6996,-1133.5365,23.6425,30.5617,0.00,VEHICLE,0,0,
1360.9862,-1131.1501,23.6446,18.8787,0.00,VEHICLE,0,0,
1360.7809,-1129.1202,23.6503,9.1536,0.00,VEHICLE,0,0,
1360.8136,-1126.8774,23.6595,0.7276,0.00,VEHICLE,0,0,
1360.9146,-1124.6078,23.6714,357.9093,0.00,VEHICLE,0,0,
1361.0476,-1122.3021,23.6823,357.4529,0.00,VEHICLE,0,0,
1361.1600,-1120.2133,23.6915,357.3773,0.00,VEHICLE,0,0,
1361.2593,-1118.2037,23.7001,357.3555,0.00,VEHICLE,0,0,
1361.3790,-1115.3053,23.7122,357.4974,0.00,VEHICLE,0,0,
1361.3185,-1112.7299,23.7323,0.3347,0.00,VEHICLE,0,0,
1361.0828,-1110.5350,23.7546,4.5067,0.00,VEHICLE,0,0,
1360.7163,-1108.4751,23.7822,8.5235,0.00,VEHICLE,0,0,
1360.3083,-1106.3285,23.8113,10.2624,0.00,VEHICLE,0,0,
1359.8441,-1103.9836,23.8423,10.7405,0.00,VEHICLE,0,0,
1359.3542,-1101.5243,23.8739,10.8595,0.00,VEHICLE,0,0,
1358.8657,-1099.0519,23.9051,10.8872,0.00,VEHICLE,0,0,
1358.3240,-1096.2955,23.9765,10.9176,0.00,VEHICLE,0,0,
1357.8265,-1093.7339,24.0798,10.9536,0.00,VEHICLE,0,0,
1357.4047,-1091.3038,24.2200,10.3502,0.00,VEHICLE,0,0,
1357.0380,-1088.8239,24.3778,9.1702,0.00,VEHICLE,0,0,
1356.7058,-1086.5308,24.5244,8.8362,0.00,VEHICLE,0,0,
1356.2731,-1083.6488,24.6962,8.6891,0.00,VEHICLE,0,0,
1355.8064,-1080.7374,24.8992,8.6820,0.00,VEHICLE,0,0,
1355.3728,-1078.1570,25.0905,8.6603,0.00,VEHICLE,0,0,
1354.9288,-1075.5798,25.3088,8.6749,0.00,VEHICLE,0,0,
1354.4989,-1072.8989,25.5217,8.3166,0.00,VEHICLE,0,0,
1354.2284,-1070.4160,25.7246,6.4073,0.00,VEHICLE,0,0,
1354.0934,-1067.8213,25.9258,3.7444,0.00,VEHICLE,0,0,
1354.0074,-1065.0923,26.1459,2.3472,0.00,VEHICLE,0,0,
1353.9517,-1062.3245,26.3644,2.0509,0.00,VEHICLE,0,0,
1353.8973,-1059.9806,26.5454,2.0070,0.00,VEHICLE,0,0,
1353.8363,-1057.7002,26.6388,1.9766,0.00,VEHICLE,0,0,
1353.7440,-1054.6570,26.6690,1.9591,0.00,VEHICLE,0,0,
1353.6531,-1052.0588,26.6062,2.0047,0.00,VEHICLE,0,0,
1353.5537,-1049.5017,26.5559,1.9989,0.00,VEHICLE,0,0,
1353.4496,-1046.8873,26.4945,1.9916,0.00,VEHICLE,0,0,
1353.3383,-1044.0175,26.3525,1.9825,0.00,VEHICLE,0,0,
1353.2307,-1040.6532,26.1854,1.8681,0.00,VEHICLE,0,0,
1353.2422,-1037.8314,26.1268,0.2470,0.00,VEHICLE,0,0,
1353.3204,-1035.0208,26.1365,358.7700,0.00,VEHICLE,0,0,
1353.4110,-1032.2616,26.1520,358.3609,0.00,VEHICLE,0,0,
1353.5071,-1029.4480,26.2547,358.2002,0.00,VEHICLE,0,0,
1353.6033,-1026.5730,26.4152,358.1477,0.00,VEHICLE,0,0,
1353.7349,-1023.4923,26.5298,357.5831,0.00,VEHICLE,0,0,
1353.9236,-1020.6229,26.5547,356.2185,0.00,VEHICLE,0,0,
1354.1316,-1017.7439,26.5727,355.7128,0.00,VEHICLE,0,0,
1354.3915,-1014.3658,26.6456,355.5699,0.00,VEHICLE,0,0,
1354.6707,-1010.8506,26.8110,355.5337,0.00,VEHICLE,0,0,
1354.9325,-1007.8004,27.0053,355.2260,0.00,VEHICLE,0,0,
1355.2463,-1004.9995,27.2490,353.8720,0.00,VEHICLE,0,0,
1355.5931,-1002.0786,27.5609,353.2531,0.00,VEHICLE,0,0,
1355.9576,-999.0796,27.9203,353.0853,0.00,VEHICLE,0,0,
1356.3141,-996.1657,28.2638,353.0480,0.00,VEHICLE,0,0,
1356.6589,-993.3434,28.5926,353.0392,0.00,VEHICLE,0,0,
1357.0533,-990.2252,29.0364,352.7908,0.00,VEHICLE,0,0,
1357.5011,-987.1738,29.5450,351.6620,0.00,VEHICLE,0,0,
1357.9254,-984.3839,30.0399,351.2726,0.00,VEHICLE,0,0,
1358.3032,-981.9323,30.4765,351.1845,0.00,VEHICLE,0,0,
1358.7075,-979.3213,30.9745,351.1725,0.00,VEHICLE,0,0,
1359.1058,-976.7473,31.4942,351.1699,0.00,VEHICLE,0,0,
1359.4656,-974.4296,31.9708,351.1685,0.00,VEHICLE,0,0,
1359.8245,-972.1271,32.4395,351.1688,0.00,VEHICLE,0,0,
1360.1809,-969.8682,32.8268,351.1505,0.00,VEHICLE,0,0,
1360.5276,-967.6820,33.1413,351.1241,0.00,VEHICLE,0,0,
1360.8390,-965.5153,33.3854,351.7003,0.00,VEHICLE,0,0,
1361.0190,-963.2370,33.6348,354.6407,0.00,VEHICLE,0,0,
1361.0105,-961.0123,33.8754,358.9219,0.00,VEHICLE,0,0,
1360.9015,-958.8641,34.0247,2.1181,0.00,VEHICLE,0,0,
1360.7601,-956.7318,34.1366,3.3383,0.00,VEHICLE,0,0,
1360.5114,-954.5826,34.1795,5.4837,0.00,VEHICLE,0,0,
1360.0891,-952.2607,34.1887,9.0272,0.00,VEHICLE,0,0,
1359.5530,-950.1752,34.1963,12.8039,0.00,VEHICLE,0,0,
1358.8112,-947.8991,34.1847,17.0517,0.00,VEHICLE,0,0,
1357.9613,-945.4906,34.1805,19.0850,0.00,VEHICLE,0,0,
1357.0638,-943.4074,34.1795,21.9573,0.00,VEHICLE,0,0,
1356.0598,-941.4844,34.1790,25.9005,0.00,VEHICLE,0,0,
1354.5684,-939.1931,34.2115,32.0234,0.00,VEHICLE,0,0,
1353.0116,-937.3376,34.3182,38.6861,0.00,VEHICLE,0,0,
1351.1823,-935.7003,34.4965,46.6998,0.00,VEHICLE,0,0,
1348.8441,-934.2025,34.7283,56.6832,0.00,VEHICLE,0,0,
1346.5033,-933.2104,34.9405,65.9716,0.00,VEHICLE,0,0,
1344.4839,-932.7034,35.1161,73.2411,0.00,VEHICLE,0,0,
1342.3699,-932.3055,35.2817,78.2023,0.00,VEHICLE,0,0,
1340.1792,-931.9384,35.4680,79.8831,0.00,VEHICLE,0,0,
1338.0858,-931.6050,35.6488,80.1642,0.00,VEHICLE,0,0,
1335.6823,-931.2134,35.8650,80.2355,0.00,VEHICLE,0,0,
1333.5126,-930.8516,36.0736,80.2613,0.00,VEHICLE,0,0,
1331.1980,-930.4580,36.3161,80.2571,0.00,VEHICLE,0,0,
1328.9438,-930.0705,36.5726,80.2543,0.00,VEHICLE,0,0,
1326.8093,-929.7356,36.8219,80.8199,0.00,VEHICLE,0,0,
1324.5236,-929.5105,37.0748,83.5584,0.00,VEHICLE,0,0,
1322.1013,-929.3362,37.3329,85.5958,0.00,VEHICLE,0,0,
1319.7068,-929.1777,37.5791,86.1410,0.00,VEHICLE,0,0,
1317.2378,-929.0203,37.8302,86.2763,0.00,VEHICLE,0,0,
1314.6736,-928.8593,38.0917,86.3041,0.00,VEHICLE,0,0,
1312.2094,-928.7035,38.3436,86.3073,0.00,VEHICLE,0,0,
1309.7803,-928.5474,38.5920,86.3066,0.00,VEHICLE,0,0,
1307.2865,-928.3846,38.8475,86.3018,0.00,VEHICLE,0,0,
1304.7297,-928.2634,39.1147,87.1134,0.00,VEHICLE,0,0,
1302.2946,-928.3077,39.3896,90.2407,0.00,VEHICLE,0,0,
1299.8496,-928.4443,39.6796,92.7585,0.00,VEHICLE,0,0,
1296.8995,-928.6420,40.0383,93.5382,0.00,VEHICLE,0,0,
1294.3558,-928.8248,40.3482,93.6654,0.00,VEHICLE,0,0,
1292.0571,-929.0490,40.6285,94.7420,0.00,VEHICLE,0,0,
1289.7599,-929.4124,40.9093,97.8313,0.00,VEHICLE,0,0,
1287.1973,-929.8754,41.2224,99.9048,0.00,VEHICLE,0,0,
1284.3265,-930.4105,41.5729,100.4485,0.00,VEHICLE,0,0,
1281.8182,-930.8812,41.8140,100.5049,0.00,VEHICLE,0,0,
1279.3938,-931.3343,41.9660,100.4510,0.00,VEHICLE,0,0,
1277.1871,-931.7440,42.0271,100.4238,0.00,VEHICLE,0,0,
1274.8984,-932.1656,42.0721,100.4340,0.00,VEHICLE,0,0,
1272.6747,-932.5742,42.1312,100.4414,0.00,VEHICLE,0,0,
1270.2974,-932.9764,42.2029,99.8644,0.00,VEHICLE,0,0,
1267.8700,-933.3392,42.2791,98.7576,0.00,VEHICLE,0,0,
1265.3135,-933.7131,42.3596,98.4071,0.00,VEHICLE,0,0,
1262.6915,-934.0924,42.4425,98.3218,0.00,VEHICLE,0,0,
1260.2186,-934.4492,42.5131,98.3003,0.00,VEHICLE,0,0,
1257.9160,-934.7813,42.5454,98.2813,0.00,VEHICLE,0,0,
1254.9764,-935.2066,42.5606,98.2691,0.00,VEHICLE,0,0,
1252.3292,-935.5911,42.5490,98.2738,0.00,VEHICLE,0,0,
1249.5728,-935.9927,42.5419,98.2759,0.00,VEHICLE,0,0,
1246.9574,-936.3702,42.5359,98.2329,0.00,VEHICLE,0,0,
1244.3174,-936.6960,42.5291,97.2957,0.00,VEHICLE,0,0,
1241.6827,-936.9938,42.5195,96.6101,0.00,VEHICLE,0,0,
1238.8739,-937.3027,42.5072,96.4054,0.00,VEHICLE,0,0,
1236.2009,-937.5944,42.4988,96.3572,0.00,VEHICLE,0,0,
1233.3433,-937.9068,42.5080,96.3434,0.00,VEHICLE,0,0,
1230.7213,-938.1949,42.5318,96.3402,0.00,VEHICLE,0,0,
1228.0875,-938.4863,42.5585,96.3386,0.00,VEHICLE,0,0,
1225.3257,-938.7936,42.5843,96.3369,0.00,VEHICLE,0,0,
1222.3291,-939.1281,42.6110,96.3353,0.00,VEHICLE,0,0,
1219.3831,-939.4569,42.6370,96.3341,0.00,VEHICLE,0,0,
1216.3296,-939.7974,42.6640,96.3335,0.00,VEHICLE,0,0,
1213.0485,-940.1621,42.6929,96.3335,0.00,VEHICLE,0,0,
1210.0151,-940.4990,42.7180,96.3335,0.00,VEHICLE,0,0,
1206.9708,-940.8382,42.7290,96.3325,0.00,VEHICLE,0,0,
1204.1605,-941.1525,42.7297,96.3377,0.00,VEHICLE,0,0,
1201.5444,-941.4456,42.7303,96.3443,0.00,VEHICLE,0,0,
1198.6797,-941.7653,42.7351,96.3478,0.00,VEHICLE,0,0,
1195.5343,-942.1143,42.7411,96.3518,0.00,VEHICLE,0,0,
1192.2402,-942.4778,42.7463,96.3430,0.00,VEHICLE,0,0,
1189.0806,-942.8258,42.7503,96.3378,0.00,VEHICLE,0,0,
1185.0875,-943.2666,42.7551,96.3374,0.00,VEHICLE,0,0,
1181.6669,-943.6458,42.7586,96.3367,0.00,VEHICLE,0,0,
1178.2137,-944.0299,42.7592,96.3357,0.00,VEHICLE,0,0,
1175.5200,-944.3355,42.7738,96.3689,0.00,VEHICLE,0,0,
1171.7876,-944.7327,42.8289,95.7365,0.00,VEHICLE,0,0,
1169.7065,-944.9156,42.8786,94.8217,0.00,VEHICLE,0,0,
1166.6104,-945.1453,42.9518,94.2054,0.00,VEHICLE,0,0,
1163.8876,-945.3170,42.9904,93.9800,0.00,VEHICLE,0,0,
1160.6664,-945.5005,42.9919,93.9293,0.00,VEHICLE,0,0,
1158.4635,-945.6282,42.9547,93.9571,0.00,VEHICLE,0,0,
1155.3225,-945.8250,42.8666,93.9678,0.00,VEHICLE,0,0,
1151.7505,-946.0735,42.7838,93.9583,0.00,VEHICLE,0,0,
1148.5420,-946.3105,42.7360,93.9433,0.00,VEHICLE,0,0,
1145.4252,-946.5439,42.6945,93.9319,0.00,VEHICLE,0,0,
1142.3578,-946.7709,42.6525,93.9253,0.00,VEHICLE,0,0,
1140.2672,-946.9223,42.6234,93.9242,0.00,VEHICLE,0,0,
1136.9430,-947.1566,42.5944,93.9263,0.00,VEHICLE,0,0,
1133.3772,-947.4004,42.5895,93.9320,0.00,VEHICLE,0,0,
1129.5841,-947.6577,42.5987,93.9696,0.00,VEHICLE,0,0,
1126.4146,-947.9296,42.6043,94.9223,0.00,VEHICLE,0,0,
1122.7922,-948.3214,42.6091,96.3214,0.00,VEHICLE,0,0,
1119.5526,-948.6998,42.6125,96.7139,0.00,VEHICLE,0,0,
1117.2035,-948.9830,42.6148,96.8018,0.00,VEHICLE,0,0,
1113.5527,-949.4300,42.6183,96.8390,0.00,VEHICLE,0,0,
1109.9095,-949.8787,42.6201,96.8481,0.00,VEHICLE,0,0,
1106.4880,-950.2986,42.6165,96.8540,0.00,VEHICLE,0,0,
1103.3269,-950.6779,42.6091,96.7646,0.00,VEHICLE,0,0,
1099.9183,-951.0701,42.6010,96.5034,0.00,VEHICLE,0,0,
1096.5419,-951.4528,42.5938,96.4217,0.00,VEHICLE,0,0,
1092.7960,-951.8747,42.5860,96.3982,0.00,VEHICLE,0,0,
1089.4183,-952.2545,42.5778,96.3877,0.00,VEHICLE,0,0,
1085.8344,-952.6567,42.5672,96.3820,0.00,VEHICLE,0,0,
1082.3624,-953.0408,42.5738,96.4009,0.00,VEHICLE,0,0,
1078.8187,-953.3793,42.5855,95.6300,0.00,VEHICLE,0,0,
1075.3035,-953.6489,42.5868,94.5225,0.00,VEHICLE,0,0,
1071.9238,-953.8917,42.5918,94.2008,0.00,VEHICLE,0,0,
1068.3837,-954.1522,42.6122,94.1322,0.00,VEHICLE,0,0,
1065.0569,-954.4060,42.6325,94.1092,0.00,VEHICLE,0,0,
1062.0011,-954.6422,42.6420,94.1134,0.00,VEHICLE,0,0,
1058.4395,-954.9841,42.6459,95.2592,0.00,VEHICLE,0,0,
1055.2050,-955.3538,42.6475,96.4413,0.00,VEHICLE,0,0,
1051.9808,-955.7354,42.6426,96.7663,0.00,VEHICLE,0,0,
1049.2727,-956.0549,42.6339,96.8522,0.00,VEHICLE,0,0,
1046.1675,-956.4180,42.6199,96.8991,0.00,VEHICLE,0,0,
1043.1771,-956.7664,42.6014,96.8940,0.00,VEHICLE,0,0,
1040.0947,-957.1237,42.5671,96.8391,0.00,VEHICLE,0,0,
1036.9965,-957.4711,42.5195,96.5302,0.00,VEHICLE,0,0,
1034.1417,-957.7925,42.4687,96.4220,0.00,VEHICLE,0,0,
1031.1670,-958.1290,42.4171,96.3884,0.00,VEHICLE,0,0,
1028.4110,-958.4408,42.3704,96.3781,0.00,VEHICLE,0,0,
1025.7224,-958.7442,42.3254,96.3741,0.00,VEHICLE,0,0,
1023.0151,-959.0483,42.2802,96.3729,0.00,VEHICLE,0,0,
1020.4432,-959.3358,42.2374,96.3733,0.00,VEHICLE,0,0,
1017.3792,-959.6774,42.1331,96.3738,0.00,VEHICLE,0,0,
1014.8818,-959.9490,42.0120,96.2455,0.00,VEHICLE,0,0,
1012.2223,-960.2101,41.8627,95.6986,0.00,VEHICLE,0,0,
1009.5500,-960.4670,41.7182,95.5132,0.00,VEHICLE,0,0,
1007.0224,-960.7076,41.5850,95.4680,0.00,VEHICLE,0,0,
1004.4294,-960.9535,41.4494,95.4568,0.00,VEHICLE,0,0,
1001.9567,-961.1837,41.3204,95.3862,0.00,VEHICLE,0,0,
999.6375,-961.3264,41.1984,94.0412,0.00,VEHICLE,0,0,
997.1610,-961.3696,41.0084,91.4722,0.00,VEHICLE,0,0,
994.6505,-961.3941,40.7870,90.5841,0.00,VEHICLE,0,0,
992.1834,-961.4180,40.5378,90.3993,0.00,VEHICLE,0,0,
989.7101,-961.4489,40.3166,90.3913,0.00,VEHICLE,0,0,
987.4316,-961.4820,40.1244,90.4110,0.00,VEHICLE,0,0,
984.9108,-961.5173,39.9465,90.4480,0.00,VEHICLE,0,0,
982.1719,-961.5479,39.8112,90.5819,0.00,VEHICLE,0,0,
979.7160,-961.5645,39.7352,90.5876,0.00,VEHICLE,0,0,
977.2914,-961.5716,39.6575,90.6283,0.00,VEHICLE,0,0,
974.8845,-961.5801,39.5709,90.6658,0.00,VEHICLE,0,0,
972.4702,-961.6015,39.4788,90.6699,0.00,VEHICLE,0,0,
970.2691,-961.6384,39.3926,90.6555,0.00,VEHICLE,0,0,
967.8832,-961.7042,39.2980,90.8089,0.00,VEHICLE,0,0,
965.7442,-961.8691,39.2111,92.7734,0.00,VEHICLE,0,0,
963.7423,-962.0504,39.1376,94.0080,0.00,VEHICLE,0,0,
960.8444,-962.3365,39.0513,94.5474,0.00,VEHICLE,0,0,
958.8484,-962.5410,39.0109,94.7026,0.00,VEHICLE,0,0,
956.6126,-962.7656,38.9796,94.8745,0.00,VEHICLE,0,0,
954.2415,-962.9860,38.9568,94.8866,0.00,VEHICLE,0,0,
952.2216,-963.0988,38.9421,93.8440,0.00,VEHICLE,0,0,
949.5416,-963.1478,38.9064,92.0702,0.00,VEHICLE,0,0,
946.6075,-963.1581,38.8226,91.9961,0.00,VEHICLE,0,0,
943.9435,-963.1490,38.6981,91.5679,0.00,VEHICLE,0,0,
941.3679,-963.0707,38.5481,89.7193,0.00,VEHICLE,0,0,
939.0869,-963.0410,38.4263,89.2806,0.00,VEHICLE,0,0,
936.6990,-963.0294,38.3578,89.1828,0.00,VEHICLE,0,0,
934.3986,-963.0355,38.3483,89.0944,0.00,VEHICLE,0,0,
931.9911,-963.0460,38.3615,89.0499,0.00,VEHICLE,0,0,
929.3768,-963.0589,38.3651,89.0093,0.00,VEHICLE,0,0,
926.8055,-963.0031,38.3674,89.0560,0.00,VEHICLE,0,0,
924.0887,-962.8973,38.3821,89.0942,0.00,VEHICLE,0,0,
921.5590,-962.7838,38.3767,89.1217,0.00,VEHICLE,0,0,
919.0142,-962.7798,38.3492,90.3279,0.00,VEHICLE,0,0,
916.7574,-962.9786,38.3241,93.6461,0.00,VEHICLE,0,0,
914.7306,-963.1665,38.3033,94.2836,0.00,VEHICLE,0,0,
912.2689,-963.3911,38.2839,94.5036,0.00,VEHICLE,0,0,
909.7855,-963.6416,38.2906,95.2680,0.00,VEHICLE,0,0,
907.6102,-963.9576,38.2002,97.0970,0.00,VEHICLE,0,0,
904.9751,-964.3433,38.0509,97.6736,0.00,VEHICLE,0,0,
902.2487,-964.6891,37.8510,97.6627,0.00,VEHICLE,0,0,
900.1611,-964.9827,37.7098,97.7678,0.00,VEHICLE,0,0,
897.9258,-965.4238,37.5638,99.7993,0.00,VEHICLE,0,0,
895.7628,-965.8771,37.4276,100.9446,0.00,VEHICLE,0,0,
893.8727,-966.6985,37.2895,109.7167,0.00,VEHICLE,0,0,
892.1630,-968.1951,37.1468,125.2012,0.00,VEHICLE,0,0,
890.9791,-969.9640,37.1027,139.9680,0.00,VEHICLE,0,0,
890.1897,-972.1430,37.1929,154.9514,0.00,VEHICLE,0,0,
889.9800,-974.5147,37.3227,169.4054,0.00,VEHICLE,0,0,
890.2216,-976.8618,37.2253,180.5296,0.00,VEHICLE,0,0,
890.9261,-978.7476,37.1512,192.7574,0.00,VEHICLE,0,0,
892.0968,-980.5613,37.1187,206.3096,0.00,VEHICLE,0,0,
893.7040,-982.1989,37.1486,219.4324,0.00,VEHICLE,0,0,
895.9257,-983.5495,37.2056,234.8015,0.00,VEHICLE,0,0,
897.9128,-984.1729,37.2668,247.1592,0.00,VEHICLE,0,0,
900.6426,-984.3169,37.3751,263.6241,0.00,VEHICLE,0,0,
902.8453,-984.0070,37.4716,274.2013,0.00,VEHICLE,0,0,
905.3279,-983.6474,37.5891,276.8970,0.00,VEHICLE,0,0,
907.8226,-983.2616,37.7075,277.7750,0.00,VEHICLE,0,0,
909.7766,-982.7971,37.8027,281.3922,0.00,VEHICLE,0,0,
912.0760,-982.0546,37.9173,286.5830,0.00,VEHICLE,0,0,
914.7651,-981.1707,38.0172,288.0587,0.00,VEHICLE,0,0,
917.3615,-980.3062,38.0773,288.2230,0.00,VEHICLE,0,0,
920.0327,-979.4164,38.1061,288.2492,0.00,VEHICLE,0,0,
922.0854,-978.7429,38.1307,288.1325,0.00,VEHICLE,0,0,
924.1000,-978.1873,38.1565,286.2543,0.00,VEHICLE,0,0,
926.2480,-977.6451,38.1843,284.5898,0.00,VEHICLE,0,0,
928.6802,-977.0403,38.2167,284.1252,0.00,VEHICLE,0,0,
930.6705,-976.5493,38.2434,284.0424,0.00,VEHICLE,0,0,
932.9556,-975.9859,38.2742,284.0186,0.00,VEHICLE,0,0,
935.2586,-975.4163,38.3049,284.0139,0.00,VEHICLE,0,0,
937.6721,-974.8163,38.3371,284.0114,0.00,VEHICLE,0,0,
940.0275,-974.2283,38.3736,284.0104,0.00,VEHICLE,0,0,
942.3461,-973.6480,38.4164,284.0107,0.00,VEHICLE,0,0,
944.7571,-973.0449,38.4687,283.9958,0.00,VEHICLE,0,0,
947.0738,-972.5375,38.5202,282.7650,0.00,VEHICLE,0,0,
949.5526,-972.0952,38.5765,280.4989,0.00,VEHICLE,0,0,
952.1231,-971.6559,38.6363,279.7195,0.00,VEHICLE,0,0,
954.6334,-971.2346,38.6957,279.5382,0.00,VEHICLE,0,0,
957.0252,-970.8354,38.7544,279.5051,0.00,VEHICLE,0,0,
959.6412,-970.3990,38.8197,279.5030,0.00,VEHICLE,0,0,
962.1584,-969.9785,38.8925,279.5083,0.00,VEHICLE,0,0,
964.6762,-969.5569,38.9751,279.5201,0.00,VEHICLE,0,0,
967.3105,-969.1207,39.0729,279.4329,0.00,VEHICLE,0,0,
969.9922,-968.7894,39.1741,277.4549,0.00,VEHICLE,0,0,
972.5341,-968.5555,39.2671,275.5194,0.00,VEHICLE,0,0,
975.1694,-968.3367,39.3614,274.8976,0.00,VEHICLE,0,0,
977.7794,-968.1315,39.4520,274.7391,0.00,VEHICLE,0,0,
980.4706,-967.9241,39.5434,274.6917,0.00,VEHICLE,0,0,
983.2643,-967.7072,39.6358,274.6831,0.00,VEHICLE,0,0,
986.0421,-967.4861,39.8014,274.6877,0.00,VEHICLE,0,0,
988.7681,-967.2636,40.0396,274.6914,0.00,VEHICLE,0,0,
991.6511,-967.0247,40.3629,274.6862,0.00,VEHICLE,0,0,
994.8768,-966.7565,40.7113,274.6827,0.00,VEHICLE,0,0,
998.1186,-966.4884,41.0460,274.6796,0.00,VEHICLE,0,0,
1000.9645,-966.2545,41.2618,274.6828,0.00,VEHICLE,0,0,
1003.9067,-966.0135,41.4212,274.6850,0.00,VEHICLE,0,0,
1006.7106,-965.7844,41.5483,274.6852,0.00,VEHICLE,0,0,
1010.1043,-965.5076,41.7162,274.6850,0.00,VEHICLE,0,0,
1013.5965,-965.2229,41.8948,274.6846,0.00,VEHICLE,0,0,
1016.5008,-964.9857,42.0441,274.6839,0.00,VEHICLE,0,0,
1019.3182,-964.6909,42.1800,275.7762,0.00,VEHICLE,0,0,
1022.2628,-964.2554,42.2744,278.2154,0.00,VEHICLE,0,0,
1024.7753,-963.8481,42.3175,279.1915,0.00,VEHICLE,0,0,
1028.2057,-963.2671,42.3651,279.5477,0.00,VEHICLE,0,0,
1031.1853,-962.7549,42.4112,279.6044,0.00,VEHICLE,0,0,
1034.2600,-962.2256,42.4613,279.6169,0.00,VEHICLE,0,0,
1036.9525,-961.7769,42.5065,279.4113,0.00,VEHICLE,0,0,
1039.7809,-961.3820,42.5537,278.0773,0.00,VEHICLE,0,0,
1042.9296,-960.9686,42.5864,277.4604,0.00,VEHICLE,0,0,
1046.1670,-960.5565,42.5953,277.3105,0.00,VEHICLE,0,0,
1049.4069,-960.1491,42.5906,277.2765,0.00,VEHICLE,0,0,
1052.5392,-959.7557,42.5881,277.2708,0.00,VEHICLE,0,0,
1055.8704,-959.3354,42.5872,277.2691,0.00,VEHICLE,0,0,
1059.0360,-958.9335,42.5860,277.2688,0.00,VEHICLE,0,0,
1061.6200,-958.6038,42.5850,277.2679,0.00,VEHICLE,0,0,
1064.6555,-958.2152,42.5843,277.2658,0.00,VEHICLE,0,0,
1067.5924,-957.8390,42.5850,277.2643,0.00,VEHICLE,0,0,
1070.3279,-957.4888,42.5857,277.2638,0.00,VEHICLE,0,0,
1073.1580,-957.1337,42.5812,277.1812,0.00,VEHICLE,0,0,
1076.3817,-956.7501,42.5608,276.9655,0.00,VEHICLE,0,0,
1079.3837,-956.4072,42.5200,276.8990,0.00,VEHICLE,0,0,
1081.9066,-956.1252,42.4773,276.8681,0.00,VEHICLE,0,0,
1085.2369,-955.7510,42.4267,276.8253,0.00,VEHICLE,0,0,
1088.3845,-955.3894,42.4096,276.7534,0.00,VEHICLE,0,0,
1091.6041,-955.0119,42.4281,276.7255,0.00,VEHICLE,0,0,
1094.7998,-954.6859,42.4507,275.7672,0.00,VEHICLE,0,0,
1098.2780,-954.3679,42.4737,274.8277,0.00,VEHICLE,0,0,
1101.4908,-954.0856,42.4947,274.5930,0.00,VEHICLE,0,0,
1104.4720,-953.8318,42.5189,274.5409,0.00,VEHICLE,0,0,
1107.8124,-953.5582,42.5518,274.5240,0.00,VEHICLE,0,0,
1111.4337,-953.2733,42.5813,274.5262,0.00,VEHICLE,0,0,
1114.8269,-953.0123,42.5912,274.5361,0.00,VEHICLE,0,0,
1118.4253,-952.7360,42.5871,274.5395,0.00,VEHICLE,0,0,
1122.6517,-952.4085,42.5832,274.5368,0.00,VEHICLE,0,0,
1124.9316,-952.2302,42.5822,274.5321,0.00,VEHICLE,0,0,
1127.1971,-952.0521,42.5809,274.5249,0.00,VEHICLE,0,0,
1129.9424,-951.8354,42.5783,274.5214,0.00,VEHICLE,0,0,
1131.9735,-951.6750,42.5762,274.5200,0.00,VEHICLE,0,0,
1134.0299,-951.5130,42.5741,274.5189,0.00,VEHICLE,0,0,
1137.6793,-951.2265,42.5696,274.5129,0.00,VEHICLE,0,0,
1140.0746,-951.0394,42.5819,274.4954,0.00,VEHICLE,0,0,
1142.2394,-950.8708,42.6016,274.4807,0.00,VEHICLE,0,0,
1144.2566,-950.7086,42.6327,274.5541,0.00,VEHICLE,0,0,
1147.9447,-950.2862,42.7079,276.5105,0.00,VEHICLE,0,0,
1151.9294,-949.6480,42.8068,279.1708,0.00,VEHICLE,0,0,
1155.8385,-948.9531,42.9131,279.8286,0.00,VEHICLE,0,0,
1158.9686,-948.3911,42.9924,279.9406,0.00,VEHICLE,0,0,
1162.4679,-947.7715,43.0305,280.0008,0.00,VEHICLE,0,0,
1166.3224,-947.1138,42.9618,280.0258,0.00,VEHICLE,0,0,
1170.1840,-946.4702,42.8376,279.9842,0.00,VEHICLE,0,0,
1173.7784,-945.8500,42.7605,279.9714,0.00,VEHICLE,0,0,
1177.3416,-945.2087,42.7420,279.9531,0.00,VEHICLE,0,0,
1180.7750,-944.5801,42.7494,279.9311,0.00,VEHICLE,0,0,
1185.1597,-943.7810,42.7541,279.9104,0.00,VEHICLE,0,0,
1188.7540,-943.1384,42.7505,279.9097,0.00,VEHICLE,0,0,
1192.5089,-942.4804,42.7457,279.9162,0.00,VEHICLE,0,0,
1196.0625,-941.8655,42.7415,279.9243,0.00,VEHICLE,0,0,
1199.8728,-941.2092,42.7371,279.9316,0.00,VEHICLE,0,0,
1203.7770,-940.5349,42.7326,279.9356,0.00,VEHICLE,0,0,
1207.4420,-939.8980,42.7284,279.9362,0.00,VEHICLE,0,0,
1210.7988,-939.3111,42.7131,279.9347,0.00,VEHICLE,0,0,
1214.1769,-938.7181,42.6865,279.9318,0.00,VEHICLE,0,0,
1216.2284,-938.3573,42.6663,279.9301,0.00,VEHICLE,0,0,
1219.9120,-937.7094,42.6310,279.9282,0.00,VEHICLE,0,0,
1223.2993,-937.1141,42.5998,279.9274,0.00,VEHICLE,0,0,
1225.7140,-936.6903,42.5781,279.9272,0.00,VEHICLE,0,0,
1227.9926,-936.2910,42.5578,279.9274,0.00,VEHICLE,0,0,
1230.1974,-935.9049,42.5382,279.9278,0.00,VEHICLE,0,0,
1232.4976,-935.5025,42.5177,279.9282,0.00,VEHICLE,0,0,
1234.6160,-935.1320,42.5002,279.9286,0.00,VEHICLE,0,0,
1238.3394,-934.4811,42.4947,279.9290,0.00,VEHICLE,0,0,
1241.7299,-933.8887,42.5118,279.9296,0.00,VEHICLE,0,0,
1244.8147,-933.3494,42.5279,279.9304,0.00,VEHICLE,0,0,
1247.9806,-932.7955,42.5429,279.9308,0.00,VEHICLE,0,0,
1251.0463,-932.2589,42.5588,279.9307,0.00,VEHICLE,0,0,
1253.6189,-931.8110,42.5722,279.8893,0.00,VEHICLE,0,0,
1256.3793,-931.3871,42.5843,278.9605,0.00,VEHICLE,0,0,
1259.3129,-931.0303,42.5669,277.1342,0.00,VEHICLE,0,0,
1262.3054,-930.6920,42.5017,276.4973,0.00,VEHICLE,0,0,
1265.3000,-930.3641,42.3956,276.3435,0.00,VEHICLE,0,0,
1268.2943,-930.0529,42.2941,276.0884,0.00,VEHICLE,0,0,
1271.3849,-929.8761,42.1965,273.6287,0.00,VEHICLE,0,0,
1274.4844,-929.9250,42.0995,269.4764,0.00,VEHICLE,0,0,
1277.6193,-930.1110,41.9945,266.6644,0.00,VEHICLE,0,0,
1280.6721,-930.3437,41.8864,265.8838,0.00,VEHICLE,0,0,
1283.7618,-930.5936,41.6855,265.7134,0.00,VEHICLE,0,0,
1286.8961,-930.8431,41.3469,265.6483,0.00,VEHICLE,0,0,
1289.9680,-931.0779,40.9187,265.6754,0.00,VEHICLE,0,0,
1293.1007,-931.3027,40.5234,265.6790,0.00,VEHICLE,0,0,
1296.2322,-931.5217,40.1566,265.6793,0.00,VEHICLE,0,0,
1299.3762,-931.7442,39.7956,265.6776,0.00,VEHICLE,0,0,
1302.4904,-931.9716,39.4360,265.6781,0.00,VEHICLE,0,0,
1305.7917,-932.2234,39.0648,265.6909,0.00,VEHICLE,0,0,
1309.0016,-932.4783,38.7150,265.7077,0.00,VEHICLE,0,0,
1312.2319,-932.7400,38.3648,265.6985,0.00,VEHICLE,0,0,
1315.7886,-933.0256,37.9712,265.7114,0.00,VEHICLE,0,0,
1318.8772,-933.2670,37.6282,265.7200,0.00,VEHICLE,0,0,
1322.2123,-933.5206,37.2592,265.7097,0.00,VEHICLE,0,0,
1325.3267,-933.7525,36.9156,265.7032,0.00,VEHICLE,0,0,
1328.0421,-933.9521,36.6159,265.6973,0.00,VEHICLE,0,0,
1330.0397,-934.1084,36.3951,265.5399,0.00,VEHICLE,0,0,
1333.1294,-934.4278,36.0687,264.1208,0.00,VEHICLE,0,0,
1336.3230,-934.8496,35.7769,262.4030,0.00,VEHICLE,0,0,
1339.5912,-935.3140,35.5142,261.8935,0.00,VEHICLE,0,0,
1342.5748,-935.7722,35.2639,261.4333,0.00,VEHICLE,0,0,
1345.4873,-936.3679,35.0051,258.8735,0.00,VEHICLE,0,0,
1347.9138,-937.0316,34.7843,255.4591,0.00,VEHICLE,0,0,
1350.9713,-938.1507,34.5044,250.0066,0.00,VEHICLE,0,0,
1353.7238,-939.4818,34.2577,244.2794,0.00,VEHICLE,0,0,
1356.0439,-940.9411,34.1500,238.3680,0.00,VEHICLE,0,0,
1358.3610,-942.8411,34.1246,231.0252,0.00,VEHICLE,0,0,
1360.3973,-945.0421,34.1544,223.5445,0.00,VEHICLE,0,0,
1362.0515,-947.3743,34.1690,216.1451,0.00,VEHICLE,0,0,
1363.3051,-949.7111,34.1773,209.1948,0.00,VEHICLE,0,0,
1364.1880,-951.9550,34.1854,202.8440,0.00,VEHICLE,0,0,
1364.8152,-954.2822,34.1766,196.5509,0.00,VEHICLE,0,0,
1365.2012,-956.7544,34.1418,190.1565,0.00,VEHICLE,0,0,
1365.3123,-959.3033,34.0739,183.5822,0.00,VEHICLE,0,0,
1365.1606,-961.8106,33.9237,177.4796,0.00,VEHICLE,0,0,
1364.7899,-964.3185,33.6676,172.7300,0.00,VEHICLE,0,0,
1364.1582,-967.1852,33.2836,167.4297,0.00,VEHICLE,0,0,
1363.5327,-969.6508,32.9583,164.0194,0.00,VEHICLE,0,0,
1362.7012,-972.3674,32.5274,162.4536,0.00,VEHICLE,0,0,
1361.8754,-974.9278,32.0450,162.2607,0.00,VEHICLE,0,0,
1361.0590,-977.4637,31.4895,162.2514,0.00,VEHICLE,0,0,
1360.3868,-979.7032,31.0063,162.9752,0.00,VEHICLE,0,0,
1359.6646,-982.6594,30.4178,166.0165,0.00,VEHICLE,0,0,
1359.1537,-985.6025,29.8796,169.8809,0.00,VEHICLE,0,0,
1358.7026,-988.6937,29.3539,171.6055,0.00,VEHICLE,0,0,
1358.2242,-992.2464,28.7746,172.0638,0.00,VEHICLE,0,0,
1357.8076,-995.4017,28.3466,172.1149,0.00,VEHICLE,0,0,
1357.4133,-998.3753,28.0115,172.1325,0.00,VEHICLE,0,0,
1356.9609,-1001.7491,27.6360,172.1393,0.00,VEHICLE,0,0,
1356.5197,-1005.2827,27.2374,172.7865,0.00,VEHICLE,0,0,
1356.3621,-1007.3378,27.0505,174.6725,0.00,VEHICLE,0,0,
1356.2184,-1010.5179,26.8195,177.4974,0.00,VEHICLE,0,0,
1356.1251,-1013.8718,26.6427,178.4753,0.00,VEHICLE,0,0,
1356.0514,-1017.3793,26.5325,178.7263,0.00,VEHICLE,0,0,
1355.9832,-1021.0098,26.4999,178.7841,0.00,VEHICLE,0,0,
1355.9166,-1024.6075,26.4773,178.7951,0.00,VEHICLE,0,0,
1355.8488,-1028.1672,26.3845,178.7987,0.00,VEHICLE,0,0,
1355.7771,-1031.5989,26.2132,178.7346,0.00,VEHICLE,0,0,
1355.6963,-1035.1447,26.1052,178.6837,0.00,VEHICLE,0,0,
1355.6038,-1039.0229,26.1134,178.6709,0.00,VEHICLE,0,0,
1355.5223,-1042.3618,26.1876,178.6670,0.00,VEHICLE,0,0,
1355.4197,-1045.7061,26.3752,178.3174,0.00,VEHICLE,0,0,
1355.1642,-1049.3247,26.5717,175.9531,0.00,VEHICLE,0,0,
1354.7367,-1052.9766,26.6324,173.0820,0.00,VEHICLE,0,0,
1354.1908,-1056.3624,26.6414,170.4601,0.00,VEHICLE,0,0,
1353.5222,-1059.9666,26.6099,169.2157,0.00,VEHICLE,0,0,
1352.8372,-1063.4193,26.4080,168.7803,0.00,VEHICLE,0,0,
1352.1478,-1066.8304,26.0378,168.3663,0.00,VEHICLE,0,0,
1351.3896,-1070.3850,25.6612,168.0538,0.00,VEHICLE,0,0,
1350.6409,-1073.8475,25.3118,168.0417,0.00,VEHICLE,0,0,
1349.8881,-1077.3556,24.9459,168.0413,0.00,VEHICLE,0,0,
1349.1459,-1080.8424,24.6306,168.0376,0.00,VEHICLE,0,0,
1348.3854,-1084.5704,24.3943,168.4715,0.00,VEHICLE,0,0,
1347.7799,-1088.2474,24.2324,170.6731,0.00,VEHICLE,0,0,
1347.2415,-1091.9668,24.0614,171.8266,0.00,VEHICLE,0,0,
1346.7375,-1095.6428,23.9079,172.1336,0.00,VEHICLE,0,0,
1346.2479,-1099.2793,23.8318,172.2064,0.00,VEHICLE,0,0,
1345.7603,-1102.9172,23.8060,172.2251,0.00,VEHICLE,0,0,
1345.2578,-1106.6537,23.7734,172.2289,0.00,VEHICLE,0,0,
1344.7556,-1110.6675,23.7295,172.8732,0.00,VEHICLE,0,0,
1344.4403,-1114.6053,23.7001,175.6438,0.00,VEHICLE,0,0,
1344.2448,-1118.5265,23.6878,177.4061,0.00,VEHICLE,0,0,
1344.0992,-1122.3877,23.6767,177.8931,0.00,VEHICLE,0,0,
1343.9708,-1126.2607,23.6639,178.0108,0.00,VEHICLE,0,0,
1343.9063,-1128.2965,23.6569,178.0295,0.00,VEHICLE,0,0,
1343.7805,-1132.2953,23.6479,178.0399,0.00,VEHICLE,0,0,
1343.6530,-1136.2732,23.6498,178.0410,0.00,VEHICLE,0,0,
1343.5234,-1140.2592,23.6568,178.0712,0.00,VEHICLE,0,0,
1343.4711,-1142.3667,23.6599,178.3710,0.00,VEHICLE,0,0,
1343.4242,-1146.3188,23.6650,179.4021,0.00,VEHICLE,0,0,
1343.4102,-1148.4019,23.6674,179.6534,0.00,VEHICLE,0,0,
1343.3933,-1152.3683,23.6732,179.8326,0.00,VEHICLE,0,0,
1343.3822,-1156.2617,23.6806,179.8797,0.00,VEHICLE,0,0,
1343.3778,-1158.2820,23.6854,179.8875,0.00,VEHICLE,0,0,
1343.3743,-1160.2897,23.6982,179.8893,0.00,VEHICLE,0,0,
1343.3690,-1164.2169,23.7422,179.8892,0.00,VEHICLE,0,0,
1343.3641,-1168.1311,23.7484,179.8957,0.00,VEHICLE,0,0,
1343.3650,-1172.0356,23.6597,179.8962,0.00,VEHICLE,0,0,
1343.3658,-1174.0953,23.5786,179.8979,0.00,VEHICLE,0,0,
1343.3687,-1178.0184,23.2920,179.8624,0.00,VEHICLE,0,0,
1343.3691,-1180.0262,23.0478,179.8378,0.00,VEHICLE,0,0,
1343.3698,-1182.0870,22.7239,179.8024,0.00,VEHICLE,0,0,
1343.3702,-1184.0798,22.3404,179.7590,0.00,VEHICLE,0,0,
1343.3707,-1186.0597,21.8903,179.7075,0.00,VEHICLE,0,0,
1343.3711,-1188.2527,21.3097,179.6414,0.00,VEHICLE,0,0,
1343.3669,-1190.4816,20.7059,179.5081,0.00,VEHICLE,0,0,
1343.3545,-1192.6151,20.2002,179.3855,0.00,VEHICLE,0,0,
1343.3109,-1196.5009,19.4757,179.3941,0.00,VEHICLE,0,0,
1343.2490,-1200.5074,18.7397,179.3566,0.00,VEHICLE,0,0,
1343.2158,-1202.4807,18.3635,179.3606,0.00,VEHICLE,0,0,
1343.1807,-1204.6189,17.9506,179.3686,0.00,VEHICLE,0,0,
1343.1473,-1206.7512,17.5365,179.3760,0.00,VEHICLE,0,0,
1343.1167,-1208.8689,17.1243,179.3816,0.00,VEHICLE,0,0,
1343.0883,-1211.0012,16.7152,179.3855,0.00,VEHICLE,0,0,
1343.0634,-1213.0830,16.3314,179.3554,0.00,VEHICLE,0,0,
1343.0399,-1215.3196,15.9354,179.3218,0.00,VEHICLE,0,0,
1343.0198,-1217.5057,15.5713,179.3254,0.00,VEHICLE,0,0,
1343.0017,-1219.6626,15.2239,179.3282,0.00,VEHICLE,0,0,
1342.9845,-1221.7538,14.8901,179.3270,0.00,VEHICLE,0,0,
1342.9657,-1223.9624,14.5361,179.3265,0.00,VEHICLE,0,0,
1342.9457,-1226.1571,14.1820,179.3295,0.00,VEHICLE,0,0,
1342.9240,-1228.3475,13.8601,179.3335,0.00,VEHICLE,0,0,
1342.8992,-1230.8054,13.6319,179.4325,0.00,VEHICLE,0,0,
1342.8727,-1233.3651,13.5252,179.4881,0.00,VEHICLE,0,0,
1342.8470,-1235.8116,13.5074,179.5000,0.00,VEHICLE,0,0,
1342.8248,-1237.8134,13.5130,179.4872,0.00,VEHICLE,0,0,
1342.8008,-1239.8945,13.5085,179.4849,0.00,VEHICLE,0,0,
1342.7559,-1243.8274,13.4726,179.4889,0.00,VEHICLE,0,0,
1342.7318,-1246.0802,13.4427,179.4913,0.00,VEHICLE,0,0,
1342.7107,-1248.1710,13.4126,179.4927,0.00,VEHICLE,0,0,
1342.6899,-1250.3260,13.3829,179.4932,0.00,VEHICLE,0,0,
1342.6556,-1254.2087,13.3580,179.4930,0.00,VEHICLE,0,0,
1342.6371,-1258.1820,13.3633,179.7224,0.00,VEHICLE,0,0,
1342.6333,-1260.2749,13.3674,179.8428,0.00,VEHICLE,0,0,
1342.6317,-1262.3197,13.3703,179.9055,0.00,VEHICLE,0,0,
1342.6311,-1264.5914,13.3722,179.9401,0.00,VEHICLE,0,0,
1342.6309,-1266.9651,13.3733,179.9568,0.00,VEHICLE,0,0,
1342.6309,-1269.4741,13.3740,179.9645,0.00,VEHICLE,0,0,
1342.6307,-1271.6101,13.3743,179.9675,0.00,VEHICLE,0,0,
1342.6296,-1275.6332,13.3745,179.9694,0.00,VEHICLE,0,0,
1342.6279,-1279.6403,13.3746,179.9701,0.00,VEHICLE,0,0,
1342.6254,-1283.8123,13.4085,179.9721,0.00,VEHICLE,0,0,
1342.6230,-1285.9249,13.4522,179.9724,0.00,VEHICLE,0,0,
1342.6206,-1287.9459,13.5133,179.9725,0.00,VEHICLE,0,0,
1342.6183,-1289.9636,13.5754,179.9731,0.00,VEHICLE,0,0,
1342.6161,-1292.0062,13.6152,179.9739,0.00,VEHICLE,0,0,
1342.6144,-1294.0443,13.6395,179.9751,0.00,VEHICLE,0,0,
1342.6294,-1298.1222,13.6073,180.2425,0.00,VEHICLE,0,0,
1342.7174,-1302.1406,13.5426,181.3240,0.00,VEHICLE,0,0,
1342.7754,-1304.1460,13.5120,181.6223,0.00,VEHICLE,0,0,
1342.8453,-1306.3496,13.4806,181.7889,0.00,VEHICLE,0,0,
1342.9832,-1310.4279,13.4261,181.9021,0.00,VEHICLE,0,0,
1343.0621,-1312.7024,13.3967,181.9207,0.00,VEHICLE,0,0,
1343.1952,-1316.5133,13.3654,181.9295,0.00,VEHICLE,0,0,
1343.3430,-1320.7754,13.3632,181.9311,0.00,VEHICLE,0,0,
1343.4277,-1323.2402,13.3675,181.9316,0.00,VEHICLE,0,0,
1343.5085,-1325.6133,13.3705,181.9322,0.00,VEHICLE,0,0,
1343.6389,-1329.4717,13.3733,181.9332,0.00,VEHICLE,0,0,
1343.7745,-1333.5138,13.3744,181.9345,0.00,VEHICLE,0,0,
1343.8429,-1335.5542,13.3746,181.9351,0.00,VEHICLE,0,0,
1343.9108,-1337.6495,13.3747,181.9029,0.00,VEHICLE,0,0,
1343.9663,-1339.8735,13.3748,181.6044,0.00,VEHICLE,0,0,
1343.9998,-1342.0310,13.3748,181.0648,0.00,VEHICLE,0,0,
1344.0239,-1344.0785,13.3748,180.7161,0.00,VEHICLE,0,0,
1344.0437,-1346.2296,13.3748,180.5224,0.00,VEHICLE,0,0,
1344.0593,-1348.3344,13.3748,180.4296,0.00,VEHICLE,0,0,
1344.0729,-1350.4277,13.3748,180.3845,0.00,VEHICLE,0,0,
1344.0850,-1352.4569,13.3748,180.3630,0.00,VEHICLE,0,0,
1344.1022,-1355.6300,13.3748,180.3495,0.00,VEHICLE,0,0,
1344.1229,-1359.6656,13.3749,180.3451,0.00,VEHICLE,0,0,
1344.1285,-1362.2500,13.3779,180.2250,0.00,VEHICLE,0,0,
1344.1183,-1364.2632,13.3843,179.8925,0.00,VEHICLE,0,0,
1344.1035,-1366.2993,13.3952,179.6413,0.00,VEHICLE,0,0,
1344.0698,-1369.9395,13.4196,179.4439,0.00,VEHICLE,0,0,
1344.0475,-1372.0875,13.4346,179.3998,0.00,VEHICLE,0,0,
1344.0210,-1374.5270,13.4510,179.3771,0.00,VEHICLE,0,0,
1343.9973,-1376.6584,13.4647,179.3689,0.00,VEHICLE,0,0,
1343.9606,-1379.9069,13.4846,179.3650,0.00,VEHICLE,0,0,
1343.9321,-1382.4031,13.4997,179.3643,0.00,VEHICLE,0,0,
1343.8760,-1386.6426,13.5027,179.2496,0.00,VEHICLE,0,0,
1343.7819,-1390.8383,13.4485,178.6705,0.00,VEHICLE,0,0,
1343.7247,-1393.0847,13.4101,178.5304,0.00,VEHICLE,0,0,
1343.6680,-1395.2065,13.3747,178.4667,0.00,VEHICLE,0,0,
1343.6001,-1397.6912,13.3345,178.4313,0.00,VEHICLE,0,0,
1343.5342,-1400.0557,13.2978,178.4153,0.00,VEHICLE,0,0,
1343.4451,-1403.2134,13.2784,178.4064,0.00,VEHICLE,0,0,
1343.3068,-1407.3604,13.3067,178.0902,0.00,VEHICLE,0,0,
1343.1941,-1409.5868,13.3262,177.3854,0.00,VEHICLE,0,0,
1342.9401,-1413.8699,13.3579,176.4575,0.00,VEHICLE,0,0,
1342.7849,-1416.2570,13.3708,176.2759,0.00,VEHICLE,0,0,
1342.4866,-1420.6962,13.3780,176.1669,0.00,VEHICLE,0,0,
1342.2498,-1424.1658,13.3761,176.1478,0.00,VEHICLE,0,0,
1342.0697,-1426.7284,13.3745,176.0904,0.00,VEHICLE,0,0,
1341.8250,-1429.6080,13.3733,175.4150,0.00,VEHICLE,0,0,
1341.4967,-1432.4432,13.3729,173.7258,0.00,VEHICLE,0,0,
1340.9336,-1436.5189,13.3729,171.5451,0.00,VEHICLE,0,0,
1340.3575,-1440.1746,13.3729,170.8678,0.00,VEHICLE,0,0,
1340.0164,-1442.2582,13.3730,170.7457,0.00,VEHICLE,0,0,
1339.6229,-1444.6268,13.3730,170.6899,0.00,VEHICLE,0,0,
1339.1279,-1447.5806,13.3732,170.6720,0.00,VEHICLE,0,0,
1338.4928,-1451.2761,13.3734,170.4966,0.00,VEHICLE,0,0,
1337.8054,-1454.9320,13.3735,169.4834,0.00,VEHICLE,0,0,
1337.1317,-1458.4387,13.3736,168.9374,0.00,VEHICLE,0,0,
1336.4791,-1461.7548,13.3736,168.7380,0.00,VEHICLE,0,0,
1335.4469,-1466.5061,13.3735,167.5128,0.00,VEHICLE,0,0,
1334.5894,-1469.5339,13.3731,164.3933,0.00,VEHICLE,0,0,
1333.8325,-1471.9290,13.3724,162.0273,0.00,VEHICLE,0,0,
1332.5966,-1475.4907,13.3719,160.1603,0.00,VEHICLE,0,0,
1331.4457,-1478.5900,13.3722,159.6885,0.00,VEHICLE,0,0,
1330.7032,-1480.5540,13.3726,159.6147,0.00,VEHICLE,0,0,
1329.8702,-1482.7893,13.3731,159.8045,0.00,VEHICLE,0,0,
1329.1497,-1484.9225,13.3733,161.0340,0.00,VEHICLE,0,0,
1328.4515,-1487.3218,13.3729,163.6375,0.00,VEHICLE,0,0,
1327.8296,-1489.9669,13.3716,167.0277,0.00,VEHICLE,0,0,
1327.1284,-1493.5421,13.3703,170.2349,0.00,VEHICLE,0,0,
1326.7363,-1495.9447,13.3706,171.3772,0.00,VEHICLE,0,0,
1326.1859,-1499.7676,13.4166,171.8294,0.00,VEHICLE,0,0,
1325.6610,-1503.5148,13.5056,171.8136,0.00,VEHICLE,0,0,
1325.3252,-1505.9177,13.5479,172.0668,0.00,VEHICLE,0,0,
1325.0510,-1507.9366,13.5561,172.0151,0.00,VEHICLE,0,0,
1324.7290,-1510.1035,13.5204,171.2590,0.00,VEHICLE,0,0,
1324.4049,-1512.1171,13.4544,170.3075,0.00,VEHICLE,0,0,
1323.8684,-1515.2323,13.4024,169.3447,0.00,VEHICLE,0,0,
1323.2412,-1518.4929,13.3699,168.8738,0.00,VEHICLE,0,0,
1322.6110,-1521.5514,13.3686,168.7563,0.00,VEHICLE,0,0,
1321.7426,-1525.6719,13.3743,168.7694,0.00,VEHICLE,0,0,
1321.0210,-1529.1328,13.3753,168.7775,0.00,VEHICLE,0,0,
1320.3452,-1532.4580,13.3747,168.7705,0.00,VEHICLE,0,0,
1319.4467,-1537.0096,13.3745,168.7429,0.00,VEHICLE,0,0,
1319.0559,-1539.0156,13.3747,168.7309,0.00,VEHICLE,0,0,
1318.2872,-1542.9688,13.3750,168.7166,0.00,VEHICLE,0,0,
1317.8887,-1545.1328,13.3751,169.0474,0.00,VEHICLE,0,0,
1317.4941,-1547.8300,13.3750,170.9385,0.00,VEHICLE,0,0,
1317.1563,-1551.5094,13.3747,175.0180,0.00,VEHICLE,0,0,
1316.9382,-1555.1617,13.3741,177.0605,0.00,VEHICLE,0,0,
1316.7848,-1558.6919,13.3740,177.5799,0.00,VEHICLE,0,0,
1316.6615,-1561.9023,13.3779,177.6785,0.00,VEHICLE,0,0,
1316.5460,-1564.9993,13.3813,177.7018,0.00,VEHICLE,0,0,
1316.4292,-1568.1205,13.3810,177.7038,0.00,VEHICLE,0,0,
1316.3044,-1571.4462,13.3775,177.7008,0.00,VEHICLE,0,0,
1316.1732,-1574.8750,13.3757,177.6998,0.00,VEHICLE,0,0,
1316.0477,-1578.0729,13.3752,177.7012,0.00,VEHICLE,0,0,
1315.9175,-1581.3202,13.3751,177.7039,0.00,VEHICLE,0,0,
1315.7798,-1584.7015,13.3751,177.7069,0.00,VEHICLE,0,0,
1315.6350,-1588.2416,13.3752,177.7094,0.00,VEHICLE,0,0,
1315.5017,-1591.5088,13.3752,177.7106,0.00,VEHICLE,0,0,
1315.3661,-1594.8533,13.3752,177.7108,0.00,VEHICLE,0,0,
1315.2421,-1597.9414,13.3751,177.7103,0.00,VEHICLE,0,0,
1315.1079,-1601.3011,13.3751,177.7094,0.00,VEHICLE,0,0,
1314.9679,-1604.8203,13.3750,177.7083,0.00,VEHICLE,0,0,
1314.8361,-1608.1331,13.3751,177.7076,0.00,VEHICLE,0,0,
1314.7074,-1611.3645,13.3750,177.7073,0.00,VEHICLE,0,0,
1314.6161,-1613.6528,13.3750,177.7073,0.00,VEHICLE,0,0,
1314.4827,-1617.0547,13.3750,177.7402,0.00,VEHICLE,0,0,
1314.3849,-1620.6066,13.3751,178.4158,0.00,VEHICLE,0,0,
1314.3116,-1623.9910,13.3751,178.8228,0.00,VEHICLE,0,0,
1314.2361,-1628.0442,13.3750,178.9597,0.00,VEHICLE,0,0,
1314.1820,-1631.1492,13.3749,178.9850,0.00,VEHICLE,0,0,
1314.1427,-1633.4634,13.3749,178.9909,0.00,VEHICLE,0,0,
1314.1050,-1635.7069,13.3749,178.9927,0.00,VEHICLE,0,0,
1314.0699,-1637.7958,13.3750,178.9929,0.00,VEHICLE,0,0,
1314.0016,-1641.8420,13.3755,178.9929,0.00,VEHICLE,0,0,
1313.9653,-1643.9562,13.3757,178.9930,0.00,VEHICLE,0,0,
1313.8990,-1647.7581,13.3756,178.9935,0.00,VEHICLE,0,0,
1313.8312,-1651.6104,13.3753,178.9941,0.00,VEHICLE,0,0,
1313.7635,-1655.4255,13.3751,178.9948,0.00,VEHICLE,0,0,
1313.7010,-1658.9496,13.3750,178.9953,0.00,VEHICLE,0,0,
1313.6357,-1662.6399,13.3749,178.9955,0.00,VEHICLE,0,0,
1313.5713,-1666.2983,13.3749,178.9956,0.00,VEHICLE,0,0,
1313.5105,-1669.7616,13.3749,178.9955,0.00,VEHICLE,0,0,
1313.4480,-1673.3320,13.3749,178.9953,0.00,VEHICLE,0,0,
1313.3806,-1677.1941,13.3749,179.0004,0.00,VEHICLE,0,0,
1313.3541,-1679.2708,13.3749,179.1538,0.00,VEHICLE,0,0,
1313.3488,-1683.0165,13.3749,179.9422,0.00,VEHICLE,0,0,
1313.3632,-1686.5220,13.3748,180.2710,0.00,VEHICLE,0,0,
1313.3899,-1690.6332,13.3748,180.3803,0.00,VEHICLE,0,0,
1313.4180,-1694.3171,13.3748,180.4048,0.00,VEHICLE,0,0,
1313.4489,-1698.1945,13.3748,180.4107,0.00,VEHICLE,0,0,
1313.4651,-1700.2421,13.3749,180.4113,0.00,VEHICLE,0,0,
1313.4746,-1704.9412,13.3749,180.0096,0.00,VEHICLE,0,0,
1313.4612,-1708.8068,13.3749,179.7504,0.00,VEHICLE,0,0,
1313.4396,-1712.7571,13.3749,179.6747,0.00,VEHICLE,0,0,
1313.4150,-1716.5873,13.3749,179.6560,0.00,VEHICLE,0,0,
1313.3904,-1720.1991,13.3749,179.6521,0.00,VEHICLE,0,0,
1313.3644,-1724.0189,13.3749,179.6517,0.00,VEHICLE,0,0,
1313.3472,-1726.5894,13.3749,179.6519,0.00,VEHICLE,0,0,
1313.3337,-1728.6436,13.3748,179.6521,0.00,VEHICLE,0,0,
1313.3199,-1730.8262,13.3747,179.6520,0.00,VEHICLE,0,0,
1313.3064,-1733.0249,13.3747,179.6519,0.00,VEHICLE,0,0,
1313.2839,-1736.7764,13.3746,179.6512,0.00,VEHICLE,0,0,
1313.2589,-1740.9962,13.3746,179.6503,0.00,VEHICLE,0,0,
1313.2467,-1743.0582,13.3746,179.6500,0.00,VEHICLE,0,0,
1313.2344,-1745.1254,13.3746,179.6497,0.00,VEHICLE,0,0,
1313.2214,-1747.3009,13.3745,179.6495,0.00,VEHICLE,0,0,
1313.1971,-1751.3348,13.3745,179.6494,0.00,VEHICLE,0,0,
1313.1842,-1753.4752,13.3745,179.6494,0.00,VEHICLE,0,0,
1313.1644,-1756.7045,13.3745,179.6495,0.00,VEHICLE,0,0,
1313.1372,-1761.1362,13.3746,179.6498,0.00,VEHICLE,0,0,
1313.1346,-1765.0619,13.3744,180.0063,0.00,VEHICLE,0,0,
1313.1533,-1769.0603,13.3738,180.3149,0.00,VEHICLE,0,0,
1313.1810,-1773.1323,13.3732,180.4020,0.00,VEHICLE,0,0,
1313.1964,-1775.1885,13.3730,180.4165,0.00,VEHICLE,0,0,
1313.2277,-1779.1547,13.3728,180.4260,0.00,VEHICLE,0,0,
1313.2574,-1782.8828,13.3726,180.4272,0.00,VEHICLE,0,0,
1313.2883,-1786.8412,13.3726,180.4268,0.00,VEHICLE,0,0,
1313.3149,-1790.3845,13.3715,180.4219,0.00,VEHICLE,0,0,
1313.3376,-1793.5603,13.3689,180.4095,0.00,VEHICLE,0,0,
1313.3593,-1796.6396,13.3668,180.4056,0.00,VEHICLE,0,0,
1313.3779,-1799.3441,13.3669,180.4054,0.00,VEHICLE,0,0,
1313.3959,-1801.9446,13.3688,180.4056,0.00,VEHICLE,0,0,
1313.4142,-1804.5869,13.3707,180.4058,0.00,VEHICLE,0,0,
1313.4340,-1807.3932,13.3719,180.4059,0.00,VEHICLE,0,0,
1313.4565,-1810.5798,13.3727,180.4057,0.00,VEHICLE,0,0,
1313.4781,-1813.6183,13.3736,180.4055,0.00,VEHICLE,0,0,
1313.4974,-1816.3477,13.3744,180.4054,0.00,VEHICLE,0,0,
1313.5176,-1819.1752,13.3748,180.4053,0.00,VEHICLE,0,0,
1313.4918,-1822.4703,13.3746,179.6069,0.00,VEHICLE,0,0,
1313.2869,-1825.3612,13.3738,176.3710,0.00,VEHICLE,0,0,
1312.9413,-1828.2489,13.3729,173.3766,0.00,VEHICLE,0,0,
1312.5519,-1831.1394,13.3727,172.4628,0.00,VEHICLE,0,0,
1312.0944,-1834.1566,13.3728,171.7245,0.00,VEHICLE,0,0,
1311.4652,-1836.9849,13.3727,168.2255,0.00,VEHICLE,0,0,
1310.7013,-1839.3947,13.3722,163.5760,0.00,VEHICLE,0,0,
1309.7255,-1841.6533,13.3714,158.0549,0.00,VEHICLE,0,0,
1308.5631,-1843.7017,13.3705,152.0059,0.00,VEHICLE,0,0,
1307.2850,-1845.4633,13.3698,145.9057,0.00,VEHICLE,0,0,
1305.8069,-1847.0686,13.3695,139.3864,0.00,VEHICLE,0,0,
1304.1261,-1848.4912,13.3693,132.3482,0.00,VEHICLE,0,0,
1302.4214,-1849.5942,13.3693,125.4595,0.00,VEHICLE,0,0,
1299.8485,-1850.7520,13.3696,115.2879,0.00,VEHICLE,0,0,
1297.6123,-1851.3502,13.3700,106.8503,0.00,VEHICLE,0,0,
1294.6989,-1851.7339,13.3709,98.3554,0.00,VEHICLE,0,0,
1292.6130,-1851.9454,13.3727,96.4169,0.00,VEHICLE,0,0,
1290.4982,-1852.1384,13.3742,95.9846,0.00,VEHICLE,0,0,
1288.3340,-1852.3406,13.3750,95.8793,0.00,VEHICLE,0,0,
1286.0862,-1852.5592,13.3753,95.8473,0.00,VEHICLE,0,0,
1283.9027,-1852.7795,13.3753,95.8351,0.00,VEHICLE,0,0,
1281.6056,-1853.0175,13.3752,95.8270,0.00,VEHICLE,0,0,
1279.1683,-1853.2393,13.3751,95.2378,0.00,VEHICLE,0,0,
1276.7487,-1853.3085,13.3750,92.3189,0.00,VEHICLE,0,0,
1274.3881,-1853.2738,13.3746,89.5958,0.00,VEHICLE,0,0,
1272.0308,-1853.2136,13.3744,88.7043,0.00,VEHICLE,0,0,
1269.6520,-1853.1401,13.3745,88.4635,0.00,VEHICLE,0,0,
1267.1287,-1853.0571,13.3748,88.3984,0.00,VEHICLE,0,0,
1264.6447,-1852.9757,13.3750,88.3840,0.00,VEHICLE,0,0,
1262.0167,-1852.8933,13.3750,88.3802,0.00,VEHICLE,0,0,
1259.4169,-1852.8165,13.3750,88.3776,0.00,VEHICLE,0,0,
1256.8695,-1852.7446,13.3750,88.3747,0.00,VEHICLE,0,0,
1254.5789,-1852.6820,13.3750,88.3718,0.00,VEHICLE,0,0,
1251.6085,-1852.6014,13.3751,88.3689,0.00,VEHICLE,0,0,
1248.7664,-1852.5237,13.3752,88.3678,0.00,VEHICLE,0,0,
1246.0441,-1852.4476,13.3751,88.3679,0.00,VEHICLE,0,0,
1243.3274,-1852.3704,13.3751,88.3685,0.00,VEHICLE,0,0,
1240.7686,-1852.2971,13.3751,88.3693,0.00,VEHICLE,0,0,
1238.1638,-1852.2223,13.3751,88.3700,0.00,VEHICLE,0,0,
1235.4583,-1852.1444,13.3751,88.3705,0.00,VEHICLE,0,0,
1232.4908,-1852.0594,13.3751,88.3708,0.00,VEHICLE,0,0,
1229.7386,-1851.9808,13.3751,88.3707,0.00,VEHICLE,0,0,
1226.9919,-1851.9026,13.3751,88.3705,0.00,VEHICLE,0,0,
1224.1897,-1851.8140,13.3751,88.2166,0.00,VEHICLE,0,0,
1221.3337,-1851.7196,13.3751,88.1076,0.00,VEHICLE,0,0,
1218.5077,-1851.6249,13.3751,88.0755,0.00,VEHICLE,0,0,
1215.6515,-1851.5283,13.3751,88.0663,0.00,VEHICLE,0,0,
1212.7131,-1851.4286,13.3750,88.0639,0.00,VEHICLE,0,0,
1209.8286,-1851.3306,13.3749,88.0635,0.00,VEHICLE,0,0,
1206.8359,-1851.2290,13.3749,88.0635,0.00,VEHICLE,0,0,
1203.8679,-1851.1284,13.3754,88.0635,0.00,VEHICLE,0,0,
1200.8240,-1851.0266,13.3778,88.0791,0.00,VEHICLE,0,0,
1197.7035,-1850.9888,13.3819,89.1882,0.00,VEHICLE,0,0,
1194.8048,-1851.0280,13.3853,90.6841,0.00,VEHICLE,0,0,
1191.8898,-1851.0901,13.3884,91.2094,0.00,VEHICLE,0,0,
1188.7817,-1851.1672,13.3904,91.3661,0.00,VEHICLE,0,0,
1185.8712,-1851.2435,13.3910,91.4053,0.00,VEHICLE,0,0,
1182.8696,-1851.3232,13.3907,91.4155,0.00,VEHICLE,0,0,
1179.7111,-1851.4061,13.3905,91.4177,0.00,VEHICLE,0,0,
1176.5554,-1851.4650,13.3905,91.0461,0.00,VEHICLE,0,0,
1173.4814,-1851.5038,13.3904,90.7112,0.00,VEHICLE,0,0,
1170.4951,-1851.5348,13.3904,90.6100,0.00,VEHICLE,0,0,
1167.4015,-1851.5637,13.3904,90.5800,0.00,VEHICLE,0,0,
1164.2024,-1851.5923,13.3897,90.5724,0.00,VEHICLE,0,0,
1161.1165,-1851.6200,13.3877,90.5710,0.00,VEHICLE,0,0,
1157.9598,-1851.6494,13.3846,90.5708,0.00,VEHICLE,0,0,
1154.5048,-1851.6832,13.3813,90.5703,0.00,VEHICLE,0,0,
1151.2693,-1851.7156,13.3785,90.5701,0.00,VEHICLE,0,0,
1147.6365,-1851.7527,13.3763,90.5689,0.00,VEHICLE,0,0,
1144.0145,-1851.7898,13.3752,90.5677,0.00,VEHICLE,0,0,
1140.4613,-1851.8257,13.3749,90.5676,0.00,VEHICLE,0,0,
1136.8740,-1851.8613,13.3749,90.5679,0.00,VEHICLE,0,0,
1133.5103,-1851.8944,13.3749,90.5682,0.00,VEHICLE,0,0,
1130.0399,-1851.9286,13.3749,90.5685,0.00,VEHICLE,0,0,
1126.5192,-1851.9631,13.3749,90.5688,0.00,VEHICLE,0,0,
1122.8562,-1851.9993,13.3749,90.5689,0.00,VEHICLE,0,0,
1119.1490,-1852.0360,13.3746,90.5689,0.00,VEHICLE,0,0,
1115.5776,-1852.0715,13.3738,90.5688,0.00,VEHICLE,0,0,
1111.9895,-1852.1072,13.3732,90.5687,0.00,VEHICLE,0,0,
1108.3027,-1852.1439,13.3728,90.5686,0.00,VEHICLE,0,0,
1104.8540,-1852.1782,13.3724,90.5685,0.00,VEHICLE,0,0,
1101.7292,-1852.2094,13.3704,90.5684,0.00,VEHICLE,0,0,
1098.7267,-1852.2393,13.3693,90.5685,0.00,VEHICLE,0,0,
1095.8617,-1852.2677,13.3701,90.5685,0.00,VEHICLE,0,0,
1092.8491,-1852.2975,13.3706,90.5685,0.00,VEHICLE,0,0,
1090.0148,-1852.3256,13.3705,90.5686,0.00,VEHICLE,0,0,
1087.3795,-1852.3516,13.3714,90.5686,0.00,VEHICLE,0,0,
1084.6204,-1852.3789,13.3730,90.5686,0.00,VEHICLE,0,0,
1081.9441,-1852.4055,13.3747,90.5686,0.00,VEHICLE,0,0,
1079.5128,-1852.4297,13.3746,90.5686,0.00,VEHICLE,0,0,
1077.3658,-1852.4510,13.3729,90.5685,0.00,VEHICLE,0,0,
1074.6833,-1852.6595,13.3731,93.7962,0.00,VEHICLE,0,0,
1071.8193,-1853.4614,13.3771,104.4021,0.00,VEHICLE,0,0,
1069.5201,-1854.7280,13.3788,116.4116,0.00,VEHICLE,0,0,
1067.1833,-1856.3251,13.3848,123.4627,0.00,VEHICLE,0,0,
1065.5500,-1857.6046,13.3885,126.0363,0.00,VEHICLE,0,0,
1063.5038,-1859.3718,13.3896,129.4678,0.00,VEHICLE,0,0,
1061.5154,-1860.8376,13.3873,126.9086,0.00,VEHICLE,0,0,
1059.1251,-1862.0101,13.3804,117.9500,0.00,VEHICLE,0,0,
1056.8723,-1862.4891,13.4024,105.8160,0.00,VEHICLE,0,0,
1054.3665,-1862.1771,13.4529,87.3300,0.00,VEHICLE,0,0,
1052.0745,-1861.0269,13.5051,68.8204,0.00,VEHICLE,0,0,
1050.2594,-1859.4437,13.4666,54.4846,0.00,VEHICLE,0,0,
1049.0731,-1857.6819,13.4167,39.4746,0.00,VEHICLE,0,0,
1048.4708,-1855.7208,13.3764,22.5237,0.00,VEHICLE,0,0,
1048.5515,-1853.1932,13.3851,3.3799,0.00,VEHICLE,0,0,
1049.3459,-1850.9718,13.3865,345.7277,0.00,VEHICLE,0,0,
1050.5455,-1849.2899,13.3977,330.9185,0.00,VEHICLE,0,0,
1052.2789,-1847.9045,13.4400,314.1990,0.00,VEHICLE,0,0,
1054.3711,-1847.0707,13.5062,298.1264,0.00,VEHICLE,0,0,
1056.7023,-1846.6913,13.5170,284.1373,0.00,VEHICLE,0,0,
1059.0254,-1846.7296,13.4776,273.4230,0.00,VEHICLE,0,0,
1061.4314,-1846.9716,13.3973,263.0368,0.00,VEHICLE,0,0,
1064.2333,-1847.4534,13.4030,258.2036,0.00,VEHICLE,0,0,
1066.7563,-1848.0310,13.3875,257.3004,0.00,VEHICLE,0,0,
1069.4838,-1848.9000,13.3868,252.8123,0.00,VEHICLE,0,0,
1072.3240,-1849.8579,13.3845,251.4379,0.00,VEHICLE,0,0,
1074.3473,-1850.5496,13.3813,251.2891,0.00,VEHICLE,0,0,
1077.1992,-1851.4373,13.3803,252.8237,0.00,VEHICLE,0,0,
1080.2435,-1852.0597,13.3784,258.1445,0.00,VEHICLE,0,0,
1082.3287,-1852.3492,13.3769,261.1754,0.00,VEHICLE,0,0,
1084.6283,-1852.6481,13.3759,262.1891,0.00,VEHICLE,0,0,
1086.9558,-1852.9399,13.3755,262.4257,0.00,VEHICLE,0,0,
1089.1166,-1853.2051,13.3754,262.5413,0.00,VEHICLE,0,0,
1091.2880,-1853.3851,13.3752,264.2233,0.00,VEHICLE,0,0,
1093.6521,-1853.4266,13.3749,267.8146,0.00,VEHICLE,0,0,
1096.1777,-1853.3762,13.3745,270.6948,0.00,VEHICLE,0,0,
1098.8513,-1853.2977,13.3745,271.5270,0.00,VEHICLE,0,0,
1101.4001,-1853.2136,13.3747,271.6984,0.00,VEHICLE,0,0,
1103.8613,-1853.1306,13.3749,271.7365,0.00,VEHICLE,0,0,
1106.2469,-1853.0858,13.3755,271.1494,0.00,VEHICLE,0,0,
1108.7089,-1853.1160,13.3757,269.5646,0.00,VEHICLE,0,0,
1111.3198,-1853.1639,13.3758,268.9896,0.00,VEHICLE,0,0,
1113.7555,-1853.2170,13.3756,268.8510,0.00,VEHICLE,0,0,
1116.4855,-1853.2808,13.3754,268.8122,0.00,VEHICLE,0,0,
1119.2588,-1853.3456,13.3753,268.8045,0.00,VEHICLE,0,0,
1122.1558,-1853.4110,13.3752,268.8029,0.00,VEHICLE,0,0,
1124.7229,-1853.4666,13.3751,268.8018,0.00,VEHICLE,0,0,
1127.3658,-1853.5217,13.3751,268.8003,0.00,VEHICLE,0,0,
1130.0784,-1853.5773,13.3751,268.7987,0.00,VEHICLE,0,0,
1132.8198,-1853.6323,13.3750,268.7974,0.00,VEHICLE,0,0,
1135.6552,-1853.6903,13.3750,268.7967,0.00,VEHICLE,0,0,
1138.4604,-1853.7485,13.3750,268.7966,0.00,VEHICLE,0,0,
1141.3262,-1853.8085,13.3751,268.7968,0.00,VEHICLE,0,0,
1144.0999,-1853.8669,13.3751,268.7973,0.00,VEHICLE,0,0,
1146.9147,-1853.9264,13.3754,268.7980,0.00,VEHICLE,0,0,
1149.8127,-1853.9874,13.3768,268.7996,0.00,VEHICLE,0,0,
1152.6505,-1854.0469,13.3795,268.7992,0.00,VEHICLE,0,0,
1155.5786,-1854.1083,13.3822,268.7991,0.00,VEHICLE,0,0,
1158.5863,-1854.1714,13.3849,268.7986,0.00,VEHICLE,0,0,
1161.5267,-1854.2334,13.3875,268.7984,0.00,VEHICLE,0,0,
1164.5629,-1854.2971,13.3900,268.7985,0.00,VEHICLE,0,0,
1167.5479,-1854.3597,13.3911,268.7985,0.00,VEHICLE,0,0,
1170.5226,-1854.4221,13.3910,268.7985,0.00,VEHICLE,0,0,
1173.5997,-1854.4867,13.3907,268.7984,0.00,VEHICLE,0,0,
1176.1125,-1854.5393,13.3906,268.7984,0.00,VEHICLE,0,0,
1178.9558,-1854.5988,13.3905,268.7984,0.00,VEHICLE,0,0,
1182.5096,-1854.6735,13.3906,268.7983,0.00,VEHICLE,0,0,
1185.6992,-1854.7404,13.3906,268.7983,0.00,VEHICLE,0,0,
1188.7079,-1854.8035,13.3905,268.7984,0.00,VEHICLE,0,0,
1191.4736,-1854.8616,13.3891,268.7984,0.00,VEHICLE,0,0,
1194.4507,-1854.9241,13.3861,268.7984,0.00,VEHICLE,0,0,
1197.7339,-1854.9929,13.3821,268.7984,0.00,VEHICLE,0,0,
1201.2435,-1855.0071,13.3779,269.7583,0.00,VEHICLE,0,0,
1203.2544,-1854.9733,13.3757,270.7516,0.00,VEHICLE,0,0,
1206.9626,-1854.8805,13.3739,271.5153,0.00,VEHICLE,0,0,
1210.3381,-1854.7803,13.3741,271.6719,0.00,VEHICLE,0,0,
1213.5741,-1854.6794,13.3745,271.7077,0.00,VEHICLE,0,0,
1216.9529,-1854.5728,13.3747,271.7157,0.00,VEHICLE,0,0,
1220.5084,-1854.4617,13.3748,271.7170,0.00,VEHICLE,0,0,
1224.4738,-1854.3406,13.3749,271.7098,0.00,VEHICLE,0,0,
1226.4771,-1854.2959,13.3749,271.4644,0.00,VEHICLE,0,0,
1230.0874,-1854.2448,13.3750,270.8051,0.00,VEHICLE,0,0,
1233.6053,-1854.2074,13.3755,270.6122,0.00,VEHICLE,0,0,
1236.9235,-1854.1770,13.3754,270.5658,0.00,VEHICLE,0,0,
1240.5732,-1854.1451,13.3753,270.5536,0.00,VEHICLE,0,0,
1244.3361,-1854.1122,13.3751,270.5513,0.00,VEHICLE,0,0,
1247.9724,-1854.0798,13.3750,270.5411,0.00,VEHICLE,0,0,
1251.6149,-1854.1002,13.3749,269.6625,0.00,VEHICLE,0,0,
1255.0764,-1854.1593,13.3748,268.9714,0.00,VEHICLE,0,0,
1258.5763,-1854.2325,13.3747,268.7723,0.00,VEHICLE,0,0,
1262.3733,-1854.3187,13.3747,268.7179,0.00,VEHICLE,0,0,
1265.9072,-1854.4016,13.3748,268.7070,0.00,VEHICLE,0,0,
1269.5149,-1854.4866,13.3749,268.7052,0.00,VEHICLE,0,0,
1271.6250,-1854.5315,13.3749,268.7674,0.00,VEHICLE,0,0,
1275.2197,-1854.5452,13.3749,269.8128,0.00,VEHICLE,0,0,
1278.6041,-1854.5184,13.3748,270.5091,0.00,VEHICLE,0,0,
1282.2698,-1854.4723,13.3747,270.7283,0.00,VEHICLE,0,0,
1286.2622,-1854.4137,13.3747,270.7858,0.00,VEHICLE,0,0,
1290.0496,-1854.3604,13.3748,270.7243,0.00,VEHICLE,0,0,
1293.7213,-1854.3577,13.3749,269.9611,0.00,VEHICLE,0,0,
1297.4332,-1854.3770,13.3748,269.6148,0.00,VEHICLE,0,0,
1301.0532,-1854.4060,13.3747,269.5247,0.00,VEHICLE,0,0,
1304.7894,-1854.4412,13.3748,269.5021,0.00,VEHICLE,0,0,
1306.8762,-1854.4615,13.3748,269.4991,0.00,VEHICLE,0,0,
1308.8909,-1854.4995,13.3748,269.2180,0.00,VEHICLE,0,0,
1312.6495,-1854.6986,13.3743,266.9055,0.00,VEHICLE,0,0,
1316.3812,-1855.0005,13.3736,265.2268,0.00,VEHICLE,0,0,
1319.9888,-1855.3351,13.3731,264.7124,0.00,VEHICLE,0,0,
1323.4424,-1855.7583,13.3728,263.1249,0.00,VEHICLE,0,0,
1327.0752,-1856.4330,13.3724,259.4178,0.00,VEHICLE,0,0,
1330.4351,-1857.3300,13.3718,255.0316,0.00,VEHICLE,0,0,
1333.6592,-1858.3962,13.3732,251.4409,0.00,VEHICLE,0,0,
1336.8491,-1859.5364,13.3823,250.1880,0.00,VEHICLE,0,0,
1339.8972,-1860.6721,13.3761,249.7788,0.00,VEHICLE,0,0,
1343.1493,-1861.9000,13.3734,249.7135,0.00,VEHICLE,0,0,
1346.1891,-1863.0449,13.3729,249.7074,0.00,VEHICLE,0,0,
1349.3103,-1864.2114,13.3726,249.7084,0.00,VEHICLE,0,0,
1352.2955,-1865.3180,13.3725,249.7066,0.00,VEHICLE,0,0,
1355.3209,-1866.4312,13.3725,249.7149,0.00,VEHICLE,0,0,
1358.5795,-1867.5177,13.3732,251.3946,0.00,VEHICLE,0,0,
1361.8134,-1868.3641,13.3736,255.1739,0.00,VEHICLE,0,0,
1365.0658,-1868.9454,13.3733,259.7618,0.00,VEHICLE,0,0,
1368.3508,-1869.3914,13.3731,262.5304,0.00,VEHICLE,0,0,
1371.1547,-1869.7144,13.3735,263.2792,0.00,VEHICLE,0,0,
1374.8452,-1870.1072,13.3742,263.5973,0.00,VEHICLE,0,0,
1378.3805,-1870.3422,13.3746,265.8936,0.00,VEHICLE,0,0,
1381.8702,-1870.3447,13.3744,269.8653,0.00,VEHICLE,0,0,
1385.2371,-1870.2256,13.3741,272.0613,0.00,VEHICLE,0,0,
1388.6664,-1870.0621,13.3742,272.6465,0.00,VEHICLE,0,0,
1392.0170,-1869.8899,13.3744,272.7742,0.00,VEHICLE,0,0,
1395.5496,-1869.7129,13.3747,272.7022,0.00,VEHICLE,0,0,
1398.7949,-1869.6602,13.3747,270.9034,0.00,VEHICLE,0,0,
1402.4369,-1869.7872,13.3743,267.8045,0.00,VEHICLE,0,0,
1405.9626,-1869.9828,13.3740,266.7662,0.00,VEHICLE,0,0,
1409.4069,-1870.2010,13.3742,266.5337,0.00,VEHICLE,0,0,
1412.9500,-1870.4336,13.3746,266.4843,0.00,VEHICLE,0,0,
1415.6714,-1870.6133,13.3749,266.4786,0.00,VEHICLE,0,0,
1419.3567,-1870.8510,13.3749,266.4763,0.00,VEHICLE,0,0,
1422.9519,-1871.0756,13.3749,266.4730,0.00,VEHICLE,0,0,
1426.5460,-1871.2950,13.3749,266.4685,0.00,VEHICLE,0,0,
1429.9360,-1871.4965,13.3749,266.5186,0.00,VEHICLE,0,0,
1433.2135,-1871.6135,13.3749,267.8016,0.00,VEHICLE,0,0,
1436.6884,-1871.6493,13.3747,269.4319,0.00,VEHICLE,0,0,
1440.1779,-1871.6534,13.3746,269.9323,0.00,VEHICLE,0,0,
1443.7573,-1871.6461,13.3746,270.0595,0.00,VEHICLE,0,0,
1447.1973,-1871.6357,13.3747,270.0883,0.00,VEHICLE,0,0,
1450.8831,-1871.6243,13.3748,270.0949,0.00,VEHICLE,0,0,
1454.6812,-1871.6143,13.3749,270.0965,0.00,VEHICLE,0,0,
1458.1875,-1871.6072,13.3749,270.0975,0.00,VEHICLE,0,0,
1461.7948,-1871.6013,13.3749,270.0989,0.00,VEHICLE,0,0,
1465.4659,-1871.5961,13.3749,270.1002,0.00,VEHICLE,0,0,
1469.1685,-1871.5912,13.3749,270.1012,0.00,VEHICLE,0,0,
1471.1986,-1871.5883,13.3749,270.1015,0.00,VEHICLE,0,0,
1474.9734,-1871.5822,13.3749,270.1016,0.00,VEHICLE,0,0,
1478.7953,-1871.5756,13.3749,270.1013,0.00,VEHICLE,0,0,
1482.8566,-1871.5681,13.3749,270.1009,0.00,VEHICLE,0,0,
1486.7235,-1871.5609,13.3749,270.1005,0.00,VEHICLE,0,0,
1490.6267,-1871.5536,13.3749,270.1003,0.00,VEHICLE,0,0,
1494.5537,-1871.5463,13.3752,270.1003,0.00,VEHICLE,0,0,
1498.5265,-1871.5392,13.3756,270.1004,0.00,VEHICLE,0,0,
1502.3820,-1871.5326,13.3755,270.1005,0.00,VEHICLE,0,0,
1506.2211,-1871.5260,13.3752,270.1006,0.00,VEHICLE,0,0,
1508.2214,-1871.5226,13.3751,270.1006,0.00,VEHICLE,0,0,
1512.1877,-1871.5157,13.3750,270.1007,0.00,VEHICLE,0,0,
1514.3668,-1871.5120,13.3750,270.1007,0.00,VEHICLE,0,0,
1518.0322,-1871.5055,13.3750,270.1007,0.00,VEHICLE,0,0,
1521.7448,-1871.4989,13.3749,270.1006,0.00,VEHICLE,0,0,
1525.6064,-1871.4922,13.3749,270.1006,0.00,VEHICLE,0,0,
1529.5081,-1871.4852,13.3749,270.1006,0.00,VEHICLE,0,0,
1531.5149,-1871.4817,13.3749,270.1006,0.00,VEHICLE,0,0,
1533.6104,-1871.4781,13.3749,270.1006,0.00,VEHICLE,0,0,
1535.6709,-1871.4745,13.3749,270.1006,0.00,VEHICLE,0,0,
1539.4609,-1871.4678,13.3749,270.1006,0.00,VEHICLE,0,0,
1541.5005,-1871.4642,13.3749,270.1006,0.00,VEHICLE,0,0,
1545.4712,-1871.4573,13.3749,270.1006,0.00,VEHICLE,0,0,
1547.4948,-1871.4537,13.3749,270.1006,0.00,VEHICLE,0,0,
1549.6539,-1871.4500,13.3749,270.1006,0.00,VEHICLE,0,0,
1551.6940,-1871.4463,13.3749,270.1006,0.00,VEHICLE,0,0,
1553.7389,-1871.4426,13.3749,270.1006,0.00,VEHICLE,0,0,
1555.7819,-1871.4390,13.3749,270.1006,0.00,VEHICLE,0,0,
1557.8895,-1871.4352,13.3749,270.1006,0.00,VEHICLE,0,0,
1561.9125,-1871.4280,13.3749,270.1006,0.00,VEHICLE,0,0,
1563.9941,-1871.4243,13.3749,270.1006,0.00,VEHICLE,0,0,
1566.0366,-1871.4207,13.3749,270.1006,0.00,VEHICLE,0,0,
1568.0686,-1871.4171,13.3749,270.1006,0.00,VEHICLE,0,0,
1570.0817,-1871.4136,13.3749,270.1006,0.00,VEHICLE,0,0,
1572.1681,-1871.4099,13.3749,270.1006,0.00,VEHICLE,0,0,
1574.2625,-1871.4063,13.3749,270.1006,0.00,VEHICLE,0,0,
1576.2766,-1871.4026,13.3749,270.1006,0.00,VEHICLE,0,0,
1578.3070,-1871.3989,13.3749,270.1006,0.00,VEHICLE,0,0,
1582.3481,-1871.3917,13.3749,270.1006,0.00,VEHICLE,0,0,
1584.4249,-1871.3881,13.3749,270.1006,0.00,VEHICLE,0,0,
1586.4663,-1871.3844,13.3749,270.1006,0.00,VEHICLE,0,0,
1588.5342,-1871.3807,13.3749,270.1006,0.00,VEHICLE,0,0,
1592.6577,-1871.3734,13.3749,270.1006,0.00,VEHICLE,0,0,
1594.7880,-1871.3698,13.3748,270.1006,0.00,VEHICLE,0,0,
1596.9263,-1871.3661,13.3747,270.1006,0.00,VEHICLE,0,0,
1599.0620,-1871.3624,13.3747,270.1006,0.00,VEHICLE,0,0,
1601.2062,-1871.3588,13.3746,270.1006,0.00,VEHICLE,0,0,
1603.3458,-1871.3550,13.3746,270.1006,0.00,VEHICLE,0,0,
1605.3805,-1871.3513,13.3746,270.1006,0.00,VEHICLE,0,0,
1607.5315,-1871.3477,13.3746,270.1006,0.00,VEHICLE,0,0,
1609.6672,-1871.3440,13.3745,270.1006,0.00,VEHICLE,0,0,
1611.7491,-1871.3402,13.3745,270.1006,0.00,VEHICLE,0,0,
1613.9941,-1871.3362,13.3745,270.1006,0.00,VEHICLE,0,0,
1616.4009,-1871.3319,13.3744,270.1006,0.00,VEHICLE,0,0,
1618.4882,-1871.3281,13.3742,270.1006,0.00,VEHICLE,0,0,
1620.5475,-1871.3246,13.3739,270.1006,0.00,VEHICLE,0,0,
1624.3899,-1871.3179,13.3722,270.1006,0.00,VEHICLE,0,0,
1627.8903,-1871.3116,13.3692,270.1006,0.00,VEHICLE,0,0,
1631.2571,-1871.3057,13.3668,270.1006,0.00,VEHICLE,0,0,
1634.1604,-1871.3005,13.3655,270.1006,0.00,VEHICLE,0,0,
1636.8904,-1871.2958,13.3654,270.1006,0.00,VEHICLE,0,0,
1639.6833,-1871.2909,13.3675,270.1006,0.00,VEHICLE,0,0,
1642.4006,-1871.2861,13.3699,270.1006,0.00,VEHICLE,0,0,
1645.0764,-1871.2814,13.3714,270.1006,0.00,VEHICLE,0,0,
1647.8806,-1871.2764,13.3721,270.1006,0.00,VEHICLE,0,0,
1650.3497,-1871.2721,13.3724,270.1006,0.00,VEHICLE,0,0,
1652.4733,-1871.2417,13.3725,270.5292,0.00,VEHICLE,0,0,
1655.0140,-1871.0608,13.3725,273.3534,0.00,VEHICLE,0,0,
1657.3665,-1870.7963,13.3724,275.9168,0.00,VEHICLE,0,0,
1659.8706,-1870.4867,13.3725,276.8298,0.00,VEHICLE,0,0,
1662.4221,-1870.0676,13.3727,278.6322,0.00,VEHICLE,0,0,
1664.6274,-1869.5046,13.3724,282.7396,0.00,VEHICLE,0,0,
1666.8800,-1868.6689,13.3718,288.6213,0.00,VEHICLE,0,0,
1668.8809,-1867.6732,13.3712,294.6305,0.00,VEHICLE,0,0,
1670.8938,-1866.5973,13.3720,297.8300,0.00,VEHICLE,0,0,
1672.8970,-1865.4487,13.3733,299.0851,0.00,VEHICLE,0,0,
1674.9563,-1864.0699,13.3741,302.3801,0.00,VEHICLE,0,0,
1676.7498,-1862.6395,13.3741,306.8599,0.00,VEHICLE,0,0,
1678.5623,-1860.8694,13.3734,312.8185,0.00,VEHICLE,0,0,
1680.0944,-1859.0017,13.3725,318.9634,0.00,VEHICLE,0,0,
1681.6553,-1856.9462,13.3727,322.6960,0.00,VEHICLE,0,0,
1683.1364,-1854.9001,13.3737,323.6505,0.00,VEHICLE,0,0,
1684.6425,-1852.6864,13.3744,324.9749,0.00,VEHICLE,0,0,
1685.8191,-1850.6783,13.3745,328.2723,0.00,VEHICLE,0,0,
1686.9142,-1848.3995,13.3742,333.1115,0.00,VEHICLE,0,0,
1687.8051,-1845.9269,13.3733,339.0306,0.00,VEHICLE,0,0,
1688.3821,-1843.4537,13.3719,345.5158,0.00,VEHICLE,0,0,
1688.7440,-1841.0048,13.3710,350.9442,0.00,VEHICLE,0,0,
1689.1228,-1837.7225,13.3724,353.1234,0.00,VEHICLE,0,0,
1689.4012,-1835.0854,13.3738,353.3541,0.00,VEHICLE,0,0,
1689.6617,-1832.6761,13.3743,353.3936,0.00,VEHICLE,0,0,
1689.9226,-1830.3766,13.3738,353.3531,0.00,VEHICLE,0,0,
1690.2987,-1828.0157,13.3730,351.5887,0.00,VEHICLE,0,0,
1690.9081,-1825.6624,13.3722,346.9100,0.00,VEHICLE,0,0,
1691.6925,-1823.5992,13.3713,341.2810,0.00,VEHICLE,0,0,
1692.9601,-1821.2798,13.3701,332.9207,0.00,VEHICLE,0,0,
1694.8226,-1818.9745,13.3692,322.2002,0.00,VEHICLE,0,0,
1697.1785,-1817.0571,13.3777,310.5732,0.00,VEHICLE,0,0,
1698.9708,-1815.8884,13.3898,305.0219,0.00,VEHICLE,0,0,
1700.6956,-1814.7777,13.3791,303.2957,0.00,VEHICLE,0,0,
1702.4801,-1813.6643,13.3532,302.8227,0.00,VEHICLE,0,0,
1704.4161,-1812.4639,13.3525,302.7276,0.00,VEHICLE,0,0,
1706.3792,-1811.3378,13.3524,301.1419,0.00,VEHICLE,0,0,
1708.2014,-1810.3528,13.3508,299.2207,0.00,VEHICLE,0,0,
1710.0863,-1809.3417,13.3489,298.4637,0.00,VEHICLE,0,0,
1712.0095,-1808.4762,13.3530,295.5257,0.00,VEHICLE,0,0,
1713.9382,-1807.8862,13.3750,289.8984,0.00,VEHICLE,0,0,
1716.5699,-1807.5540,13.4000,280.0872,0.00,VEHICLE,0,0,
1719.2280,-1807.7495,13.4338,269.2086,0.00,VEHICLE,0,0,
1721.8176,-1808.4895,13.4369,257.2779,0.00,VEHICLE,0,0,
1724.2305,-1809.6855,13.4322,246.3009,0.00,VEHICLE,0,0,
1726.7290,-1811.0405,13.3882,241.9671,0.00,VEHICLE,0,0,
1728.5112,-1811.9728,13.3535,241.4579,0.00,VEHICLE,0,0,
1730.2837,-1812.9000,13.3518,241.3604,0.00,VEHICLE,0,0,
1732.1147,-1813.8696,13.3552,241.3354,0.00,VEHICLE,0,0,
1734.2115,-1814.9335,13.3576,242.3726,0.00,VEHICLE,0,0,
1736.3077,-1815.8186,13.3596,245.9529,0.00,VEHICLE,0,0,
1738.4282,-1816.5609,13.3612,249.8261,0.00,VEHICLE,0,0,
1740.3694,-1817.2202,13.3626,251.1103,0.00,VEHICLE,0,0,
1742.8495,-1818.0448,13.3647,251.5043,0.00,VEHICLE,0,0,
1745.0560,-1818.7665,13.3668,251.6231,0.00,VEHICLE,0,0,
1747.3671,-1819.4180,13.3688,253.3988,0.00,VEHICLE,0,0,
1749.7834,-1820.0137,13.3704,255.5809,0.00,VEHICLE,0,0,
1752.2648,-1820.6123,13.3721,256.2272,0.00,VEHICLE,0,0,
1754.7352,-1821.2046,13.3740,256.3769,0.00,VEHICLE,0,0,
1757.2994,-1821.8195,13.3750,256.4138,0.00,VEHICLE,0,0,
1759.8578,-1822.4344,13.3754,256.4228,0.00,VEHICLE,0,0,
1762.4938,-1823.0706,13.3752,256.4260,0.00,VEHICLE,0,0,
1765.1888,-1823.7220,13.3751,256.4278,0.00,VEHICLE,0,0,
1767.8636,-1824.3691,13.3751,256.4291,0.00,VEHICLE,0,0,
1770.6185,-1825.0352,13.3751,256.4297,0.00,VEHICLE,0,0,
1773.3499,-1825.6951,13.3751,256.4298,0.00,VEHICLE,0,0,
1776.1453,-1826.3700,13.3751,256.4296,0.00,VEHICLE,0,0,
1779.0525,-1827.0717,13.3751,256.4292,0.00,VEHICLE,0,0,
1781.8663,-1827.7504,13.3752,256.4288,0.00,VEHICLE,0,0,
1784.7869,-1828.4550,13.3752,256.4286,0.00,VEHICLE,0,0,
1787.7885,-1829.1794,13.3757,256.4286,0.00,VEHICLE,0,0,
1790.8103,-1829.9088,13.3758,256.4287,0.00,VEHICLE,0,0,
1793.9056,-1830.6559,13.3749,256.4288,0.00,VEHICLE,0,0,
1796.6552,-1831.3197,13.3739,256.4289,0.00,VEHICLE,0,0,
1799.2557,-1831.9478,13.3732,256.4290,0.00,VEHICLE,0,0,
1801.9426,-1832.5963,13.3728,256.4290,0.00,VEHICLE,0,0,
1804.7904,-1833.2837,13.3726,256.4290,0.00,VEHICLE,0,0,
1807.8474,-1834.0256,13.3726,256.3658,0.00,VEHICLE,0,0,
1810.2607,-1834.6660,13.3730,255.4203,0.00,VEHICLE,0,0,
1812.6986,-1835.3687,13.3803,254.1331,0.00,VEHICLE,0,0,
1814.8511,-1836.0151,13.3880,253.5294,0.00,VEHICLE,0,0,
1817.2755,-1836.9230,13.3986,250.3235,0.00,VEHICLE,0,0,
1819.3743,-1837.9397,13.4019,245.5789,0.00,VEHICLE,0,0,
1821.7789,-1839.5098,13.4018,237.8228,0.00,VEHICLE,0,0,
1823.5602,-1841.0905,13.4008,230.1651,0.00,VEHICLE,0,0,
1824.9192,-1842.7014,13.4002,222.6408,0.00,VEHICLE,0,0,
1826.1987,-1844.9021,13.4221,212.2147,0.00,VEHICLE,0,0,
1826.9982,-1847.5935,13.4618,199.3813,0.00,VEHICLE,0,0,
1827.0354,-1850.1566,13.5062,184.8318,0.00,VEHICLE,0,0,
1826.8405,-1853.0459,13.4889,176.7700,0.00,VEHICLE,0,0,
1826.6519,-1855.0494,13.4830,175.7561,0.00,VEHICLE,0,0,
1826.4094,-1857.8499,13.4789,175.5668,0.00,VEHICLE,0,0,
1826.1882,-1860.9000,13.4556,175.4500,0.00,VEHICLE,0,0,
1826.0074,-1863.9906,13.3961,175.4230,0.00,VEHICLE,0,0,
1825.8909,-1866.1635,13.3671,175.4290,0.00,VEHICLE,0,0,
1825.6559,-1868.4310,13.3486,173.7261,0.00,VEHICLE,0,0,
1825.2913,-1870.7643,13.3326,171.2954,0.00,VEHICLE,0,0,
1824.8671,-1873.2566,13.3185,170.5982,0.00,VEHICLE,0,0,
1824.4750,-1875.4590,13.3127,170.4824,0.00,VEHICLE,0,0,
1824.0626,-1877.7609,13.3122,170.4617,0.00,VEHICLE,0,0,
1823.6313,-1880.2126,13.3186,170.4892,0.00,VEHICLE,0,0,
1823.3094,-1882.7007,13.3251,172.3425,0.00,VEHICLE,0,0,
1823.1443,-1885.3534,13.3295,175.9107,0.00,VEHICLE,0,0,
1823.0399,-1887.7654,13.3342,177.2485,0.00,VEHICLE,0,0,
1822.9468,-1890.3679,13.3404,177.5981,0.00,VEHICLE,0,0,
1822.8646,-1892.7742,13.3462,177.6661,0.00,VEHICLE,0,0,
1822.7698,-1895.4615,13.3524,177.6844,0.00,VEHICLE,0,0,
1822.6689,-1898.1403,13.3584,177.6915,0.00,VEHICLE,0,0,
1822.6226,-1900.6510,13.3636,178.6302,0.00,VEHICLE,0,0,
1822.6963,-1903.2576,13.3678,181.2218,0.00,VEHICLE,0,0,
1822.7955,-1905.7542,13.3710,182.2506,0.00,VEHICLE,0,0,
1822.9061,-1908.2058,13.3744,182.5128,0.00,VEHICLE,0,0,
1823.0248,-1910.7061,13.3780,182.5760,0.00,VEHICLE,0,0,
1823.1322,-1912.9598,13.3798,182.5853,0.00,VEHICLE,0,0,
1823.2438,-1915.3396,13.3809,182.5936,0.00,VEHICLE,0,0,
1823.4103,-1917.6298,13.3792,183.6921,0.00,VEHICLE,0,0,
1823.7144,-1919.6686,13.3769,187.0879,0.00,VEHICLE,0,0,
1824.3016,-1921.9215,13.3724,192.9878,0.00,VEHICLE,0,0,
1825.1815,-1924.0234,13.3684,200.4374,0.00,VEHICLE,0,0,
1826.7526,-1926.4049,13.3653,211.9626,0.00,VEHICLE,0,0,
1828.5719,-1928.1089,13.3655,223.9321,0.00,VEHICLE,0,0,
1830.8754,-1929.3353,13.3653,238.7167,0.00,VEHICLE,0,0,
1833.1060,-1929.7924,13.3649,253.2997,0.00,VEHICLE,0,0,
1835.1899,-1929.6664,13.3652,267.3397,0.00,VEHICLE,0,0,
1837.3905,-1929.5038,13.3687,274.0391,0.00,VEHICLE,0,0,
1839.7775,-1929.2631,13.3715,275.3539,0.00,VEHICLE,0,0,
1842.2902,-1929.1136,13.3725,273.6778,0.00,VEHICLE,0,0,
1844.9323,-1929.2709,13.3716,267.8620,0.00,VEHICLE,0,0,
1847.7432,-1929.5323,13.3714,265.4355,0.00,VEHICLE,0,0,
1849.7465,-1929.7219,13.3716,265.1584,0.00,VEHICLE,0,0,
1852.7623,-1929.9996,13.3715,265.0801,0.00,VEHICLE,0,0,
1855.5823,-1930.2218,13.3712,265.5113,0.00,VEHICLE,0,0,
1857.6908,-1930.2443,13.3709,268.1973,0.00,VEHICLE,0,0,
1860.0450,-1930.2046,13.3708,270.4106,0.00,VEHICLE,0,0,
1862.4619,-1930.1519,13.3709,270.9594,0.00,VEHICLE,0,0,
1864.8878,-1930.0947,13.3712,271.0754,0.00,VEHICLE,0,0,
1867.5021,-1930.0352,13.3715,271.1011,0.00,VEHICLE,0,0,
1870.1899,-1929.9780,13.3716,271.1077,0.00,VEHICLE,0,0,
1872.7563,-1929.9277,13.3715,271.1108,0.00,VEHICLE,0,0,
1875.3898,-1929.8788,13.3714,271.1135,0.00,VEHICLE,0,0,
1878.0574,-1929.8353,13.3714,271.0340,0.00,VEHICLE,0,0,
1880.2257,-1929.8691,13.3712,269.7360,0.00,VEHICLE,0,0,
1882.9305,-1929.9889,13.3708,267.7397,0.00,VEHICLE,0,0,
1885.5500,-1930.1215,13.3704,267.1901,0.00,VEHICLE,0,0,
1888.2909,-1930.2672,13.3702,267.0566,0.00,VEHICLE,0,0,
1890.9485,-1930.4104,13.3701,267.0275,0.00,VEHICLE,0,0,
1893.9897,-1930.5737,13.3700,267.0205,0.00,VEHICLE,0,0,
1896.9309,-1930.7295,13.3699,267.0187,0.00,VEHICLE,0,0,
1899.5848,-1930.8679,13.3699,267.0178,0.00,VEHICLE,0,0,
1902.3197,-1931.0094,13.3698,267.0166,0.00,VEHICLE,0,0,
1905.1497,-1931.1550,13.3691,267.0151,0.00,VEHICLE,0,0,
1908.0143,-1931.3022,13.3683,267.0135,0.00,VEHICLE,0,0,
1910.7305,-1931.4429,13.3680,267.0133,0.00,VEHICLE,0,0,
1913.1946,-1931.5710,13.3680,267.0136,0.00,VEHICLE,0,0,
1915.4210,-1931.6871,13.3682,267.0138,0.00,VEHICLE,0,0,
1917.7421,-1931.8086,13.3684,267.0142,0.00,VEHICLE,0,0,
1920.2036,-1931.9403,13.3687,266.9727,0.00,VEHICLE,0,0,
1922.5665,-1932.1532,13.3690,265.4244,0.00,VEHICLE,0,0,
1925.0300,-1932.5077,13.3692,262.4353,0.00,VEHICLE,0,0,
1927.5251,-1932.8905,13.3696,261.4548,0.00,VEHICLE,0,0,
1929.6985,-1933.2336,13.3701,261.2456,0.00,VEHICLE,0,0,
1931.9457,-1933.5908,13.3705,261.1966,0.00,VEHICLE,0,0,
1933.9814,-1933.9127,13.3707,261.1883,0.00,VEHICLE,0,0,
1936.2748,-1934.2948,13.3708,260.8391,0.00,VEHICLE,0,0,
1938.3413,-1934.7858,13.3711,258.0199,0.00,VEHICLE,0,0,
1940.2544,-1935.4020,13.3710,253.7975,0.00,VEHICLE,0,0,
1942.1735,-1936.0557,13.3711,251.7941,0.00,VEHICLE,0,0,
1944.9467,-1937.0023,13.3987,251.1667,0.00,VEHICLE,0,0,
1946.8527,-1937.7133,13.4256,249.8828,0.00,VEHICLE,0,0,
1949.2129,-1939.0271,13.4753,241.8696,0.00,VEHICLE,0,0,
1951.5188,-1940.5500,13.5208,237.7158,0.00,VEHICLE,0,0,
1953.7163,-1942.2236,13.5352,234.5735,0.00,VEHICLE,0,0,
1955.3748,-1943.9979,13.5545,226.2078,0.00,VEHICLE,0,0,
1956.5529,-1945.8186,13.5845,216.5258,0.00,VEHICLE,0,0,
1957.4078,-1947.8182,13.6452,206.8023,0.00,VEHICLE,0,0,
1957.9531,-1950.0479,13.6974,196.8260,0.00,VEHICLE,0,0,
1958.4639,-1952.3927,13.7324,193.3657,0.00,VEHICLE,0,0,
1958.9835,-1954.9276,13.7350,192.7399,0.00,VEHICLE,0,0,
1959.2753,-1957.5267,13.7320,187.9962,0.00,VEHICLE,0,0,
1959.2229,-1960.2756,13.7260,180.3404,0.00,VEHICLE,0,0,
1959.0984,-1963.0452,13.6662,177.9693,0.00,VEHICLE,0,0,
1958.9680,-1965.8799,13.5712,177.6638,0.00,VEHICLE,0,0,
1958.8781,-1967.8794,13.4960,177.6270,0.00,VEHICLE,0,0,
1958.7887,-1969.9390,13.4239,177.6169,0.00,VEHICLE,0,0,
1958.6992,-1972.0696,13.3857,177.6119,0.00,VEHICLE,0,0,
1958.6069,-1974.3165,13.3636,177.6092,0.00,VEHICLE,0,0,
1958.4818,-1976.4869,13.3689,176.9449,0.00,VEHICLE,0,0,
1958.3247,-1978.7471,13.3737,176.1672,0.00,VEHICLE,0,0,
1958.1613,-1981.0428,13.3753,175.9515,0.00,VEHICLE,0,0,
1957.9932,-1983.3643,13.3757,175.8982,0.00,VEHICLE,0,0,
1957.8193,-1985.7385,13.3758,175.8860,0.00,VEHICLE,0,0,
1957.6334,-1988.3055,13.3757,175.9087,0.00,VEHICLE,0,0,
1957.5657,-1990.7361,13.3902,177.6747,0.00,VEHICLE,0,0,
1957.6115,-1993.5306,13.3905,180.4357,0.00,VEHICLE,0,0,
1957.6611,-1995.8639,13.3831,181.0998,0.00,VEHICLE,0,0,
1957.7140,-1998.1843,13.3787,181.2673,0.00,VEHICLE,0,0,
1957.7683,-2000.5385,13.3766,181.3142,0.00,VEHICLE,0,0,
1957.8262,-2003.0234,13.3757,181.3276,0.00,VEHICLE,0,0,
1957.8885,-2005.6976,13.3754,181.3311,0.00,VEHICLE,0,0,
1957.9662,-2008.2253,13.3753,181.6431,0.00,VEHICLE,0,0,
1958.1779,-2010.8916,13.3752,184.0544,0.00,VEHICLE,0,0,
1958.4333,-2013.5262,13.3750,185.4163,0.00,VEHICLE,0,0,
1958.7021,-2016.1434,13.3749,185.7663,0.00,VEHICLE,0,0,
1958.9962,-2018.9434,13.3750,185.8516,0.00,VEHICLE,0,0,
1959.2860,-2021.6923,13.3758,185.8700,0.00,VEHICLE,0,0,
1959.5481,-2024.3185,13.3758,185.6564,0.00,VEHICLE,0,0,
1959.7587,-2027.0183,13.3755,184.6063,0.00,VEHICLE,0,0,
1959.9600,-2029.7465,13.3752,184.2384,0.00,VEHICLE,0,0,
1960.1572,-2032.5111,13.3752,184.1454,0.00,VEHICLE,0,0,
1960.3586,-2035.3706,13.3752,184.1238,0.00,VEHICLE,0,0,
1960.5603,-2038.2335,13.3753,184.1200,0.00,VEHICLE,0,0,
1960.7681,-2041.1978,13.3757,184.0868,0.00,VEHICLE,0,0,
1960.9185,-2044.1948,13.3768,183.0144,0.00,VEHICLE,0,0,
1961.0332,-2047.1486,13.3785,182.2587,0.00,VEHICLE,0,0,
1961.1350,-2050.0171,13.3804,182.0735,0.00,VEHICLE,0,0,
1961.2328,-2052.8989,13.3822,182.0284,0.00,VEHICLE,0,0,
1961.3281,-2055.7739,13.3840,182.0176,0.00,VEHICLE,0,0,
1961.4255,-2058.7192,13.3856,182.0143,0.00,VEHICLE,0,0,
1961.5186,-2061.6028,13.3872,181.9601,0.00,VEHICLE,0,0,
1961.5399,-2064.5610,13.3856,180.6203,0.00,VEHICLE,0,0,
1961.5212,-2067.4558,13.3814,179.6270,0.00,VEHICLE,0,0,
1961.4922,-2070.3867,13.3769,179.3389,0.00,VEHICLE,0,0,
1961.4583,-2073.2520,13.3747,179.2635,0.00,VEHICLE,0,0,
1961.4210,-2076.0825,13.3736,179.2441,0.00,VEHICLE,0,0,
1961.3951,-2078.9050,13.3730,179.4583,0.00,VEHICLE,0,0,
1961.4431,-2081.6570,13.3728,180.8236,0.00,VEHICLE,0,0,
1961.5116,-2084.4685,13.3728,181.4119,0.00,VEHICLE,0,0,
1961.5869,-2087.1902,13.3728,181.5487,0.00,VEHICLE,0,0,
1961.6783,-2089.8687,13.3728,181.8042,0.00,VEHICLE,0,0,
1961.9088,-2092.4551,13.3727,184.3642,0.00,VEHICLE,0,0,
1962.3792,-2094.9368,13.3722,189.5281,0.00,VEHICLE,0,0,
1963.0889,-2097.2231,13.3714,195.6221,0.00,VEHICLE,0,0,
1964.0204,-2099.3005,13.3705,202.2878,0.00,VEHICLE,0,0,
1965.1588,-2101.1609,13.3699,209.2948,0.00,VEHICLE,0,0,
1966.4873,-2102.7961,13.3696,216.5481,0.00,VEHICLE,0,0,
1968.6135,-2104.6697,13.3727,227.1883,0.00,VEHICLE,0,0,
1971.2603,-2106.1394,13.3956,239.3730,0.00,VEHICLE,0,0,
1974.1200,-2106.9683,13.3835,252.3473,0.00,VEHICLE,0,0,
1976.1556,-2107.3511,13.3579,259.0020,0.00,VEHICLE,0,0,
1979.0760,-2107.7473,13.3415,262.5966,0.00,VEHICLE,0,0,
1981.1755,-2107.9695,13.3405,262.8226,0.00,VEHICLE,0,0,
1983.3462,-2108.2139,13.3410,262.8669,0.00,VEHICLE,0,0,
1985.8213,-2108.5120,13.3448,262.9035,0.00,VEHICLE,0,0,
1988.1434,-2108.7402,13.3499,264.0550,0.00,VEHICLE,0,0,
1990.3138,-2108.8027,13.3520,267.3604,0.00,VEHICLE,0,0,
1992.7478,-2108.7693,13.3513,270.4277,0.00,VEHICLE,0,0,
1995.2437,-2108.7102,13.3555,271.2618,0.00,VEHICLE,0,0,
1997.7610,-2108.6384,13.3627,271.4350,0.00,VEHICLE,0,0,
2000.3043,-2108.5632,13.3751,271.4697,0.00,VEHICLE,0,0,
2002.8345,-2108.4927,13.3854,271.4822,0.00,VEHICLE,0,0,
2005.0426,-2108.4358,13.3914,271.4784,0.00,VEHICLE,0,0,
2007.4104,-2108.3789,13.3964,271.4756,0.00,VEHICLE,0,0,
2010.0449,-2108.3167,13.3999,271.4790,0.00,VEHICLE,0,0,
2012.4066,-2108.2600,13.4032,271.4806,0.00,VEHICLE,0,0,
2015.1595,-2108.1912,13.4044,271.4806,0.00,VEHICLE,0,0,
2017.8632,-2108.1216,13.4027,271.4794,0.00,VEHICLE,0,0,
2020.1921,-2108.0608,13.3985,271.4783,0.00,VEHICLE,0,0,
2023.2976,-2107.9790,13.3925,271.4769,0.00,VEHICLE,0,0,
2025.4791,-2107.9219,13.3883,271.4762,0.00,VEHICLE,0,0,
2027.8032,-2107.8613,13.3841,271.4759,0.00,VEHICLE,0,0,
2030.5900,-2107.7893,13.3800,271.4762,0.00,VEHICLE,0,0,
2032.9529,-2107.7288,13.3768,271.4765,0.00,VEHICLE,0,0,
2035.4528,-2107.6646,13.3694,271.4768,0.00,VEHICLE,0,0,
2038.2751,-2107.5923,13.3577,271.4771,0.00,VEHICLE,0,0,
2041.1405,-2107.5181,13.3435,271.4842,0.00,VEHICLE,0,0,
2043.6383,-2107.4512,13.3332,271.4935,0.00,VEHICLE,0,0,
2046.4596,-2107.3716,13.3249,271.4924,0.00,VEHICLE,0,0,
2049.0828,-2107.2957,13.3210,271.4978,0.00,VEHICLE,0,0,
2051.9780,-2107.2119,13.3184,271.5040,0.00,VEHICLE,0,0,
2054.3359,-2107.1453,13.3192,271.5043,0.00,VEHICLE,0,0,
2057.5408,-2107.0583,13.3276,271.5117,0.00,VEHICLE,0,0,
2060.1052,-2106.9907,13.3398,271.5159,0.00,VEHICLE,0,0,
2062.3789,-2106.9319,13.3506,271.5196,0.00,VEHICLE,0,0,
2065.0649,-2106.8650,13.3598,271.5147,0.00,VEHICLE,0,0,
2067.2825,-2106.8113,13.3654,271.5186,0.00,VEHICLE,0,0,
2069.5078,-2106.7583,13.3699,271.5292,0.00,VEHICLE,0,0,
2071.9004,-2106.7017,13.3724,271.5260,0.00,VEHICLE,0,0,
2074.7119,-2106.6201,13.3707,271.7231,0.00,VEHICLE,0,0,
2076.7253,-2106.4429,13.3647,273.8553,0.00,VEHICLE,0,0,
2079.3027,-2105.9746,13.3548,279.2321,0.00,VEHICLE,0,0,
2081.2822,-2105.5010,13.3687,282.8560,0.00,VEHICLE,0,0,
2083.2517,-2105.0117,13.3929,284.1596,0.00,VEHICLE,0,0,
2085.2432,-2104.4155,13.4197,286.3428,0.00,VEHICLE,0,0,
2087.8469,-2103.1621,13.4685,294.6621,0.00,VEHICLE,0,0,
2090.0078,-2101.7422,13.5330,301.4197,0.00,VEHICLE,0,0,
2092.1428,-2100.2595,13.5359,302.9283,0.00,VEHICLE,0,0,
2094.2603,-2098.8191,13.5363,302.7756,0.00,VEHICLE,0,0,
2096.4526,-2097.6304,13.5350,298.9635,0.00,VEHICLE,0,0,
2098.6265,-2096.5391,13.5356,297.4105,0.00,VEHICLE,0,0,
2100.6885,-2095.5215,13.5368,297.2370,0.00,VEHICLE,0,0,
2102.6313,-2094.5486,13.5367,297.2233,0.00,VEHICLE,0,0,
2104.7834,-2093.5239,13.5375,295.9413,0.00,VEHICLE,0,0,
2106.9050,-2092.7275,13.5382,291.7969,0.00,VEHICLE,0,0,
2108.9980,-2091.9426,13.5375,290.7794,0.00,VEHICLE,0,0,
2110.9236,-2091.2239,13.5370,290.6526,0.00,VEHICLE,0,0,
2112.9258,-2090.4780,13.5380,290.6354,0.00,VEHICLE,0,0,
2114.9688,-2089.7126,13.5389,290.6328,0.00,VEHICLE,0,0,
2116.9805,-2088.9558,13.5378,290.6318,0.00,VEHICLE,0,0,
2118.9529,-2088.2117,13.5369,290.6301,0.00,VEHICLE,0,0,
2120.9019,-2087.4758,13.5365,290.6287,0.00,VEHICLE,0,0,
2123.0471,-2086.6670,13.5312,290.6273,0.00,VEHICLE,0,0,
2123.0471,-2086.6670,13.5312,290.6273,0.00,VEHICLE,0,0,

route,duong_di3.csv,2091.2407,-2091.0479,13.5367,13.6014,0.00,VEHICLE,0,0,
2091.2407,-2091.0479,13.5367,13.6014,0.00,VEHICLE,0,0,
2091.4814,-2088.9570,13.5410,0.0799,0.00,VEHICLE,0,0,
2092.2876,-2087.1013,13.5402,344.9964,0.00,VEHICLE,0,0,
2093.9116,-2085.1973,13.5387,326.2351,0.00,VEHICLE,0,0,
2095.8313,-2083.9634,13.5382,309.8503,0.00,VEHICLE,0,0,
2098.3433,-2083.2632,13.5375,291.2364,0.00,VEHICLE,0,0,
2100.3564,-2083.2969,13.5366,276.4410,0.00,VEHICLE,0,0,
2102.2751,-2083.8713,13.5349,261.0699,0.00,VEHICLE,0,0,
2103.9902,-2084.9690,13.5341,245.2519,0.00,VEHICLE,0,0,
2105.7197,-2086.9778,13.5355,225.8745,0.00,VEHICLE,0,0,
2106.9827,-2088.6768,13.5380,219.1102,0.00,VEHICLE,0,0,
2108.4026,-2090.5549,13.5395,218.1290,0.00,VEHICLE,0,0,
2109.6780,-2092.5852,13.5383,213.6936,0.00,VEHICLE,0,0,
2110.4670,-2094.6436,13.5363,204.3132,0.00,VEHICLE,0,0,
2110.6833,-2096.6365,13.5340,192.0834,0.00,VEHICLE,0,0,
2110.4775,-2099.0176,13.5347,179.4887,0.00,VEHICLE,0,0,
2110.3301,-2101.1699,13.5370,178.0088,0.00,VEHICLE,0,0,
2109.7871,-2103.4363,13.5365,169.4490,0.00,VEHICLE,0,0,
2108.6294,-2105.4746,13.4107,155.4410,0.00,VEHICLE,0,0,
2107.1433,-2107.0986,13.3951,143.2975,0.00,VEHICLE,0,0,
2105.2917,-2108.1799,13.3184,127.0466,0.00,VEHICLE,0,0,
2103.1958,-2108.6384,13.2937,110.2332,0.00,VEHICLE,0,0,
2100.8557,-2108.5706,13.3026,94.7876,0.00,VEHICLE,0,0,
2098.2344,-2108.5071,13.3065,90.4020,0.00,VEHICLE,0,0,
2095.7883,-2108.4905,13.3117,90.0738,0.00,VEHICLE,0,0,
2093.1870,-2108.4683,13.3178,89.4841,0.00,VEHICLE,0,0,
2090.5715,-2108.4050,13.3234,88.5412,0.00,VEHICLE,0,0,
2088.0317,-2108.3394,13.3287,88.3952,0.00,VEHICLE,0,0,
2085.2200,-2108.2583,13.3359,88.3755,0.00,VEHICLE,0,0,
2082.3059,-2108.2134,13.3450,89.0888,0.00,VEHICLE,0,0,
2080.2693,-2108.2590,13.3522,90.7348,0.00,VEHICLE,0,0,
2078.0669,-2108.3135,13.3606,91.2924,0.00,VEHICLE,0,0,
2075.7622,-2108.3765,13.3698,91.4189,0.00,VEHICLE,0,0,
2073.6235,-2108.4368,13.3745,91.4441,0.00,VEHICLE,0,0,
2071.4329,-2108.4976,13.3774,91.4496,0.00,VEHICLE,0,0,
2069.1670,-2108.5583,13.3767,91.4515,0.00,VEHICLE,0,0,
2066.2703,-2108.6323,13.3761,91.4537,0.00,VEHICLE,0,0,
2063.7659,-2108.6951,13.3752,91.4538,0.00,VEHICLE,0,0,
2061.3345,-2108.7542,13.3722,91.4491,0.00,VEHICLE,0,0,
2058.7930,-2108.8127,13.3675,91.4489,0.00,VEHICLE,0,0,
2056.2700,-2108.8694,13.3606,91.4531,0.00,VEHICLE,0,0,
2053.6042,-2108.9290,13.3557,91.4431,0.00,VEHICLE,0,0,
2051.1372,-2108.9849,13.3542,91.4347,0.00,VEHICLE,0,0,
2048.6174,-2109.0454,13.3559,91.4305,0.00,VEHICLE,0,0,
2046.0522,-2109.1094,13.3574,91.4338,0.00,VEHICLE,0,0,
2043.5323,-2109.1741,13.3584,91.4351,0.00,VEHICLE,0,0,
2040.9792,-2109.2400,13.3600,91.4343,0.00,VEHICLE,0,0,
2038.4406,-2109.3083,13.3641,91.4385,0.00,VEHICLE,0,0,
2035.8254,-2109.3806,13.3695,91.4351,0.00,VEHICLE,0,0,
2033.2070,-2109.4543,13.3744,91.4373,0.00,VEHICLE,0,0,
2030.6359,-2109.5269,13.3769,91.4352,0.00,VEHICLE,0,0,
2028.0569,-2109.5977,13.3801,91.4341,0.00,VEHICLE,0,0,
2025.4305,-2109.6663,13.3835,91.4346,0.00,VEHICLE,0,0,
2022.7500,-2109.7339,13.3865,91.4365,0.00,VEHICLE,0,0,
2020.1917,-2109.7974,13.3891,91.4396,0.00,VEHICLE,0,0,
2017.6876,-2109.8591,13.3925,91.4407,0.00,VEHICLE,0,0,
2015.2131,-2109.9197,13.3972,91.4376,0.00,VEHICLE,0,0,
2012.6765,-2109.9812,13.3983,91.4389,0.00,VEHICLE,0,0,
2010.0928,-2110.0442,13.3955,91.4410,0.00,VEHICLE,0,0,
2007.6082,-2110.1060,13.3905,91.4421,0.00,VEHICLE,0,0,
2005.2201,-2110.1660,13.3861,91.4422,0.00,VEHICLE,0,0,
2002.7704,-2110.2283,13.3820,91.4417,0.00,VEHICLE,0,0,
2000.5411,-2110.2854,13.3781,91.4416,0.00,VEHICLE,0,0,
1998.2178,-2110.3459,13.3720,91.4468,0.00,VEHICLE,0,0,
1996.0089,-2110.4038,13.3632,91.4411,0.00,VEHICLE,0,0,
1993.6719,-2110.4651,13.3574,91.4264,0.00,VEHICLE,0,0,
1991.5769,-2110.5193,13.3533,91.4230,0.00,VEHICLE,0,0,
1989.5652,-2110.5710,13.3538,91.4203,0.00,VEHICLE,0,0,
1987.3258,-2110.6279,13.3545,91.4176,0.00,VEHICLE,0,0,
1985.1920,-2110.6816,13.3548,91.4150,0.00,VEHICLE,0,0,
1983.1161,-2110.7234,13.3549,91.2478,0.00,VEHICLE,0,0,
1981.0631,-2110.6270,13.3547,88.6128,0.00,VEHICLE,0,0,
1979.0416,-2110.3159,13.3544,83.5017,0.00,VEHICLE,0,0,
1977.0421,-2109.8728,13.3561,79.0752,0.00,VEHICLE,0,0,
1974.2631,-2109.2200,13.3632,77.5785,0.00,VEHICLE,0,0,
1971.8011,-2108.4675,13.3708,74.3302,0.00,VEHICLE,0,0,
1969.6080,-2107.4070,13.3722,66.5252,0.00,VEHICLE,0,0,
1967.4684,-2105.7883,13.3718,55.2895,0.00,VEHICLE,0,0,
1965.7471,-2103.7759,13.3710,42.9845,0.00,VEHICLE,0,0,
1964.4825,-2101.2971,13.3705,29.2958,0.00,VEHICLE,0,0,
1963.8967,-2098.7456,13.3706,15.7737,0.00,VEHICLE,0,0,
1963.6598,-2095.9102,13.3723,5.6832,0.00,VEHICLE,0,0,
1963.5405,-2093.9023,13.3740,4.1349,0.00,VEHICLE,0,0,
1963.3783,-2091.1277,13.3750,3.8954,0.00,VEHICLE,0,0,
1963.3097,-2088.4033,13.3754,1.8392,0.00,VEHICLE,0,0,
1963.4766,-2086.1304,13.3754,357.1451,0.00,VEHICLE,0,0,
1963.7096,-2083.9380,13.3752,354.4089,0.00,VEHICLE,0,0,
1963.9386,-2081.9153,13.3752,353.8013,0.00,VEHICLE,0,0,
1964.1871,-2079.7822,13.3754,353.6515,0.00,VEHICLE,0,0,
1964.4482,-2077.5542,13.3757,353.6174,0.00,VEHICLE,0,0,
1964.6174,-2075.3408,13.3758,355.1609,0.00,VEHICLE,0,0,
1964.6519,-2072.9924,13.3755,358.3944,0.00,VEHICLE,0,0,
1964.6505,-2070.6035,13.3752,359.7754,0.00,VEHICLE,0,0,
1964.6311,-2068.1870,13.3843,0.1069,0.00,VEHICLE,0,0,
1964.5990,-2065.7312,13.4017,0.1935,0.00,VEHICLE,0,0,
1964.5631,-2063.2715,13.4298,0.2038,0.00,VEHICLE,0,0,
1964.5354,-2060.7620,13.4495,0.1897,0.00,VEHICLE,0,0,
1964.4774,-2058.2629,13.4511,1.0177,0.00,VEHICLE,0,0,
1964.3315,-2055.8049,13.4439,3.1740,0.00,VEHICLE,0,0,
1964.1587,-2053.0945,13.4336,3.9822,0.00,VEHICLE,0,0,
1963.9845,-2050.5210,13.4223,4.1599,0.00,VEHICLE,0,0,
1963.7993,-2047.9141,13.4087,4.1867,0.00,VEHICLE,0,0,
1963.6044,-2045.2645,13.3931,4.1899,0.00,VEHICLE,0,0,
1963.4138,-2042.6526,13.3798,4.1091,0.00,VEHICLE,0,0,
1963.3148,-2039.9326,13.3730,2.3113,0.00,VEHICLE,0,0,
1963.2576,-2037.5353,13.3732,1.3860,0.00,VEHICLE,0,0,
1963.2063,-2034.8542,13.3748,1.1014,0.00,VEHICLE,0,0,
1963.1610,-2032.1106,13.3753,1.0317,0.00,VEHICLE,0,0,
1963.1168,-2029.2466,13.3753,1.0176,0.00,VEHICLE,0,0,
1963.0730,-2026.4271,13.3753,1.0159,0.00,VEHICLE,0,0,
1963.0254,-2023.5342,13.3753,1.0153,0.00,VEHICLE,0,0,
1962.9749,-2020.6230,13.3753,1.0140,0.00,VEHICLE,0,0,
1962.9232,-2017.7528,13.3753,1.0122,0.00,VEHICLE,0,0,
1962.8665,-2014.6594,13.3753,1.0106,0.00,VEHICLE,0,0,
1962.8055,-2011.3297,13.3753,1.0098,0.00,VEHICLE,0,0,
1962.7477,-2008.0894,13.3753,1.0097,0.00,VEHICLE,0,0,
1962.6980,-2005.2740,13.3747,1.0099,0.00,VEHICLE,0,0,
1962.6525,-2002.6802,13.3738,1.0102,0.00,VEHICLE,0,0,
1962.6069,-2000.0754,13.3732,1.0107,0.00,VEHICLE,0,0,
1962.5613,-1997.4636,13.3728,1.0111,0.00,VEHICLE,0,0,
1962.5171,-1994.9341,13.3727,1.0113,0.00,VEHICLE,0,0,
1962.4730,-1992.4335,13.3726,1.0113,0.00,VEHICLE,0,0,
1962.4290,-1989.9418,13.3726,1.0112,0.00,VEHICLE,0,0,
1962.3895,-1987.7238,13.3726,1.0111,0.00,VEHICLE,0,0,
1962.3472,-1985.3239,13.3726,1.0109,0.00,VEHICLE,0,0,
1962.3076,-1983.0950,13.3726,1.0108,0.00,VEHICLE,0,0,
1962.2692,-1980.9148,13.3726,1.0108,0.00,VEHICLE,0,0,
1962.2296,-1978.6692,13.3726,1.0108,0.00,VEHICLE,0,0,
1962.1913,-1976.5013,13.3726,1.0109,0.00,VEHICLE,0,0,
1962.1558,-1974.4940,13.3726,1.0109,0.00,VEHICLE,0,0,
1962.1201,-1972.4783,13.3753,1.0110,0.00,VEHICLE,0,0,
1962.0823,-1970.3531,13.4146,1.0121,0.00,VEHICLE,0,0,
1962.0417,-1968.0995,13.4717,1.0115,0.00,VEHICLE,0,0,
1962.0010,-1965.8434,13.5552,1.0116,0.00,VEHICLE,0,0,
1961.9615,-1963.6268,13.6350,1.0121,0.00,VEHICLE,0,0,
1961.9220,-1961.3685,13.6959,1.0124,0.00,VEHICLE,0,0,
1961.8817,-1959.0444,13.7328,1.0121,0.00,VEHICLE,0,0,
1961.8424,-1956.7709,13.7421,1.0125,0.00,VEHICLE,0,0,
1961.7576,-1954.2596,13.7399,1.7224,0.00,VEHICLE,0,0,
1961.5548,-1952.1497,13.7378,4.4101,0.00,VEHICLE,0,0,
1961.2040,-1949.8450,13.6974,7.8034,0.00,VEHICLE,0,0,
1960.8817,-1947.8706,13.6390,8.8560,0.00,VEHICLE,0,0,
1960.4089,-1945.0585,13.5035,9.2522,0.00,VEHICLE,0,0,
1959.8839,-1942.7863,13.4050,11.5770,0.00,VEHICLE,0,0,
1959.1648,-1940.7202,13.3661,16.9669,0.00,VEHICLE,0,0,
1957.8074,-1938.2471,13.3596,26.9939,0.00,VEHICLE,0,0,
1955.9829,-1936.1965,13.3672,39.3337,0.00,VEHICLE,0,0,
1954.0807,-1934.8831,13.3680,51.8030,0.00,VEHICLE,0,0,
1951.8059,-1934.0878,13.3679,66.7488,0.00,VEHICLE,0,0,
1949.2422,-1933.5774,13.3705,77.3222,0.00,VEHICLE,0,0,
1946.2548,-1933.0308,13.3736,79.4053,0.00,VEHICLE,0,0,
1943.6006,-1932.5502,13.3743,79.5188,0.00,VEHICLE,0,0,
1940.8544,-1932.2219,13.3743,82.7654,0.00,VEHICLE,0,0,
1937.9694,-1932.0835,13.3736,86.7069,0.00,VEHICLE,0,0,
1935.9186,-1931.9939,13.3733,87.2645,0.00,VEHICLE,0,0,
1933.8401,-1931.9086,13.3733,87.3950,0.00,VEHICLE,0,0,
1931.6334,-1931.8192,13.3733,87.4237,0.00,VEHICLE,0,0,
1929.2008,-1931.7179,13.3731,87.4302,0.00,VEHICLE,0,0,
1926.8992,-1931.6216,13.3728,87.4869,0.00,VEHICLE,0,0,
1924.5625,-1931.6304,13.3726,89.4885,0.00,VEHICLE,0,0,
1921.9786,-1931.7494,13.3720,92.2147,0.00,VEHICLE,0,0,
1919.5216,-1931.8781,13.3716,92.9142,0.00,VEHICLE,0,0,
1917.1536,-1932.0099,13.3713,93.0646,0.00,VEHICLE,0,0,
1914.7292,-1932.1486,13.3709,93.1006,0.00,VEHICLE,0,0,
1912.2036,-1932.2926,13.3705,93.1080,0.00,VEHICLE,0,0,
1909.3665,-1932.4517,13.3701,93.1100,0.00,VEHICLE,0,0,
1906.6248,-1932.5951,13.3697,93.0045,0.00,VEHICLE,0,0,
1904.0927,-1932.6726,13.3693,92.0234,0.00,VEHICLE,0,0,
1901.2172,-1932.7488,13.3689,91.5832,0.00,VEHICLE,0,0,
1898.3618,-1932.8192,13.3687,91.4861,0.00,VEHICLE,0,0,
1895.7869,-1932.8815,13.3684,91.4675,0.00,VEHICLE,0,0,
1892.8147,-1932.9540,13.3681,91.4628,0.00,VEHICLE,0,0,
1889.6729,-1933.0325,13.3677,91.4613,0.00,VEHICLE,0,0,
1886.9719,-1933.1013,13.3674,91.4609,0.00,VEHICLE,0,0,
1884.1138,-1933.1296,13.3672,90.6705,0.00,VEHICLE,0,0,
1881.2952,-1933.1165,13.3670,89.7732,0.00,VEHICLE,0,0,
1878.3687,-1933.0920,13.3667,89.5185,0.00,VEHICLE,0,0,
1875.4785,-1933.0634,13.3666,89.4586,0.00,VEHICLE,0,0,
1872.6746,-1933.0331,13.3665,89.4455,0.00,VEHICLE,0,0,
1869.8405,-1933.0024,13.3664,89.4431,0.00,VEHICLE,0,0,
1866.8689,-1932.9711,13.3664,89.4431,0.00,VEHICLE,0,0,
1863.8094,-1932.9407,13.3669,89.4432,0.00,VEHICLE,0,0,
1860.9071,-1932.9126,13.3671,89.4426,0.00,VEHICLE,0,0,
1857.9789,-1932.8848,13.3668,89.4421,0.00,VEHICLE,0,0,
1854.8068,-1932.8547,13.3660,89.4415,0.00,VEHICLE,0,0,
1852.0808,-1932.8282,13.3651,89.4348,0.00,VEHICLE,0,0,
1849.2108,-1932.7621,13.3646,88.7816,0.00,VEHICLE,0,0,
1846.4432,-1932.6515,13.3644,87.8028,0.00,VEHICLE,0,0,
1843.4229,-1932.5171,13.3646,87.4771,0.00,VEHICLE,0,0,
1840.3765,-1932.3616,13.3649,87.1813,0.00,VEHICLE,0,0,
1837.8583,-1932.1053,13.3652,84.8679,0.00,VEHICLE,0,0,
1835.3856,-1931.6671,13.3655,80.8743,0.00,VEHICLE,0,0,
1832.9702,-1931.0055,13.3659,75.8227,0.00,VEHICLE,0,0,
1830.5753,-1930.0682,13.3664,69.7690,0.00,VEHICLE,0,0,
1828.2482,-1928.8223,13.3664,62.8106,0.00,VEHICLE,0,0,
1826.3307,-1927.4661,13.3662,56.2164,0.00,VEHICLE,0,0,
1824.6699,-1925.9587,13.3652,49.5351,0.00,VEHICLE,0,0,
1823.0975,-1924.0977,13.3669,41.8697,0.00,VEHICLE,0,0,
1821.9315,-1922.2584,13.3684,34.7092,0.00,VEHICLE,0,0,
1820.9813,-1920.1682,13.3724,26.7445,0.00,VEHICLE,0,0,
1820.3708,-1918.0504,13.3757,18.6516,0.00,VEHICLE,0,0,
1820.0861,-1915.7915,13.3786,9.7409,0.00,VEHICLE,0,0,
1820.1674,-1913.3613,13.3820,359.9871,0.00,VEHICLE,0,0,
1820.4017,-1910.4799,13.3878,354.2238,0.00,VEHICLE,0,0,
1820.6652,-1908.3789,13.3895,353.3577,0.00,VEHICLE,0,0,
1820.9408,-1906.2235,13.3871,353.2380,0.00,VEHICLE,0,0,
1821.2671,-1903.6025,13.3808,353.2027,0.00,VEHICLE,0,0,
1821.5398,-1901.3420,13.3740,353.1915,0.00,VEHICLE,0,0,
1821.7930,-1899.1130,13.3676,353.3452,0.00,VEHICLE,0,0,
1821.9346,-1896.8540,13.3620,355.4485,0.00,VEHICLE,0,0,
1821.9845,-1894.4099,13.3567,358.1167,0.00,VEHICLE,0,0,
1822.0181,-1891.9425,13.3514,358.9641,0.00,VEHICLE,0,0,
1822.0441,-1889.5289,13.3464,359.1599,0.00,VEHICLE,0,0,
1822.0695,-1887.1417,13.3426,359.2048,0.00,VEHICLE,0,0,
1822.0979,-1884.7272,13.3393,359.2145,0.00,VEHICLE,0,0,
1822.1301,-1882.3098,13.3379,359.2157,0.00,VEHICLE,0,0,
1822.1672,-1879.7585,13.3371,359.2156,0.00,VEHICLE,0,0,
1822.2081,-1877.0710,13.3399,359.2145,0.00,VEHICLE,0,0,
1822.2506,-1874.3240,13.3536,359.2032,0.00,VEHICLE,0,0,
1822.2889,-1871.8707,13.3735,359.1990,0.00,VEHICLE,0,0,
1822.3234,-1869.4878,13.3916,359.2042,0.00,VEHICLE,0,0,
1822.3545,-1867.0216,13.4041,359.2112,0.00,VEHICLE,0,0,
1822.3805,-1864.6632,13.4069,359.2139,0.00,VEHICLE,0,0,
1822.4049,-1862.3098,13.4063,359.2102,0.00,VEHICLE,0,0,
1822.4318,-1859.9429,13.4045,359.2065,0.00,VEHICLE,0,0,
1822.4592,-1857.7719,13.4040,359.2053,0.00,VEHICLE,0,0,
1822.4885,-1855.6586,13.4038,359.2060,0.00,VEHICLE,0,0,
1822.5193,-1853.5681,13.4038,359.2078,0.00,VEHICLE,0,0,
1822.5520,-1851.3868,13.4039,359.2099,0.00,VEHICLE,0,0,
1822.5822,-1849.2842,13.4039,359.2276,0.00,VEHICLE,0,0,
1822.5281,-1847.1981,13.4039,0.7399,0.00,VEHICLE,0,0,
1822.1576,-1844.4500,13.4033,6.7320,0.00,VEHICLE,0,0,
1821.3101,-1841.7958,13.4016,16.0895,0.00,VEHICLE,0,0,
1820.2235,-1839.8556,13.4004,25.7514,0.00,VEHICLE,0,0,
1818.6111,-1838.0818,13.3998,38.6188,0.00,VEHICLE,0,0,
1816.7484,-1836.9052,13.3997,52.3880,0.00,VEHICLE,0,0,
1814.2435,-1836.1711,13.4011,69.6293,0.00,VEHICLE,0,0,
1811.8884,-1835.9210,13.3975,80.8273,0.00,VEHICLE,0,0,
1809.0020,-1835.6425,13.3909,83.5088,0.00,VEHICLE,0,0,
1806.2679,-1835.3313,13.3782,83.1273,0.00,VEHICLE,0,0,
1803.5103,-1834.7797,13.3753,79.4070,0.00,VEHICLE,0,0,
1800.6713,-1834.1769,13.3753,78.4604,0.00,VEHICLE,0,0,
1798.6995,-1833.7559,13.3756,78.3547,0.00,VEHICLE,0,0,
1796.7300,-1833.3385,13.3757,78.3293,0.00,VEHICLE,0,0,
1794.6541,-1832.9038,13.3757,78.3211,0.00,VEHICLE,0,0,
1792.4690,-1832.4512,13.3758,78.3161,0.00,VEHICLE,0,0,
1790.1895,-1831.9795,13.3757,78.2738,0.00,VEHICLE,0,0,
1788.1934,-1831.4835,13.3757,76.7111,0.00,VEHICLE,0,0,
1785.9515,-1830.8783,13.3756,75.1306,0.00,VEHICLE,0,0,
1783.6631,-1830.2494,13.3754,74.6894,0.00,VEHICLE,0,0,
1781.2024,-1829.5662,13.3754,74.5788,0.00,VEHICLE,0,0,
1778.7983,-1828.8956,13.3753,74.5561,0.00,VEHICLE,0,0,
1776.3030,-1828.2000,13.3752,74.5521,0.00,VEHICLE,0,0,
1773.7639,-1827.4945,13.3752,74.5511,0.00,VEHICLE,0,0,
1771.1854,-1826.7809,13.3752,74.5498,0.00,VEHICLE,0,0,
1768.6741,-1826.0874,13.3751,74.5482,0.00,VEHICLE,0,0,
1766.1423,-1825.3890,13.3751,74.5468,0.00,VEHICLE,0,0,
1763.5114,-1824.6633,13.3751,74.5459,0.00,VEHICLE,0,0,
1760.8715,-1823.9344,13.3751,74.5456,0.00,VEHICLE,0,0,
1758.1539,-1823.1835,13.3751,74.5459,0.00,VEHICLE,0,0,
1755.3507,-1822.4082,13.3747,74.5463,0.00,VEHICLE,0,0,
1752.5471,-1821.6328,13.3732,74.5468,0.00,VEHICLE,0,0,
1749.7997,-1820.8727,13.3708,74.5471,0.00,VEHICLE,0,0,
1747.2686,-1820.2122,13.3685,75.1986,0.00,VEHICLE,0,0,
1744.6185,-1819.6320,13.3662,77.3017,0.00,VEHICLE,0,0,
1741.7711,-1819.0389,13.3637,78.2142,0.00,VEHICLE,0,0,
1739.0815,-1818.4932,13.3610,78.4429,0.00,VEHICLE,0,0,
1736.2773,-1817.9349,13.3580,78.5763,0.00,VEHICLE,0,0,
1732.9464,-1817.3655,13.3548,80.0700,0.00,VEHICLE,0,0,
1730.4095,-1816.9541,13.3525,80.6490,0.00,VEHICLE,0,0,
1727.7466,-1816.5276,13.3501,80.8141,0.00,VEHICLE,0,0,
1725.0529,-1816.0972,13.3477,80.8561,0.00,VEHICLE,0,0,
1722.3651,-1815.6670,13.3459,80.8662,0.00,VEHICLE,0,0,
1719.8180,-1815.2582,13.3443,80.8687,0.00,VEHICLE,0,0,
1717.1926,-1814.8363,13.3434,80.8698,0.00,VEHICLE,0,0,
1714.4929,-1814.4017,13.3440,80.8706,0.00,VEHICLE,0,0,
1712.0334,-1814.0059,13.3463,80.8711,0.00,VEHICLE,0,0,
1709.4180,-1813.5782,13.3487,80.7669,0.00,VEHICLE,0,0,
1706.8713,-1813.0631,13.3509,79.0309,0.00,VEHICLE,0,0,
1704.4908,-1812.3354,13.3526,74.1981,0.00,VEHICLE,0,0,
1702.0497,-1811.2426,13.3536,67.0984,0.00,VEHICLE,0,0,
1699.7822,-1809.8026,13.3553,58.7136,0.00,VEHICLE,0,0,
1697.8862,-1808.1207,13.3650,49.8491,0.00,VEHICLE,0,0,
1696.4885,-1806.2964,13.3893,39.8188,0.00,VEHICLE,0,0,
1695.5076,-1804.2437,13.4186,28.7237,0.00,VEHICLE,0,0,
1694.9650,-1802.1171,13.4328,17.6177,0.00,VEHICLE,0,0,
1694.5625,-1800.1458,13.4369,10.2187,0.00,VEHICLE,0,0,
1694.2183,-1797.7292,13.4477,2.9913,0.00,VEHICLE,0,0,
1694.1401,-1795.5519,13.4546,1.8377,0.00,VEHICLE,0,0,
1694.0690,-1793.0870,13.4545,1.9097,0.00,VEHICLE,0,0,
1693.9855,-1790.7225,13.4537,1.9703,0.00,VEHICLE,0,0,
1693.9017,-1788.4318,13.4532,2.0219,0.00,VEHICLE,0,0,
1693.8148,-1786.0250,13.4531,2.0752,0.00,VEHICLE,0,0,
1693.7206,-1783.4388,13.4532,2.1263,0.00,VEHICLE,0,0,
1693.6252,-1780.8284,13.4469,2.1744,0.00,VEHICLE,0,0,
1693.5453,-1777.9197,13.4113,2.2572,0.00,VEHICLE,0,0,
1693.4984,-1775.7070,13.3828,2.2005,0.00,VEHICLE,0,0,
1693.4456,-1773.3350,13.3764,2.2085,0.00,VEHICLE,0,0,
1693.3851,-1771.3047,13.3757,2.2053,0.00,VEHICLE,0,0,
1693.2943,-1768.8730,13.3755,2.1933,0.00,VEHICLE,0,0,
1693.1401,-1766.1772,13.3757,2.8303,0.00,VEHICLE,0,0,
1692.7747,-1763.5979,13.3755,6.8081,0.00,VEHICLE,0,0,
1692.3938,-1761.4841,13.3757,9.4165,0.00,VEHICLE,0,0,
1691.9475,-1759.0852,13.3764,10.2031,0.00,VEHICLE,0,0,
1691.4852,-1756.6196,13.3777,10.3678,0.00,VEHICLE,0,0,
1691.0570,-1754.3290,13.3788,10.4010,0.00,VEHICLE,0,0,
1690.6292,-1752.0226,13.3797,10.4098,0.00,VEHICLE,0,0,
1690.1964,-1749.6724,13.3799,10.4127,0.00,VEHICLE,0,0,
1689.8065,-1747.5452,13.3797,10.4148,0.00,VEHICLE,0,0,
1689.3510,-1745.2388,13.3798,10.9765,0.00,VEHICLE,0,0,
1688.7239,-1742.9679,13.3804,14.4016,0.00,VEHICLE,0,0,
1687.9812,-1741.0272,13.3807,19.1225,0.00,VEHICLE,0,0,
1686.6527,-1738.5944,13.3811,27.2470,0.00,VEHICLE,0,0,
1684.9631,-1736.4934,13.3822,36.9778,0.00,VEHICLE,0,0,
1682.9128,-1734.8071,13.3790,48.3174,0.00,VEHICLE,0,0,
1680.5204,-1733.6528,13.3730,61.4825,0.00,VEHICLE,0,0,
1678.1610,-1732.9836,13.3701,72.2274,0.00,VEHICLE,0,0,
1675.6196,-1732.3251,13.3722,75.3508,0.00,VEHICLE,0,0,
1672.9205,-1731.6558,13.3744,75.6047,0.00,VEHICLE,0,0,
1670.0850,-1730.9694,13.3753,76.2702,0.00,VEHICLE,0,0,
1667.2159,-1730.5581,13.3753,81.3358,0.00,VEHICLE,0,0,
1665.1820,-1730.4584,13.3746,85.6634,0.00,VEHICLE,0,0,
1662.1699,-1730.3455,13.3747,87.5037,0.00,VEHICLE,0,0,
1660.0730,-1730.2773,13.3752,87.7045,0.00,VEHICLE,0,0,
1657.8163,-1730.2042,13.3756,87.7507,0.00,VEHICLE,0,0,
1655.4202,-1730.1216,13.3758,87.7617,0.00,VEHICLE,0,0,
1652.8660,-1730.0260,13.3757,87.7677,0.00,VEHICLE,0,0,
1650.3938,-1729.9280,13.3758,87.7725,0.00,VEHICLE,0,0,
1648.0104,-1729.8314,13.3758,87.7760,0.00,VEHICLE,0,0,
1645.7062,-1729.7814,13.3757,88.5458,0.00,VEHICLE,0,0,
1643.2148,-1729.8082,13.3753,90.3123,0.00,VEHICLE,0,0,
1640.6608,-1729.8496,13.3750,90.8860,0.00,VEHICLE,0,0,
1638.2483,-1729.8962,13.3749,91.0158,0.00,VEHICLE,0,0,
1635.5680,-1729.9518,13.3750,91.0495,0.00,VEHICLE,0,0,
1632.9009,-1730.0074,13.3751,91.0556,0.00,VEHICLE,0,0,
1630.2582,-1730.0603,13.3751,91.0568,0.00,VEHICLE,0,0,
1627.5338,-1730.1122,13.3751,91.0580,0.00,VEHICLE,0,0,
1624.8292,-1730.1619,13.3751,91.0596,0.00,VEHICLE,0,0,
1622.0298,-1730.2124,13.3751,91.0611,0.00,VEHICLE,0,0,
1619.3677,-1730.2601,13.3751,91.0621,0.00,VEHICLE,0,0,
1616.6490,-1730.3094,13.3751,91.0625,0.00,VEHICLE,0,0,
1613.8014,-1730.3617,13.3751,91.0624,0.00,VEHICLE,0,0,
1610.8824,-1730.4159,13.3751,91.0620,0.00,VEHICLE,0,0,
1608.0116,-1730.4694,13.3751,91.0616,0.00,VEHICLE,0,0,
1605.0967,-1730.5239,13.3751,91.0612,0.00,VEHICLE,0,0,
1602.0608,-1730.5806,13.3751,91.0611,0.00,VEHICLE,0,0,
1599.1146,-1730.6354,13.3751,91.0611,0.00,VEHICLE,0,0,
1596.0405,-1730.6924,13.3751,91.0612,0.00,VEHICLE,0,0,
1592.8579,-1730.7511,13.3751,91.0613,0.00,VEHICLE,0,0,
1589.6885,-1730.8097,13.3756,91.0615,0.00,VEHICLE,0,0,
1586.5880,-1730.8669,13.3760,91.0615,0.00,VEHICLE,0,0,
1583.0768,-1730.9319,13.3758,91.0615,0.00,VEHICLE,0,0,
1579.7820,-1730.9929,13.3755,91.0615,0.00,VEHICLE,0,0,
1576.9453,-1731.0455,13.3753,91.0614,0.00,VEHICLE,0,0,
1573.9563,-1731.1008,13.3751,91.0614,0.00,VEHICLE,0,0,
1570.6145,-1731.1628,13.3750,91.0614,0.00,VEHICLE,0,0,
1566.9746,-1731.2303,13.3749,91.0614,0.00,VEHICLE,0,0,
1563.6981,-1731.2911,13.3749,91.0614,0.00,VEHICLE,0,0,
1560.3763,-1731.3529,13.3749,91.0614,0.00,VEHICLE,0,0,
1557.1484,-1731.4127,13.3749,91.0614,0.00,VEHICLE,0,0,
1553.7242,-1731.4760,13.3749,91.0614,0.00,VEHICLE,0,0,
1550.2249,-1731.5406,13.3749,91.0614,0.00,VEHICLE,0,0,
1546.8547,-1731.6030,13.3749,91.0614,0.00,VEHICLE,0,0,
1543.3390,-1731.6681,13.3749,91.0614,0.00,VEHICLE,0,0,
1539.8516,-1731.7327,13.3749,91.0614,0.00,VEHICLE,0,0,
1536.1530,-1731.8011,13.3749,91.0614,0.00,VEHICLE,0,0,
1532.5941,-1731.8672,13.3749,91.0614,0.00,VEHICLE,0,0,
1529.4988,-1731.9246,13.3749,91.0614,0.00,VEHICLE,0,0,
1527.1635,-1731.9678,13.3750,91.0614,0.00,VEHICLE,0,0,
1523.4545,-1732.0365,13.3750,91.0615,0.00,VEHICLE,0,0,
1520.0490,-1732.0785,13.3750,90.7238,0.00,VEHICLE,0,0,
1517.8964,-1732.0957,13.3749,90.4558,0.00,VEHICLE,0,0,
1514.5431,-1732.1144,13.3749,90.2868,0.00,VEHICLE,0,0,
1510.8954,-1732.1298,13.3749,90.2440,0.00,VEHICLE,0,0,
1507.2333,-1732.1433,13.3749,90.2351,0.00,VEHICLE,0,0,
1503.6968,-1732.1556,13.3749,90.2338,0.00,VEHICLE,0,0,
1500.0902,-1732.1689,13.3749,90.2337,0.00,VEHICLE,0,0,
1496.3738,-1732.1833,13.3749,90.2336,0.00,VEHICLE,0,0,
1493.1542,-1732.1964,13.3749,90.2333,0.00,VEHICLE,0,0,
1489.2251,-1732.2128,13.3749,90.2327,0.00,VEHICLE,0,0,
1487.0668,-1732.2218,13.3749,90.2325,0.00,VEHICLE,0,0,
1483.4631,-1732.2368,13.3749,90.2322,0.00,VEHICLE,0,0,
1479.7793,-1732.2521,13.3749,90.2320,0.00,VEHICLE,0,0,
1476.1661,-1732.2668,13.3749,90.2321,0.00,VEHICLE,0,0,
1472.5006,-1732.2816,13.3749,90.2322,0.00,VEHICLE,0,0,
1468.6180,-1732.2972,13.3749,90.2324,0.00,VEHICLE,0,0,
1466.5588,-1732.3055,13.3749,90.2324,0.00,VEHICLE,0,0,
1464.3771,-1732.3143,13.3749,90.2325,0.00,VEHICLE,0,0,
1462.2811,-1732.3229,13.3752,90.2325,0.00,VEHICLE,0,0,
1460.1277,-1732.3315,13.3755,90.2325,0.00,VEHICLE,0,0,
1456.3103,-1732.3469,13.3757,90.2325,0.00,VEHICLE,0,0,
1452.3093,-1732.3633,13.3754,90.2324,0.00,VEHICLE,0,0,
1448.4686,-1732.3788,13.3751,90.2324,0.00,VEHICLE,0,0,
1444.5555,-1732.3948,13.3750,90.2324,0.00,VEHICLE,0,0,
1440.6733,-1732.4105,13.3750,90.2324,0.00,VEHICLE,0,0,
1436.6731,-1732.4268,13.3749,90.2324,0.00,VEHICLE,0,0,
1434.6038,-1732.4352,13.3749,90.2324,0.00,VEHICLE,0,0,
1430.5197,-1732.4518,13.3749,90.2324,0.00,VEHICLE,0,0,
1426.4453,-1732.4684,13.3749,90.2324,0.00,VEHICLE,0,0,
1424.4139,-1732.4766,13.3749,90.2324,0.00,VEHICLE,0,0,
1422.3497,-1732.4849,13.3749,90.2324,0.00,VEHICLE,0,0,
1420.2750,-1732.4934,13.3749,90.2324,0.00,VEHICLE,0,0,
1416.2017,-1732.5100,13.3749,90.2324,0.00,VEHICLE,0,0,
1414.1172,-1732.5184,13.3749,90.2324,0.00,VEHICLE,0,0,
1412.0029,-1732.5271,13.3749,90.2324,0.00,VEHICLE,0,0,
1409.9164,-1732.5355,13.3748,90.2324,0.00,VEHICLE,0,0,
1405.8635,-1732.5520,13.3741,90.2324,0.00,VEHICLE,0,0,
1402.0745,-1732.5674,13.3734,90.2324,0.00,VEHICLE,0,0,
1398.3535,-1732.5824,13.3729,90.2324,0.00,VEHICLE,0,0,
1394.6526,-1732.5974,13.3727,90.2324,0.00,VEHICLE,0,0,
1390.6522,-1732.6136,13.3726,90.2324,0.00,VEHICLE,0,0,
1387.0637,-1732.6281,13.3726,90.2324,0.00,VEHICLE,0,0,
1383.9370,-1732.6409,13.3726,90.2324,0.00,VEHICLE,0,0,
1380.8647,-1732.6532,13.3726,90.2324,0.00,VEHICLE,0,0,
1377.1399,-1732.6683,13.3726,90.2324,0.00,VEHICLE,0,0,
1374.0353,-1732.6809,13.3727,90.2324,0.00,VEHICLE,0,0,
1370.8048,-1732.6940,13.3726,90.2324,0.00,VEHICLE,0,0,
1367.8312,-1732.7061,13.3726,90.2324,0.00,VEHICLE,0,0,
1364.6245,-1732.7191,13.3725,90.2324,0.00,VEHICLE,0,0,
1361.6949,-1732.7311,13.3726,90.2324,0.00,VEHICLE,0,0,
1358.4996,-1732.7443,13.3724,90.2324,0.00,VEHICLE,0,0,
1355.6530,-1732.7560,13.3712,90.2324,0.00,VEHICLE,0,0,
1352.6958,-1732.7679,13.3709,90.2324,0.00,VEHICLE,0,0,
1349.9341,-1732.7792,13.3704,90.2324,0.00,VEHICLE,0,0,
1347.1732,-1732.7903,13.3708,90.2324,0.00,VEHICLE,0,0,
1344.4022,-1732.8015,13.3716,90.2324,0.00,VEHICLE,0,0,
1341.6230,-1732.7792,13.3721,89.6726,0.00,VEHICLE,0,0,
1338.8608,-1732.5789,13.3726,86.4302,0.00,VEHICLE,0,0,
1336.2037,-1732.1720,13.3730,81.9612,0.00,VEHICLE,0,0,
1333.5914,-1731.6963,13.3730,79.8554,0.00,VEHICLE,0,0,
1331.0739,-1731.2063,13.3730,79.3244,0.00,VEHICLE,0,0,
1328.6919,-1730.7289,13.3731,79.1062,0.00,VEHICLE,0,0,
1326.1943,-1730.1066,13.3729,76.9058,0.00,VEHICLE,0,0,
1324.0825,-1729.4006,13.3727,73.0008,0.00,VEHICLE,0,0,
1321.5621,-1728.3207,13.3725,67.6156,0.00,VEHICLE,0,0,
1319.4319,-1727.3468,13.3730,65.6612,0.00,VEHICLE,0,0,
1317.2622,-1726.3256,13.3738,65.1490,0.00,VEHICLE,0,0,
1315.0018,-1725.2554,13.3745,65.0239,0.00,VEHICLE,0,0,
1312.6866,-1724.1610,13.3748,64.9940,0.00,VEHICLE,0,0,
1310.2314,-1723.0082,13.3750,65.0066,0.00,VEHICLE,0,0,
1307.7706,-1721.9567,13.4521,66.5681,0.00,VEHICLE,0,0,
1305.4468,-1721.0422,13.5024,68.2958,0.00,VEHICLE,0,0,
1303.0308,-1720.1205,13.5407,69.0939,0.00,VEHICLE,0,0,
1300.5334,-1719.2108,13.4610,69.4938,0.00,VEHICLE,0,0,
1297.9271,-1718.4244,13.3852,71.8656,0.00,VEHICLE,0,0,
1295.2960,-1717.7731,13.3674,75.3232,0.00,VEHICLE,0,0,
1292.7910,-1717.1830,13.3711,76.4787,0.00,VEHICLE,0,0,
1290.2736,-1716.5986,13.3735,76.7679,0.00,VEHICLE,0,0,
1287.5709,-1715.9728,13.3745,76.8433,0.00,VEHICLE,0,0,
1284.9351,-1715.3773,13.3748,77.1008,0.00,VEHICLE,0,0,
1282.1499,-1714.8940,13.3749,79.6724,0.00,VEHICLE,0,0,
1279.4718,-1714.6160,13.3745,83.5026,0.00,VEHICLE,0,0,
1276.2327,-1714.3815,13.3741,85.8840,0.00,VEHICLE,0,0,
1273.4869,-1714.2151,13.3743,86.3521,0.00,VEHICLE,0,0,
1270.4658,-1714.0425,13.3747,86.4561,0.00,VEHICLE,0,0,
1267.8927,-1713.8956,13.3750,86.4741,0.00,VEHICLE,0,0,
1265.1379,-1713.7347,13.3750,86.4790,0.00,VEHICLE,0,0,
1262.2029,-1713.5581,13.3750,86.4827,0.00,VEHICLE,0,0,
1258.8716,-1713.3774,13.3751,86.8995,0.00,VEHICLE,0,0,
1256.0199,-1713.3293,13.3751,88.8258,0.00,VEHICLE,0,0,
1252.9686,-1713.3088,13.3749,89.6915,0.00,VEHICLE,0,0,
1250.0330,-1713.3035,13.3752,89.8967,0.00,VEHICLE,0,0,
1246.9860,-1713.3043,13.3755,89.9479,0.00,VEHICLE,0,0,
1243.9572,-1713.3083,13.3760,89.9583,0.00,VEHICLE,0,0,
1240.8943,-1713.3116,13.3758,89.9600,0.00,VEHICLE,0,0,
1237.8046,-1713.3131,13.3761,89.9608,0.00,VEHICLE,0,0,
1234.6868,-1713.3124,13.3761,89.9624,0.00,VEHICLE,0,0,
1231.0154,-1713.3094,13.3762,89.9642,0.00,VEHICLE,0,0,
1227.5323,-1713.3055,13.3758,89.9655,0.00,VEHICLE,0,0,
1224.3524,-1713.3024,13.3754,89.9663,0.00,VEHICLE,0,0,
1220.9362,-1713.2993,13.3751,89.9666,0.00,VEHICLE,0,0,
1217.6277,-1713.2971,13.3750,89.9664,0.00,VEHICLE,0,0,
1214.3231,-1713.2953,13.3749,89.9660,0.00,VEHICLE,0,0,
1210.7991,-1713.2938,13.3749,89.9655,0.00,VEHICLE,0,0,
1207.1110,-1713.2924,13.3749,89.9652,0.00,VEHICLE,0,0,
1203.8330,-1713.2909,13.3749,89.9651,0.00,VEHICLE,0,0,
1200.6654,-1713.2892,13.3749,89.9652,0.00,VEHICLE,0,0,
1197.1356,-1713.2870,13.3749,89.9653,0.00,VEHICLE,0,0,
1193.6757,-1713.2848,13.3749,89.9654,0.00,VEHICLE,0,0,
1190.1912,-1713.2825,13.3810,89.9650,0.00,VEHICLE,0,0,
1186.7633,-1713.2783,13.4136,89.9605,0.00,VEHICLE,0,0,
1183.1868,-1713.2717,13.4698,89.9574,0.00,VEHICLE,0,0,
1179.7667,-1713.2646,13.5207,89.9570,0.00,VEHICLE,0,0,
1176.3461,-1713.2585,13.5672,89.9561,0.00,VEHICLE,0,0,
1172.8993,-1713.2544,13.6131,89.9538,0.00,VEHICLE,0,0,
1169.3816,-1713.2515,13.6599,89.9518,0.00,VEHICLE,0,0,
1166.3779,-1713.2495,13.6996,89.9507,0.00,VEHICLE,0,0,
1162.4358,-1713.2468,13.7512,89.9456,0.00,VEHICLE,0,0,
1160.3691,-1713.2467,13.7700,89.9480,0.00,VEHICLE,0,0,
1156.9601,-1713.2480,13.7832,89.9543,0.00,VEHICLE,0,0,
1153.6227,-1713.2501,13.7789,89.9520,0.00,VEHICLE,0,0,
1150.0051,-1713.2507,13.7751,89.9510,0.00,VEHICLE,0,0,
1146.4355,-1713.2490,13.7738,89.9517,0.00,VEHICLE,0,0,
1142.9568,-1713.2457,13.7735,89.9529,0.00,VEHICLE,0,0,
1139.3655,-1713.2416,13.7533,89.9541,0.00,VEHICLE,0,0,
1135.5913,-1713.2371,13.6584,89.9547,0.00,VEHICLE,0,0,
1133.4552,-1713.2347,13.5832,89.9550,0.00,VEHICLE,0,0,
1131.3479,-1713.2327,13.5096,89.9550,0.00,VEHICLE,0,0,
1127.8320,-1713.2296,13.4016,89.9548,0.00,VEHICLE,0,0,
1124.1068,-1713.2268,13.3524,89.9543,0.00,VEHICLE,0,0,
1121.9928,-1713.2253,13.3547,89.9542,0.00,VEHICLE,0,0,
1119.9807,-1713.2239,13.3614,89.9541,0.00,VEHICLE,0,0,
1116.4875,-1713.2216,13.3694,89.9538,0.00,VEHICLE,0,0,
1113.0262,-1713.2191,13.3720,89.9536,0.00,VEHICLE,0,0,
1109.5092,-1713.2162,13.3725,89.9535,0.00,VEHICLE,0,0,
1106.2056,-1713.2136,13.3725,89.9536,0.00,VEHICLE,0,0,
1103.0713,-1713.2111,13.3725,89.9537,0.00,VEHICLE,0,0,
1100.2257,-1713.2089,13.3725,89.9538,0.00,VEHICLE,0,0,
1097.2281,-1713.2064,13.3726,89.9539,0.00,VEHICLE,0,0,
1093.7517,-1713.2036,13.3726,89.9540,0.00,VEHICLE,0,0,
1090.4810,-1713.2008,13.3726,89.9540,0.00,VEHICLE,0,0,
1087.2408,-1713.1980,13.3726,89.9539,0.00,VEHICLE,0,0,
1084.7002,-1713.1959,13.3726,89.9539,0.00,VEHICLE,0,0,
1081.8900,-1713.1938,13.3726,89.9538,0.00,VEHICLE,0,0,
1078.5353,-1713.1913,13.3726,89.9538,0.00,VEHICLE,0,0,
1075.6023,-1713.1891,13.3726,89.9538,0.00,VEHICLE,0,0,
1072.6646,-1713.1868,13.3726,89.9538,0.00,VEHICLE,0,0,
1069.8445,-1713.1846,13.3725,89.9539,0.00,VEHICLE,0,0,
1067.4847,-1713.1826,13.3709,89.9539,0.00,VEHICLE,0,0,
1065.2032,-1713.1808,13.3686,89.9539,0.00,VEHICLE,0,0,
1062.9481,-1713.1791,13.3686,89.9539,0.00,VEHICLE,0,0,
1060.7183,-1713.1775,13.3701,89.9539,0.00,VEHICLE,0,0,
1058.5377,-1713.1759,13.3714,89.9539,0.00,VEHICLE,0,0,
1056.4797,-1713.1744,13.3720,89.9539,0.00,VEHICLE,0,0,
1054.2578,-1713.1362,13.3723,89.3256,0.00,VEHICLE,0,0,
1052.1453,-1712.9370,13.3724,86.0071,0.00,VEHICLE,0,0,
1050.1328,-1712.5442,13.3719,81.0069,0.00,VEHICLE,0,0,
1047.4513,-1711.5919,13.3702,71.8673,0.00,VEHICLE,0,0,
1045.0806,-1710.1511,13.3689,60.5928,0.00,VEHICLE,0,0,
1043.2622,-1708.3502,13.3687,48.0939,0.00,VEHICLE,0,0,
1042.0176,-1706.2413,13.3690,34.3884,0.00,VEHICLE,0,0,
1041.3434,-1703.8857,13.3701,20.0552,0.00,VEHICLE,0,0,
1040.9172,-1701.4208,13.3722,11.1496,0.00,VEHICLE,0,0,
1040.5101,-1698.7839,13.3744,9.5198,0.00,VEHICLE,0,0,
1040.1039,-1696.0537,13.3751,8.9586,0.00,VEHICLE,0,0,
1039.9385,-1693.0563,13.3753,3.6971,0.00,VEHICLE,0,0,
1039.8986,-1691.0050,13.3753,1.4941,0.00,VEHICLE,0,0,
1039.8684,-1688.8212,13.3753,0.9196,0.00,VEHICLE,0,0,
1039.8455,-1686.7048,13.3755,0.8057,0.00,VEHICLE,0,0,
1039.8237,-1684.5311,13.3756,0.7810,0.00,VEHICLE,0,0,
1039.8005,-1682.2969,13.3758,0.7760,0.00,VEHICLE,0,0,
1039.7733,-1679.9965,13.3758,0.7741,0.00,VEHICLE,0,0,
1039.7428,-1677.6709,13.3758,0.7721,0.00,VEHICLE,0,0,
1039.7097,-1675.2891,13.3758,0.7700,0.00,VEHICLE,0,0,
1039.6741,-1672.8134,13.3758,0.7684,0.00,VEHICLE,0,0,
1039.6373,-1670.2434,13.3756,0.7675,0.00,VEHICLE,0,0,
1039.6014,-1667.6367,13.3753,0.7673,0.00,VEHICLE,0,0,
1039.5665,-1665.0614,13.3752,0.7677,0.00,VEHICLE,0,0,
1039.5316,-1662.4244,13.3752,0.7683,0.00,VEHICLE,0,0,
1039.4962,-1659.7545,13.3751,0.7688,0.00,VEHICLE,0,0,
1039.4592,-1656.9679,13.3751,0.7691,0.00,VEHICLE,0,0,
1039.4230,-1654.2389,13.3751,0.7692,0.00,VEHICLE,0,0,
1039.3860,-1651.4700,13.3751,0.7691,0.00,VEHICLE,0,0,
1039.3474,-1648.5955,13.3751,0.7689,0.00,VEHICLE,0,0,
1039.3088,-1645.7426,13.3751,0.7688,0.00,VEHICLE,0,0,
1039.2714,-1642.9694,13.3751,0.7687,0.00,VEHICLE,0,0,
1039.2329,-1640.1083,13.3751,0.7686,0.00,VEHICLE,0,0,
1039.1958,-1637.3438,13.3751,0.7687,0.00,VEHICLE,0,0,
1039.1554,-1634.3329,13.3751,0.7687,0.00,VEHICLE,0,0,
1039.1154,-1631.3357,13.3751,0.7688,0.00,VEHICLE,0,0,
1039.0745,-1628.2856,13.3752,0.7688,0.00,VEHICLE,0,0,
1039.0354,-1625.3573,13.3751,0.7688,0.00,VEHICLE,0,0,
1038.9963,-1622.4435,13.3745,0.7688,0.00,VEHICLE,0,0,
1038.9554,-1619.4042,13.3737,0.7688,0.00,VEHICLE,0,0,
1038.9159,-1616.4623,13.3731,0.7688,0.00,VEHICLE,0,0,
1038.8774,-1613.5851,13.3728,0.7688,0.00,VEHICLE,0,0,
1038.8391,-1610.7312,13.3727,0.7688,0.00,VEHICLE,0,0,
1038.8046,-1608.1727,13.3726,0.7688,0.00,VEHICLE,0,0,
1038.7679,-1605.4418,13.3726,0.7688,0.00,VEHICLE,0,0,
1038.7329,-1602.8280,13.3725,0.7688,0.00,VEHICLE,0,0,
1038.6990,-1600.2999,13.3725,0.7688,0.00,VEHICLE,0,0,
1038.6666,-1597.9501,13.3725,0.7797,0.00,VEHICLE,0,0,
1038.5636,-1595.7719,13.3725,2.1038,0.00,VEHICLE,0,0,
1038.2856,-1593.4043,13.3724,5.7421,0.00,VEHICLE,0,0,
1037.9452,-1591.0874,13.3723,7.9600,0.00,VEHICLE,0,0,
1037.5347,-1588.6256,13.3725,9.0325,0.00,VEHICLE,0,0,
1037.0334,-1586.5359,13.3725,12.0164,0.00,VEHICLE,0,0,
1036.4825,-1584.5018,13.3724,14.2845,0.00,VEHICLE,0,0,
1035.8926,-1582.3744,13.3727,15.0319,0.00,VEHICLE,0,0,
1035.2279,-1580.2880,13.3728,16.6572,0.00,VEHICLE,0,0,
1034.0420,-1577.6062,13.3723,22.9264,0.00,VEHICLE,0,0,
1032.4991,-1575.2760,13.3708,31.9616,0.00,VEHICLE,0,0,
1030.6094,-1573.4092,13.3693,43.0810,0.00,VEHICLE,0,0,
1028.6051,-1572.1843,13.3687,54.9993,0.00,VEHICLE,0,0,
1026.5345,-1571.5414,13.3685,67.8068,0.00,VEHICLE,0,0,
1024.2258,-1570.9991,13.3712,75.8998,0.00,VEHICLE,0,0,
1021.9664,-1570.5466,13.3741,78.0790,0.00,VEHICLE,0,0,
1019.4056,-1570.3451,13.3752,83.8615,0.00,VEHICLE,0,0,
1016.7696,-1570.3632,13.3750,89.1411,0.00,VEHICLE,0,0,
1013.9264,-1570.3826,13.3753,90.0569,0.00,VEHICLE,0,0,
1011.8583,-1570.3981,13.3756,90.1540,0.00,VEHICLE,0,0,
1009.0185,-1570.4159,13.3758,90.1784,0.00,VEHICLE,0,0,
1005.9964,-1570.4277,13.3759,90.1857,0.00,VEHICLE,0,0,
1003.0739,-1570.4351,13.3760,90.1890,0.00,VEHICLE,0,0,
1000.0254,-1570.4994,13.3761,91.1723,0.00,VEHICLE,0,0,
997.6078,-1570.5909,13.3761,92.0649,0.00,VEHICLE,0,0,
995.1815,-1570.6893,13.3760,92.2799,0.00,VEHICLE,0,0,
992.9122,-1570.7848,13.3758,92.3250,0.00,VEHICLE,0,0,
989.4085,-1570.9333,13.3758,92.3364,0.00,VEHICLE,0,0,
986.9258,-1571.0377,13.3757,92.3376,0.00,VEHICLE,0,0,
984.4319,-1571.1407,13.3756,92.3384,0.00,VEHICLE,0,0,
981.8536,-1571.2458,13.3754,92.3395,0.00,VEHICLE,0,0,
979.2844,-1571.3500,13.3753,92.3405,0.00,VEHICLE,0,0,
976.7845,-1571.4513,13.3753,92.3412,0.00,VEHICLE,0,0,
974.1990,-1571.5562,13.3755,92.3423,0.00,VEHICLE,0,0,
971.6505,-1571.6606,13.3767,92.3461,0.00,VEHICLE,0,0,
968.9023,-1571.7747,13.3789,92.3464,0.00,VEHICLE,0,0,
966.3331,-1571.8827,13.3800,92.3451,0.00,VEHICLE,0,0,
963.7537,-1571.9907,13.3800,92.3448,0.00,VEHICLE,0,0,
961.0630,-1572.1022,13.3794,92.3458,0.00,VEHICLE,0,0,
958.2191,-1572.2189,13.3789,92.3478,0.00,VEHICLE,0,0,
955.4711,-1572.3307,13.3784,92.3498,0.00,VEHICLE,0,0,
952.7875,-1572.4399,13.3780,92.3516,0.00,VEHICLE,0,0,
950.2808,-1572.5393,13.3774,92.3156,0.00,VEHICLE,0,0,
947.6807,-1572.5973,13.3761,91.5001,0.00,VEHICLE,0,0,
944.4326,-1572.6494,13.3751,90.9411,0.00,VEHICLE,0,0,
941.9042,-1572.6848,13.3756,90.8384,0.00,VEHICLE,0,0,
939.0897,-1572.7219,13.3758,90.8100,0.00,VEHICLE,0,0,
936.2047,-1572.7595,13.3757,90.8036,0.00,VEHICLE,0,0,
933.2283,-1572.7993,13.3755,90.8021,0.00,VEHICLE,0,0,
930.5277,-1572.8364,13.3754,90.8015,0.00,VEHICLE,0,0,
927.7001,-1572.8762,13.3753,90.8008,0.00,VEHICLE,0,0,
924.8375,-1572.9001,13.3752,90.5100,0.00,VEHICLE,0,0,
921.6327,-1572.9187,13.3752,90.3140,0.00,VEHICLE,0,0,
918.4940,-1572.9338,13.3753,90.2683,0.00,VEHICLE,0,0,
915.7010,-1572.9460,13.3754,90.2598,0.00,VEHICLE,0,0,
912.7244,-1572.9587,13.3753,90.2581,0.00,VEHICLE,0,0,
910.0602,-1572.9698,13.3753,90.2580,0.00,VEHICLE,0,0,
907.2411,-1572.9901,13.3753,90.3801,0.00,VEHICLE,0,0,
904.0427,-1573.0892,13.3753,91.6698,0.00,VEHICLE,0,0,
901.0105,-1573.2084,13.3752,92.2541,0.00,VEHICLE,0,0,
898.1460,-1573.3311,13.3745,92.4036,0.00,VEHICLE,0,0,
895.5122,-1573.4941,13.3737,93.2433,0.00,VEHICLE,0,0,
893.0272,-1573.7927,13.3730,96.0837,0.00,VEHICLE,0,0,
890.4296,-1574.2932,13.3724,100.2100,0.00,VEHICLE,0,0,
887.8757,-1574.8665,13.3722,102.4828,0.00,VEHICLE,0,0,
885.4229,-1575.4790,13.3725,103.5468,0.00,VEHICLE,0,0,
882.9744,-1576.2622,13.3725,106.6600,0.00,VEHICLE,0,0,
880.9155,-1577.1086,13.3722,110.7329,0.00,VEHICLE,0,0,
878.7653,-1578.2461,13.3715,116.2755,0.00,VEHICLE,0,0,
876.8455,-1579.4990,13.3709,121.6777,0.00,VEHICLE,0,0,
874.5175,-1581.1165,13.3717,124.4694,0.00,VEHICLE,0,0,
872.6296,-1582.4664,13.3726,124.9289,0.00,VEHICLE,0,0,
870.8417,-1583.7441,13.3729,125.0284,0.00,VEHICLE,0,0,
868.8927,-1585.1274,13.3727,125.0542,0.00,VEHICLE,0,0,
867.0715,-1586.4094,13.3725,125.0617,0.00,VEHICLE,0,0,
865.2084,-1587.7128,13.3725,125.0683,0.00,VEHICLE,0,0,
863.4626,-1588.9302,13.3726,125.0752,0.00,VEHICLE,0,0,
861.6415,-1590.2017,13.3727,125.0901,0.00,VEHICLE,0,0,
859.7845,-1591.6195,13.3727,126.7819,0.00,VEHICLE,0,0,
858.1509,-1593.0771,13.3723,130.5309,0.00,VEHICLE,0,0,
856.2649,-1594.7976,13.3725,131.9798,0.00,VEHICLE,0,0,
854.2262,-1596.6732,13.3730,132.2262,0.00,VEHICLE,0,0,
852.1099,-1598.6138,13.3729,132.2482,0.00,VEHICLE,0,0,
849.9829,-1600.5474,13.3727,132.2529,0.00,VEHICLE,0,0,
848.1196,-1602.2313,13.3726,132.2471,0.00,VEHICLE,0,0,
845.9943,-1603.9171,13.3727,129.2604,0.00,VEHICLE,0,0,
843.7359,-1605.1138,13.3714,120.1173,0.00,VEHICLE,0,0,
841.6504,-1605.6377,13.3696,108.8574,0.00,VEHICLE,0,0,
839.6119,-1605.5797,13.3688,95.0729,0.00,VEHICLE,0,0,
836.9431,-1605.1013,13.3957,82.9471,0.00,VEHICLE,0,0,
834.8779,-1604.7831,13.4067,81.9333,0.00,VEHICLE,0,0,
832.2596,-1604.2552,13.4111,78.9794,0.00,VEHICLE,0,0,
829.6926,-1603.3196,13.3767,71.4120,0.00,VEHICLE,0,0,
827.2604,-1602.2345,13.3741,67.0919,0.00,VEHICLE,0,0,
824.7986,-1601.1226,13.3752,66.5712,0.00,VEHICLE,0,0,
822.3120,-1600.0223,13.3754,66.5032,0.00,VEHICLE,0,0,
819.7050,-1598.8898,13.3756,66.4846,0.00,VEHICLE,0,0,
816.9703,-1597.7107,13.3757,66.4756,0.00,VEHICLE,0,0,
815.0068,-1596.8630,13.3758,66.4732,0.00,VEHICLE,0,0,
813.0883,-1596.0319,13.3758,66.4732,0.00,VEHICLE,0,0,
811.1800,-1595.2021,13.3758,66.4748,0.00,VEHICLE,0,0,
809.0883,-1594.2908,13.3758,66.4767,0.00,VEHICLE,0,0,
806.7626,-1593.3031,13.3759,66.8739,0.00,VEHICLE,0,0,
804.2797,-1592.4233,13.3757,69.8706,0.00,VEHICLE,0,0,
802.0226,-1591.8212,13.3751,73.9210,0.00,VEHICLE,0,0,
799.7374,-1591.3251,13.3744,77.0373,0.00,VEHICLE,0,0,
797.3155,-1590.8264,13.3743,78.0850,0.00,VEHICLE,0,0,
794.9032,-1590.3458,13.3747,78.3310,0.00,VEHICLE,0,0,
792.6987,-1589.9077,13.3749,78.3766,0.00,VEHICLE,0,0,
790.2746,-1589.4213,13.3750,78.3894,0.00,VEHICLE,0,0,
787.4322,-1588.9398,13.3750,80.0189,0.00,VEHICLE,0,0,
785.1036,-1588.7025,13.3749,83.2964,0.00,VEHICLE,0,0,
782.2405,-1588.4935,13.3746,85.9160,0.00,VEHICLE,0,0,
779.6354,-1588.3385,13.3745,86.5149,0.00,VEHICLE,0,0,
777.0938,-1588.1978,13.3746,86.6483,0.00,VEHICLE,0,0,
774.4958,-1588.0577,13.3749,86.6801,0.00,VEHICLE,0,0,
772.2955,-1587.9386,13.3750,86.6861,0.00,VEHICLE,0,0,
769.7115,-1587.7960,13.3751,86.6884,0.00,VEHICLE,0,0,
766.7863,-1587.6409,13.3752,86.8597,0.00,VEHICLE,0,0,
764.0787,-1587.6112,13.3754,88.9679,0.00,VEHICLE,0,0,
761.4457,-1587.6498,13.3948,90.8765,0.00,VEHICLE,0,0,
758.5086,-1587.7247,13.4727,91.5495,0.00,VEHICLE,0,0,
755.8707,-1587.8052,13.5838,91.6789,0.00,VEHICLE,0,0,
753.1052,-1587.8948,13.6998,91.7116,0.00,VEHICLE,0,0,
750.7985,-1587.9482,13.7927,91.3788,0.00,VEHICLE,0,0,
748.3936,-1587.9274,13.8878,89.8922,0.00,VEHICLE,0,0,
745.3091,-1587.8672,14.0085,88.7532,0.00,VEHICLE,0,0,
742.3235,-1587.7834,14.1291,88.4710,0.00,VEHICLE,0,0,
739.0587,-1587.6824,14.2140,88.4130,0.00,VEHICLE,0,0,
736.1398,-1587.5911,14.2440,88.4149,0.00,VEHICLE,0,0,
733.6635,-1587.5167,14.2389,88.4141,0.00,VEHICLE,0,0,
730.8157,-1587.4348,14.2374,88.4116,0.00,VEHICLE,0,0,
727.7304,-1587.3494,14.2415,88.4084,0.00,VEHICLE,0,0,
724.9738,-1587.2750,14.2470,88.4063,0.00,VEHICLE,0,0,
722.0027,-1587.1954,14.2532,88.4042,0.00,VEHICLE,0,0,
718.5955,-1587.1068,14.2366,88.4376,0.00,VEHICLE,0,0,
715.6636,-1587.0858,14.1904,89.4154,0.00,VEHICLE,0,0,
712.4611,-1587.1099,14.1194,90.4293,0.00,VEHICLE,0,0,
709.4757,-1587.1465,14.0563,90.6994,0.00,VEHICLE,0,0,
706.6985,-1587.1852,14.0005,90.7702,0.00,VEHICLE,0,0,
703.6196,-1587.2308,13.9606,90.7923,0.00,VEHICLE,0,0,
699.9976,-1587.2853,13.9517,90.7974,0.00,VEHICLE,0,0,
696.6857,-1587.3342,13.9636,90.7982,0.00,VEHICLE,0,0,
693.5068,-1587.3795,13.9713,90.7987,0.00,VEHICLE,0,0,
690.0997,-1587.4271,13.9765,90.7995,0.00,VEHICLE,0,0,
686.9331,-1587.4708,13.9800,90.8017,0.00,VEHICLE,0,0,
683.7007,-1587.5167,13.9802,90.8083,0.00,VEHICLE,0,0,
680.7049,-1587.5620,13.9775,90.8047,0.00,VEHICLE,0,0,
677.6629,-1587.6106,13.9733,90.8032,0.00,VEHICLE,0,0,
674.0218,-1587.6716,14.0228,90.8377,0.00,VEHICLE,0,0,
670.7281,-1587.7261,14.1226,90.8458,0.00,VEHICLE,0,0,
667.5110,-1587.7760,14.2289,90.8443,0.00,VEHICLE,0,0,
664.3316,-1587.8195,14.3329,90.8472,0.00,VEHICLE,0,0,
661.0492,-1587.8594,14.4851,90.8532,0.00,VEHICLE,0,0,
657.9200,-1587.8965,14.6979,90.8608,0.00,VEHICLE,0,0,
654.7309,-1587.9380,14.9619,90.8619,0.00,VEHICLE,0,0,
651.6595,-1587.9814,15.2118,90.8618,0.00,VEHICLE,0,0,
648.5130,-1588.0294,15.4565,90.8604,0.00,VEHICLE,0,0,
645.5145,-1588.0769,15.5807,90.8576,0.00,VEHICLE,0,0,
642.6891,-1588.1217,15.6097,90.8518,0.00,VEHICLE,0,0,
639.8655,-1588.1648,15.5606,90.8388,0.00,VEHICLE,0,0,
637.1409,-1588.2046,15.5352,90.8377,0.00,VEHICLE,0,0,
634.5090,-1588.2424,15.5250,90.8377,0.00,VEHICLE,0,0,
631.7922,-1588.2810,15.5241,90.8383,0.00,VEHICLE,0,0,
629.1957,-1588.3182,15.5247,90.8386,0.00,VEHICLE,0,0,
626.3708,-1588.3590,15.5303,90.8377,0.00,VEHICLE,0,0,
623.5151,-1588.4008,15.5498,90.8373,0.00,VEHICLE,0,0,
620.9510,-1588.4392,15.6769,90.8406,0.00,VEHICLE,0,0,
618.1909,-1588.4812,15.8779,90.8411,0.00,VEHICLE,0,0,
615.4053,-1588.5240,16.0323,90.8400,0.00,VEHICLE,0,0,
612.8241,-1588.5630,16.0771,90.8379,0.00,VEHICLE,0,0,
610.3783,-1588.5992,16.0300,90.8321,0.00,VEHICLE,0,0,
607.7874,-1588.6367,16.0045,90.8319,0.00,VEHICLE,0,0,
604.9930,-1588.6766,15.9998,90.8328,0.00,VEHICLE,0,0,
602.2865,-1588.7152,15.9994,90.8335,0.00,VEHICLE,0,0,
599.6431,-1588.7529,15.9997,90.8338,0.00,VEHICLE,0,0,
597.0150,-1588.7909,15.9999,90.8337,0.00,VEHICLE,0,0,
594.2849,-1588.8307,16.0000,90.8335,0.00,VEHICLE,0,0,
591.7117,-1588.8572,16.0001,90.6569,0.00,VEHICLE,0,0,
588.9869,-1588.7629,16.0000,88.4336,0.00,VEHICLE,0,0,
586.2154,-1588.5853,15.9998,86.4685,0.00,VEHICLE,0,0,
583.5980,-1588.3944,15.9996,85.9100,0.00,VEHICLE,0,0,
581.2780,-1588.2164,15.9992,85.7661,0.00,VEHICLE,0,0,
578.7493,-1588.0189,15.9987,85.7197,0.00,VEHICLE,0,0,
575.8090,-1587.7897,15.9985,85.7093,0.00,VEHICLE,0,0,
573.0363,-1587.5768,15.9990,85.7071,0.00,VEHICLE,0,0,
570.0986,-1587.3549,15.9996,85.7048,0.00,VEHICLE,0,0,
567.3215,-1587.1472,15.9999,85.7024,0.00,VEHICLE,0,0,
564.3660,-1586.9279,16.0000,85.7003,0.00,VEHICLE,0,0,
561.5764,-1586.7207,16.0001,85.6991,0.00,VEHICLE,0,0,
558.6922,-1586.5054,15.9997,85.6984,0.00,VEHICLE,0,0,
556.0267,-1586.3054,15.9988,85.6983,0.00,VEHICLE,0,0,
553.5436,-1586.1185,15.9982,85.6985,0.00,VEHICLE,0,0,
550.9870,-1585.9258,15.9978,85.6991,0.00,VEHICLE,0,0,
548.4378,-1585.7335,15.9976,85.6997,0.00,VEHICLE,0,0,
545.9172,-1585.5359,15.9975,85.5802,0.00,VEHICLE,0,0,
543.5739,-1585.2651,15.9975,83.9748,0.00,VEHICLE,0,0,
541.2396,-1584.8853,15.9974,81.3634,0.00,VEHICLE,0,0,
538.7675,-1584.4565,15.9975,80.3184,0.00,VEHICLE,0,0,
536.2688,-1584.0096,15.9977,80.0488,0.00,VEHICLE,0,0,
533.8745,-1583.5779,15.9978,79.9894,0.00,VEHICLE,0,0,
531.7228,-1583.1909,15.9984,79.9770,0.00,VEHICLE,0,0,
529.3749,-1582.7683,15.9991,79.9398,0.00,VEHICLE,0,0,
526.8862,-1582.2142,15.9997,78.0986,0.00,VEHICLE,0,0,
524.6164,-1581.5477,15.9997,74.5885,0.00,VEHICLE,0,0,
522.3362,-1580.6639,15.9988,69.8838,0.00,VEHICLE,0,0,
520.1958,-1579.5737,15.9954,64.4186,0.00,VEHICLE,0,0,
518.2823,-1578.3315,15.9954,58.5388,0.00,VEHICLE,0,0,
516.3710,-1576.9531,16.0007,54.3686,0.00,VEHICLE,0,0,
514.4908,-1575.5146,16.0289,53.0875,0.00,VEHICLE,0,0,
512.2633,-1573.7805,16.0680,52.7532,0.00,VEHICLE,0,0,
510.6014,-1572.4561,16.1064,52.3462,0.00,VEHICLE,0,0,
508.7513,-1570.7594,16.1612,48.8322,0.00,VEHICLE,0,0,
507.2928,-1569.1549,16.2261,44.0050,0.00,VEHICLE,0,0,
506.0529,-1567.4800,16.2883,38.5176,0.00,VEHICLE,0,0,
504.7734,-1565.5300,16.3551,33.9519,0.00,VEHICLE,0,0,
503.5276,-1563.5493,16.4702,32.4428,0.00,VEHICLE,0,0,
502.2843,-1561.5277,16.6139,32.1312,0.00,VEHICLE,0,0,
501.0290,-1559.4847,16.7979,32.0692,0.00,VEHICLE,0,0,
499.7719,-1557.4534,16.9795,32.0532,0.00,VEHICLE,0,0,
498.5863,-1555.5516,17.1499,32.0428,0.00,VEHICLE,0,0,
497.3861,-1553.5867,17.3426,31.5622,0.00,VEHICLE,0,0,
496.3267,-1551.5823,17.5444,28.6919,0.00,VEHICLE,0,0,
495.3483,-1549.4893,17.7615,25.6174,0.00,VEHICLE,0,0,
494.2906,-1547.1656,18.0031,24.5736,0.00,VEHICLE,0,0,
493.2830,-1544.9189,18.2346,24.3589,0.00,VEHICLE,0,0,
492.3011,-1542.7213,18.4566,24.3200,0.00,VEHICLE,0,0,
491.3719,-1540.6476,18.6603,24.3117,0.00,VEHICLE,0,0,
490.4801,-1538.6642,18.8526,24.3084,0.00,VEHICLE,0,0,
489.6358,-1536.7944,19.0371,24.3094,0.00,VEHICLE,0,0,
488.5217,-1534.3392,19.2725,24.3083,0.00,VEHICLE,0,0,
487.5902,-1532.1801,19.4473,23.4775,0.00,VEHICLE,0,0,
486.8055,-1530.0447,19.5954,20.8642,0.00,VEHICLE,0,0,
486.1207,-1527.8590,19.7295,17.9880,0.00,VEHICLE,0,0,
485.4758,-1525.7137,19.8644,16.9207,0.00,VEHICLE,0,0,
484.7771,-1523.3320,20.0183,16.6030,0.00,VEHICLE,0,0,
484.1981,-1521.2402,20.1241,16.0604,0.00,VEHICLE,0,0,
483.6153,-1518.3260,20.2217,11.9454,0.00,VEHICLE,0,0,
483.3593,-1515.4034,20.2661,5.6997,0.00,VEHICLE,0,0,
483.1838,-1512.5317,20.3197,3.6956,0.00,VEHICLE,0,0,
483.0226,-1509.4421,20.3852,3.2926,0.00,VEHICLE,0,0,
483.0234,-1507.3330,20.4260,1.2128,0.00,VEHICLE,0,0,
483.1751,-1505.1285,20.4224,357.5469,0.00,VEHICLE,0,0,
483.4952,-1503.0182,20.4021,353.1700,0.00,VEHICLE,0,0,
483.9428,-1501.0155,20.3467,348.8697,0.00,VEHICLE,0,0,
484.4481,-1498.9166,20.2905,346.9505,0.00,VEHICLE,0,0,
484.9389,-1496.9601,20.2428,346.5106,0.00,VEHICLE,0,0,
485.6550,-1494.0984,20.1742,346.3898,0.00,VEHICLE,0,0,
486.3413,-1491.2312,20.0792,346.7180,0.00,VEHICLE,0,0,
486.9911,-1488.3252,19.9477,347.2580,0.00,VEHICLE,0,0,
487.4334,-1486.3269,19.8371,347.3173,0.00,VEHICLE,0,0,
488.0371,-1483.6097,19.6883,347.3277,0.00,VEHICLE,0,0,
488.5392,-1481.5554,19.5754,346.6656,0.00,VEHICLE,0,0,
489.1680,-1479.4103,19.4480,344.4790,0.00,VEHICLE,0,0,
489.8352,-1477.1849,19.2773,343.6123,0.00,VEHICLE,0,0,
490.4370,-1475.1938,19.1088,343.4087,0.00,VEHICLE,0,0,
491.1509,-1472.8378,18.8828,343.3460,0.00,VEHICLE,0,0,
491.8880,-1470.4609,18.6546,343.0500,0.00,VEHICLE,0,0,
492.7689,-1468.0681,18.4215,340.5002,0.00,VEHICLE,0,0,
493.5766,-1466.0210,18.1990,338.7620,0.00,VEHICLE,0,0,
494.5530,-1463.6124,17.9228,338.1272,0.00,VEHICLE,0,0,
495.4049,-1461.5303,17.6684,338.0070,0.00,VEHICLE,0,0,
496.2768,-1459.4015,17.4103,337.9776,0.00,VEHICLE,0,0,
497.2317,-1457.0679,17.1259,337.9717,0.00,VEHICLE,0,0,
498.0795,-1455.0088,16.8026,337.9226,0.00,VEHICLE,0,0,
498.9369,-1453.1003,16.4595,336.6722,0.00,VEHICLE,0,0,
499.9549,-1451.1455,16.0388,333.7429,0.00,VEHICLE,0,0,
501.1323,-1449.2633,15.6102,329.5186,0.00,VEHICLE,0,0,
502.5101,-1447.3557,15.1831,325.1570,0.00,VEHICLE,0,0,
503.8181,-1445.6051,14.9600,323.5394,0.00,VEHICLE,0,0,
505.1542,-1443.8942,14.8153,322.6486,0.00,VEHICLE,0,0,
506.5698,-1442.3545,14.7814,319.3610,0.00,VEHICLE,0,0,
508.2804,-1440.8411,14.7380,313.5793,0.00,VEHICLE,0,0,
510.1206,-1439.6299,14.8158,306.2711,0.00,VEHICLE,0,0,
512.8974,-1438.4799,15.0059,294.1053,0.00,VEHICLE,0,0,
514.8933,-1437.8129,15.2257,290.1960,0.00,VEHICLE,0,0,
517.7026,-1437.0087,15.5045,287.3377,0.00,VEHICLE,0,0,
520.2900,-1436.5765,15.6283,281.2778,0.00,VEHICLE,0,0,
522.5385,-1436.5349,15.6648,273.4317,0.00,VEHICLE,0,0,
524.5312,-1436.8973,15.6609,263.6710,0.00,VEHICLE,0,0,
526.5732,-1437.8461,15.6755,249.6186,0.00,VEHICLE,0,0,
528.2419,-1439.4117,15.6304,233.0273,0.00,VEHICLE,0,0,
529.3596,-1441.2849,15.5847,217.3388,0.00,VEHICLE,0,0,
530.0669,-1443.3856,15.4886,203.5130,0.00,VEHICLE,0,0,
530.8815,-1445.8267,15.3865,197.9189,0.00,VEHICLE,0,0,
531.6392,-1448.3422,15.2817,197.3211,0.00,VEHICLE,0,0,
532.2636,-1450.3690,15.1969,197.2649,0.00,VEHICLE,0,0,
533.0705,-1453.0090,15.0847,196.9756,0.00,VEHICLE,0,0,
533.6501,-1455.7145,14.9957,192.6789,0.00,VEHICLE,0,0,
533.8458,-1457.7367,14.9394,187.5965,0.00,VEHICLE,0,0,
533.8984,-1459.7933,14.8966,183.0183,0.00,VEHICLE,0,0,
533.9313,-1462.0140,14.8508,181.2954,0.00,VEHICLE,0,0,
533.9445,-1464.1371,14.8060,180.9578,0.00,VEHICLE,0,0,
533.9568,-1466.1779,14.7622,180.8799,0.00,VEHICLE,0,0,
533.9752,-1468.3910,14.7143,180.8566,0.00,VEHICLE,0,0,
534.0043,-1470.8196,14.6614,180.8473,0.00,VEHICLE,0,0,
534.0378,-1473.0571,14.6126,180.8409,0.00,VEHICLE,0,0,
534.0717,-1475.0947,14.5679,180.8357,0.00,VEHICLE,0,0,
534.1196,-1477.8838,14.5070,180.8308,0.00,VEHICLE,0,0,
534.1617,-1480.4235,14.4515,180.8289,0.00,VEHICLE,0,0,
534.2015,-1482.9768,14.3957,180.8290,0.00,VEHICLE,0,0,
534.2392,-1485.5598,14.3393,180.8304,0.00,VEHICLE,0,0,
534.2751,-1488.1210,14.2899,180.8319,0.00,VEHICLE,0,0,
534.3124,-1490.8207,14.2718,180.8331,0.00,VEHICLE,0,0,
534.3503,-1493.5470,14.2803,180.8337,0.00,VEHICLE,0,0,
534.3900,-1496.3683,14.3022,180.8338,0.00,VEHICLE,0,0,
534.4307,-1499.1823,14.3203,180.8335,0.00,VEHICLE,0,0,
534.4719,-1502.0044,14.3363,180.8330,0.00,VEHICLE,0,0,
534.5143,-1504.8970,14.3522,180.8325,0.00,VEHICLE,0,0,
534.5574,-1507.8322,14.3681,180.8322,0.00,VEHICLE,0,0,
534.6035,-1510.5475,14.3829,180.9317,0.00,VEHICLE,0,0,
534.7310,-1513.0068,14.3962,182.4810,0.00,VEHICLE,0,0,
535.1103,-1516.6526,14.4159,186.0654,0.00,VEHICLE,0,0,
535.4702,-1519.5583,14.4321,187.0238,0.00,VEHICLE,0,0,
535.8549,-1522.5214,14.4520,187.2502,0.00,VEHICLE,0,0,
536.1777,-1524.9684,14.4995,187.3027,0.00,VEHICLE,0,0,
536.5578,-1527.8422,14.5818,187.3188,0.00,VEHICLE,0,0,
536.9307,-1530.6807,14.6795,187.3197,0.00,VEHICLE,0,0,
537.2952,-1533.4895,14.7731,187.3199,0.00,VEHICLE,0,0,
537.6396,-1536.1733,14.8605,187.3218,0.00,VEHICLE,0,0,
537.9523,-1538.6237,14.9399,187.3247,0.00,VEHICLE,0,0,
538.2737,-1541.1489,15.0215,187.3279,0.00,VEHICLE,0,0,
538.6211,-1543.8734,15.1099,187.3309,0.00,VEHICLE,0,0,
538.9457,-1546.4083,15.1927,187.3319,0.00,VEHICLE,0,0,
539.3025,-1549.1833,15.2829,187.3316,0.00,VEHICLE,0,0,
539.6240,-1551.6787,15.3623,187.3312,0.00,VEHICLE,0,0,
539.9728,-1554.3815,15.4414,187.3299,0.00,VEHICLE,0,0,
540.2994,-1556.9128,15.5111,187.3295,0.00,VEHICLE,0,0,
540.5800,-1559.0807,15.5713,187.3318,0.00,VEHICLE,0,0,
540.8544,-1561.1964,15.6334,187.3359,0.00,VEHICLE,0,0,
541.1782,-1563.6882,15.7105,187.3386,0.00,VEHICLE,0,0,
541.4720,-1565.9520,15.7737,187.3361,0.00,VEHICLE,0,0,
541.7326,-1567.9705,15.8205,187.3304,0.00,VEHICLE,0,0,
542.2399,-1570.8978,15.9172,189.8085,0.00,VEHICLE,0,0,
543.1143,-1573.7161,15.9794,196.6557,0.00,VEHICLE,0,0,
544.3008,-1576.1428,16.0158,204.8203,0.00,VEHICLE,0,0,
545.6875,-1578.0497,15.9987,213.4331,0.00,VEHICLE,0,0,
547.4767,-1579.6998,15.9923,224.0177,0.00,VEHICLE,0,0,
549.5565,-1580.9277,15.9945,235.7213,0.00,VEHICLE,0,0,
551.9652,-1581.7743,15.9958,247.6890,0.00,VEHICLE,0,0,
554.6917,-1582.6216,15.9985,251.8977,0.00,VEHICLE,0,0,
557.4344,-1583.4557,15.9998,252.4376,0.00,VEHICLE,0,0,
560.1661,-1584.1642,16.0004,254.9163,0.00,VEHICLE,0,0,
562.2783,-1584.7067,16.0005,255.5492,0.00,VEHICLE,0,0,
564.4062,-1585.2524,16.0007,255.6952,0.00,VEHICLE,0,0,
567.0827,-1585.8145,16.0007,257.8199,0.00,VEHICLE,0,0,
569.3141,-1586.0786,16.0002,261.8727,0.00,VEHICLE,0,0,
571.7386,-1586.2435,15.9997,265.4617,0.00,VEHICLE,0,0,
574.0567,-1586.3730,15.9998,266.4221,0.00,VEHICLE,0,0,
576.5228,-1586.5009,16.0002,266.6359,0.00,VEHICLE,0,0,
578.8121,-1586.6196,16.0006,266.6793,0.00,VEHICLE,0,0,
581.3291,-1586.7548,16.0006,266.6920,0.00,VEHICLE,0,0,
583.9473,-1586.9019,16.0004,266.6976,0.00,VEHICLE,0,0,
586.4781,-1587.0493,16.0002,266.7020,0.00,VEHICLE,0,0,
588.5136,-1587.1697,16.0002,266.7050,0.00,VEHICLE,0,0,
591.1041,-1587.3237,15.9998,266.7079,0.00,VEHICLE,0,0,
593.6144,-1587.4716,15.9989,266.7100,0.00,VEHICLE,0,0,
596.0101,-1587.6110,15.9982,266.7107,0.00,VEHICLE,0,0,
598.2954,-1587.7423,15.9978,266.7103,0.00,VEHICLE,0,0,
600.3789,-1587.8612,15.9977,266.7091,0.00,VEHICLE,0,0,
602.7015,-1587.9930,15.9977,266.7078,0.00,VEHICLE,0,0,
605.0395,-1588.1265,15.9977,266.7069,0.00,VEHICLE,0,0,
607.1784,-1588.2490,15.9977,266.7065,0.00,VEHICLE,0,0,
609.2557,-1588.3685,15.9976,266.7067,0.00,VEHICLE,0,0,
611.3392,-1588.4578,15.9981,267.2563,0.00,VEHICLE,0,0,
613.3975,-1588.4944,15.9992,268.5067,0.00,VEHICLE,0,0,
615.6302,-1588.5315,15.9999,268.9745,0.00,VEHICLE,0,0,
617.7839,-1588.5640,15.9508,269.0983,0.00,VEHICLE,0,0,
619.8445,-1588.5930,15.8326,269.1287,0.00,VEHICLE,0,0,
622.7100,-1588.6318,15.6390,269.1548,0.00,VEHICLE,0,0,
625.1887,-1588.6644,15.5195,269.1709,0.00,VEHICLE,0,0,
627.5921,-1588.6962,15.5104,269.1731,0.00,VEHICLE,0,0,
629.9709,-1588.6869,15.5197,269.9116,0.00,VEHICLE,0,0,
632.5989,-1588.5872,15.5252,271.8175,0.00,VEHICLE,0,0,
635.2098,-1588.4739,15.5268,272.4360,0.00,VEHICLE,0,0,
638.3126,-1588.3298,15.5321,272.5997,0.00,VEHICLE,0,0,
641.0686,-1588.1990,15.5405,272.6283,0.00,VEHICLE,0,0,
643.7087,-1588.0739,15.5471,272.6315,0.00,VEHICLE,0,0,
646.3546,-1587.9508,15.5452,272.6270,0.00,VEHICLE,0,0,
649.1717,-1587.8585,15.4395,271.9850,0.00,VEHICLE,0,0,
652.1093,-1587.8226,15.2300,270.7900,0.00,VEHICLE,0,0,
654.7145,-1587.8103,14.9984,270.2872,0.00,VEHICLE,0,0,
657.6999,-1587.8074,14.7490,270.1461,0.00,VEHICLE,0,0,
660.6905,-1587.8079,14.5129,270.1176,0.00,VEHICLE,0,0,
663.7982,-1587.8094,14.3420,270.0983,0.00,VEHICLE,0,0,
667.0712,-1587.8124,14.2333,270.0872,0.00,VEHICLE,0,0,
669.8931,-1587.8159,14.1570,270.0782,0.00,VEHICLE,0,0,
672.5331,-1587.8187,14.0838,270.0722,0.00,VEHICLE,0,0,
675.9844,-1587.8190,13.9906,270.0656,0.00,VEHICLE,0,0,
679.1355,-1587.8164,13.9533,270.0401,0.00,VEHICLE,0,0,
681.9584,-1587.8116,13.9585,270.0371,0.00,VEHICLE,0,0,
685.2776,-1587.8030,13.9711,270.0299,0.00,VEHICLE,0,0,
688.3284,-1587.7933,13.9763,270.0276,0.00,VEHICLE,0,0,
691.5517,-1587.7837,13.9759,270.0329,0.00,VEHICLE,0,0,
694.8721,-1587.7769,13.9721,270.0326,0.00,VEHICLE,0,0,
697.1716,-1587.7745,13.9693,270.0340,0.00,VEHICLE,0,0,
700.4704,-1587.7731,13.9656,270.0362,0.00,VEHICLE,0,0,
703.3114,-1587.7734,13.9625,270.0384,0.00,VEHICLE,0,0,
706.8937,-1587.7740,13.9943,270.0406,0.00,VEHICLE,0,0,
710.3104,-1587.7740,14.0610,270.0414,0.00,VEHICLE,0,0,
713.6296,-1587.7723,14.1319,270.0410,0.00,VEHICLE,0,0,
716.7168,-1587.7701,14.1953,270.0404,0.00,VEHICLE,0,0,
719.7181,-1587.7677,14.2439,270.0399,0.00,VEHICLE,0,0,
722.8832,-1587.7648,14.2654,270.0395,0.00,VEHICLE,0,0,
726.0207,-1587.7618,14.2549,270.0388,0.00,VEHICLE,0,0,
729.2607,-1587.7592,14.2402,270.0388,0.00,VEHICLE,0,0,
732.3457,-1587.7570,14.2306,270.0391,0.00,VEHICLE,0,0,
735.6548,-1587.7546,14.2222,270.0394,0.00,VEHICLE,0,0,
738.5756,-1587.7527,14.2153,270.0398,0.00,VEHICLE,0,0,
741.8900,-1587.7483,14.1568,270.0358,0.00,VEHICLE,0,0,
745.0466,-1587.7450,14.0439,270.0315,0.00,VEHICLE,0,0,
748.2614,-1587.7421,13.9017,270.0584,0.00,VEHICLE,0,0,
751.7790,-1587.6830,13.7585,271.0093,0.00,VEHICLE,0,0,
755.0385,-1587.5908,13.6305,271.6841,0.00,VEHICLE,0,0,
758.3987,-1587.4823,13.4998,271.8786,0.00,VEHICLE,0,0,
761.8004,-1587.3666,13.3916,271.9212,0.00,VEHICLE,0,0,
764.9963,-1587.3022,13.3479,271.1680,0.00,VEHICLE,0,0,
768.2622,-1587.3872,13.3568,268.4900,0.00,VEHICLE,0,0,
771.8414,-1587.5608,13.3671,267.0172,0.00,VEHICLE,0,0,
774.9881,-1587.7457,13.3687,266.6589,0.00,VEHICLE,0,0,
778.1322,-1587.9443,13.3686,266.5788,0.00,VEHICLE,0,0,
781.2455,-1588.1434,13.3705,266.5690,0.00,VEHICLE,0,0,
783.9908,-1588.3167,13.3717,266.5705,0.00,VEHICLE,0,0,
786.6617,-1588.5016,13.3719,266.2160,0.00,VEHICLE,0,0,
788.9802,-1588.7457,13.3705,264.4680,0.00,VEHICLE,0,0,
791.2792,-1589.0059,13.3698,263.6301,0.00,VEHICLE,0,0,
793.6907,-1589.2871,13.3708,263.3854,0.00,VEHICLE,0,0,
796.0003,-1589.5603,13.3717,263.3262,0.00,VEHICLE,0,0,
798.6310,-1589.9546,13.3723,261.9330,0.00,VEHICLE,0,0,
801.2109,-1590.5544,13.3723,257.7485,0.00,VEHICLE,0,0,
803.3436,-1591.0853,13.3724,256.3864,0.00,VEHICLE,0,0,
805.5905,-1591.6582,13.3727,256.0096,0.00,VEHICLE,0,0,
807.7574,-1592.3099,13.3728,254.2996,0.00,VEHICLE,0,0,
809.6235,-1593.0443,13.3725,250.4599,0.00,VEHICLE,0,0,
811.5851,-1594.0564,13.3719,244.6963,0.00,VEHICLE,0,0,
814.0569,-1595.4318,13.3720,241.4419,0.00,VEHICLE,0,0,
816.2270,-1596.7258,13.3727,239.9910,0.00,VEHICLE,0,0,
818.4901,-1598.3402,13.3726,235.6602,0.00,VEHICLE,0,0,
820.8026,-1600.0011,13.3728,234.7102,0.00,VEHICLE,0,0,
822.8058,-1601.4326,13.3728,234.6164,0.00,VEHICLE,0,0,
824.8378,-1602.8781,13.3727,234.5901,0.00,VEHICLE,0,0,
826.6447,-1604.3663,13.3726,231.4302,0.00,VEHICLE,0,0,
828.0078,-1605.9482,13.3717,223.8554,0.00,VEHICLE,0,0,
829.1528,-1608.2660,13.3695,209.7740,0.00,VEHICLE,0,0,
829.4672,-1610.2711,13.3688,195.7188,0.00,VEHICLE,0,0,
829.2224,-1612.4291,13.3704,179.9593,0.00,VEHICLE,0,0,
828.5502,-1614.3788,13.3918,166.5589,0.00,VEHICLE,0,0,
827.9100,-1616.2898,13.4270,162.3283,0.00,VEHICLE,0,0,
827.1895,-1618.4437,13.4244,161.5544,0.00,VEHICLE,0,0,
826.2497,-1621.1498,13.4035,161.1617,0.00,VEHICLE,0,0,
825.1603,-1623.5048,13.3735,157.0939,0.00,VEHICLE,0,0,
823.8605,-1625.6257,13.3739,150.8686,0.00,VEHICLE,0,0,
822.2173,-1628.2303,13.3750,148.4198,0.00,VEHICLE,0,0,
821.1118,-1629.9882,13.3753,148.1929,0.00,VEHICLE,0,0,
819.6530,-1632.3773,13.3755,148.5469,0.00,VEHICLE,0,0,
818.6088,-1634.4214,13.3755,151.6941,0.00,VEHICLE,0,0,
817.7745,-1636.3550,13.3751,155.4054,0.00,VEHICLE,0,0,
816.8768,-1638.5023,13.3750,157.0130,0.00,VEHICLE,0,0,
815.7695,-1641.2925,13.3755,157.8795,0.00,VEHICLE,0,0,
814.9367,-1643.8551,13.3755,160.9863,0.00,VEHICLE,0,0,
814.2713,-1645.9626,13.3753,162.1617,0.00,VEHICLE,0,0,
813.5762,-1648.1880,13.3754,162.5050,0.00,VEHICLE,0,0,
812.8377,-1650.5903,13.3754,162.7218,0.00,VEHICLE,0,0,
812.2359,-1652.9392,13.3752,164.8893,0.00,VEHICLE,0,0,
811.7861,-1655.4525,13.3746,168.9556,0.00,VEHICLE,0,0,
811.5175,-1657.8452,13.3739,172.8859,0.00,VEHICLE,0,0,
811.3024,-1660.0911,13.3738,174.4635,0.00,VEHICLE,0,0,
811.0892,-1662.6477,13.3743,174.9156,0.00,VEHICLE,0,0,
810.8809,-1665.2156,13.3747,175.0019,0.00,VEHICLE,0,0,
810.6943,-1667.4960,13.3749,175.0204,0.00,VEHICLE,0,0,
810.4849,-1670.2816,13.3751,175.4011,0.00,VEHICLE,0,0,
810.4236,-1672.8181,13.3750,177.9326,0.00,VEHICLE,0,0,
810.4756,-1675.4355,13.3748,180.7579,0.00,VEHICLE,0,0,
810.5493,-1677.8644,13.3746,181.6597,0.00,VEHICLE,0,0,
810.6270,-1680.0875,13.3746,181.9003,0.00,VEHICLE,0,0,
810.7200,-1682.5850,13.3754,181.9827,0.00,VEHICLE,0,0,
810.8330,-1685.5551,13.3759,182.0044,0.00,VEHICLE,0,0,
810.9342,-1688.4070,13.3757,181.9194,0.00,VEHICLE,0,0,
810.9987,-1691.2009,13.3754,181.3561,0.00,VEHICLE,0,0,
811.0629,-1694.4492,13.3752,181.1094,0.00,VEHICLE,0,0,
811.1113,-1697.1786,13.3751,181.0651,0.00,VEHICLE,0,0,
811.1520,-1699.5782,13.3751,181.0555,0.00,VEHICLE,0,0,
811.2114,-1703.1055,13.3752,181.0536,0.00,VEHICLE,0,0,
811.2669,-1706.2958,13.3753,181.0532,0.00,VEHICLE,0,0,
811.3210,-1709.2838,13.3752,181.0523,0.00,VEHICLE,0,0,
811.3769,-1712.2966,13.3749,181.0515,0.00,VEHICLE,0,0,
811.4241,-1714.8082,13.3743,181.0505,0.00,VEHICLE,0,0,
811.4879,-1718.1888,13.3734,181.0492,0.00,VEHICLE,0,0,
811.5400,-1720.9746,13.3730,181.0486,0.00,VEHICLE,0,0,
811.5905,-1723.7155,13.3728,181.0485,0.00,VEHICLE,0,0,
811.6440,-1726.6455,13.3727,181.0489,0.00,VEHICLE,0,0,
811.6966,-1729.5385,13.3728,181.0493,0.00,VEHICLE,0,0,
811.7427,-1732.0771,13.3727,181.0497,0.00,VEHICLE,0,0,
811.7892,-1734.6277,13.3726,181.0500,0.00,VEHICLE,0,0,
811.8259,-1736.6418,13.3726,181.0500,0.00,VEHICLE,0,0,
811.8747,-1739.3014,13.3726,181.0500,0.00,VEHICLE,0,0,
811.9254,-1742.0576,13.3727,181.0498,0.00,VEHICLE,0,0,
811.9691,-1744.4373,13.3727,181.0497,0.00,VEHICLE,0,0,
812.0134,-1746.8529,13.3727,181.0496,0.00,VEHICLE,0,0,
812.0592,-1749.3507,13.3729,181.0496,0.00,VEHICLE,0,0,
812.1024,-1751.5756,13.3737,181.0864,0.00,VEHICLE,0,0,
812.2239,-1753.7819,13.3748,182.5195,0.00,VEHICLE,0,0,
812.5060,-1755.9044,13.3756,186.1977,0.00,VEHICLE,0,0,
813.2740,-1758.8837,13.3761,193.7838,0.00,VEHICLE,0,0,
814.0681,-1760.7947,13.3771,200.0781,0.00,VEHICLE,0,0,
815.0967,-1762.5804,13.3796,207.2333,0.00,VEHICLE,0,0,
816.9455,-1764.8085,13.3829,218.3951,0.00,VEHICLE,0,0,
818.8607,-1766.7880,13.3872,223.3559,0.00,VEHICLE,0,0,
820.7326,-1768.6696,13.3892,223.9687,0.00,VEHICLE,0,0,
822.7404,-1770.7147,13.3894,224.0622,0.00,VEHICLE,0,0,
824.1600,-1772.1550,13.3890,224.3315,0.00,VEHICLE,0,0,
825.7288,-1773.5582,13.4000,226.9758,0.00,VEHICLE,0,0,
827.4243,-1774.7694,13.4289,232.1939,0.00,VEHICLE,0,0,
829.1740,-1775.7509,13.4681,238.3133,0.00,VEHICLE,0,0,
831.0406,-1776.7487,13.5193,241.2552,0.00,VEHICLE,0,0,
832.9280,-1777.7148,13.5863,242.0654,0.00,VEHICLE,0,0,
835.0978,-1778.8274,13.6605,242.3801,0.00,VEHICLE,0,0,
837.3657,-1779.9489,13.7310,243.1161,0.00,VEHICLE,0,0,
839.7256,-1781.0494,13.7736,244.8321,0.00,VEHICLE,0,0,
842.0052,-1781.9791,13.7708,247.6064,0.00,VEHICLE,0,0,
844.2630,-1782.8213,13.7688,249.5757,0.00,VEHICLE,0,0,
846.5856,-1783.6581,13.7667,250.1301,0.00,VEHICLE,0,0,
849.0608,-1784.5143,13.7693,250.5726,0.00,VEHICLE,0,0,
851.3563,-1785.1655,13.7740,253.0626,0.00,VEHICLE,0,0,
853.9443,-1785.6912,13.7774,257.4348,0.00,VEHICLE,0,0,
856.4748,-1786.0051,13.7681,261.9060,0.00,VEHICLE,0,0,
859.1474,-1786.2832,13.7492,263.8318,0.00,VEHICLE,0,0,
861.6342,-1786.5165,13.7282,264.2492,0.00,VEHICLE,0,0,
864.2112,-1786.7559,13.7076,264.3483,0.00,VEHICLE,0,0,
866.9878,-1787.0175,13.6860,264.3736,0.00,VEHICLE,0,0,
869.4758,-1787.2574,13.6668,264.3808,0.00,VEHICLE,0,0,
872.2951,-1787.5348,13.6449,264.3860,0.00,VEHICLE,0,0,
875.0794,-1787.8120,13.6233,264.3898,0.00,VEHICLE,0,0,
877.8918,-1788.0928,13.6013,264.3929,0.00,VEHICLE,0,0,
880.1210,-1788.3148,13.5839,264.3943,0.00,VEHICLE,0,0,
883.5093,-1788.6505,13.5574,264.3946,0.00,VEHICLE,0,0,
886.4271,-1788.9374,13.5344,264.3933,0.00,VEHICLE,0,0,
889.6686,-1789.2552,13.5088,264.3914,0.00,VEHICLE,0,0,
893.2624,-1789.6068,13.4803,264.3899,0.00,VEHICLE,0,0,
896.1882,-1789.8932,13.4571,264.3893,0.00,VEHICLE,0,0,
899.2706,-1790.1953,13.4326,264.3890,0.00,VEHICLE,0,0,
902.4038,-1790.5031,13.4078,264.3891,0.00,VEHICLE,0,0,
905.6309,-1790.8204,13.3822,264.3893,0.00,VEHICLE,0,0,
908.9212,-1791.1447,13.3678,264.3891,0.00,VEHICLE,0,0,
912.2576,-1791.4730,13.3659,264.3886,0.00,VEHICLE,0,0,
915.3479,-1791.7770,13.3678,264.3884,0.00,VEHICLE,0,0,
918.4695,-1791.8779,13.3685,269.2207,0.00,VEHICLE,0,0,
921.4879,-1791.8898,13.3688,271.3774,0.00,VEHICLE,0,0,
924.7766,-1791.7469,13.3693,272.5844,0.00,VEHICLE,0,0,
927.8406,-1791.4778,13.4051,274.8804,0.00,VEHICLE,0,0,
931.2049,-1791.1329,13.4896,275.7966,0.00,VEHICLE,0,0,
934.3970,-1790.7925,13.5861,275.9053,0.00,VEHICLE,0,0,
937.4413,-1790.5677,13.6720,274.1747,0.00,VEHICLE,0,0,
940.5353,-1790.5289,13.7554,270.7266,0.00,VEHICLE,0,0,
943.6213,-1790.7198,13.8377,266.5493,0.00,VEHICLE,0,0,
946.7539,-1791.0353,13.9217,263.8102,0.00,VEHICLE,0,0,
949.0280,-1791.3129,13.9833,262.9466,0.00,VEHICLE,0,0,
952.5163,-1791.7850,14.0776,262.6145,0.00,VEHICLE,0,0,
955.6686,-1792.2358,14.1218,262.2841,0.00,VEHICLE,0,0,
958.7799,-1792.7965,14.1245,260.2300,0.00,VEHICLE,0,0,
961.6676,-1793.4735,14.1109,257.2014,0.00,VEHICLE,0,0,
965.2971,-1794.4602,14.0996,254.6104,0.00,VEHICLE,0,0,
968.7739,-1795.4573,14.0927,254.0122,0.00,VEHICLE,0,0,
971.8412,-1796.3506,14.0876,253.9039,0.00,VEHICLE,0,0,
975.1621,-1797.3206,14.0821,253.8785,0.00,VEHICLE,0,0,
978.3436,-1798.2479,14.0769,253.8740,0.00,VEHICLE,0,0,
981.4210,-1799.1544,14.0718,253.6748,0.00,VEHICLE,0,0,
984.7616,-1800.2271,14.0660,252.1771,0.00,VEHICLE,0,0,
988.3856,-1801.4349,14.0593,251.4531,0.00,VEHICLE,0,0,
991.5494,-1802.5043,14.0533,251.3133,0.00,VEHICLE,0,0,
994.6477,-1803.5563,14.0475,251.2813,0.00,VEHICLE,0,0,
997.5946,-1804.5586,14.0422,251.2752,0.00,VEHICLE,0,0,
1000.6301,-1805.5911,14.0375,251.2750,0.00,VEHICLE,0,0,
1003.5281,-1806.5754,14.0356,251.2755,0.00,VEHICLE,0,0,
1005.8166,-1807.3607,14.0358,251.1463,0.00,VEHICLE,0,0,
1008.7011,-1808.4869,14.0363,248.9373,0.00,VEHICLE,0,0,
1011.2509,-1809.6168,14.0364,246.3087,0.00,VEHICLE,0,0,
1013.6385,-1810.7128,14.0365,245.4333,0.00,VEHICLE,0,0,
1016.0945,-1811.8577,14.0190,245.1764,0.00,VEHICLE,0,0,
1018.7292,-1813.0980,13.9798,245.0477,0.00,VEHICLE,0,0,
1021.1587,-1814.3601,13.9248,243.1590,0.00,VEHICLE,0,0,
1023.5693,-1815.8514,13.8692,238.9340,0.00,VEHICLE,0,0,
1025.6216,-1817.3994,13.8209,233.9765,0.00,VEHICLE,0,0,
1027.5967,-1819.0812,13.7734,229.9540,0.00,VEHICLE,0,0,
1029.5392,-1820.8118,13.7272,228.5359,0.00,VEHICLE,0,0,
1031.4421,-1822.5402,13.6881,228.2284,0.00,VEHICLE,0,0,
1033.3652,-1824.2881,13.6545,228.1632,0.00,VEHICLE,0,0,
1035.2521,-1825.9955,13.6271,228.1449,0.00,VEHICLE,0,0,
1037.3719,-1827.8981,13.5952,228.1976,0.00,VEHICLE,0,0,
1039.4390,-1829.6053,13.5636,230.0328,0.00,VEHICLE,0,0,
1041.5955,-1831.1521,13.5345,233.6545,0.00,VEHICLE,0,0,
1043.9109,-1832.6893,13.5044,236.1313,0.00,VEHICLE,0,0,
1046.2122,-1834.1803,13.4798,236.7870,0.00,VEHICLE,0,0,
1048.5604,-1835.7020,13.4786,236.9389,0.00,VEHICLE,0,0,
1050.9192,-1837.2356,13.5116,236.9718,0.00,VEHICLE,0,0,
1053.3584,-1838.8236,13.5515,236.9748,0.00,VEHICLE,0,0,
1055.7261,-1840.3464,13.5445,236.9440,0.00,VEHICLE,0,0,
1058.1721,-1841.9133,13.5111,236.9817,0.00,VEHICLE,0,0,
1060.6470,-1843.5056,13.4650,236.9630,0.00,VEHICLE,0,0,
1063.1437,-1845.1273,13.4320,236.9828,0.00,VEHICLE,0,0,
1065.8065,-1846.7944,13.4004,237.9416,0.00,VEHICLE,0,0,
1068.5249,-1848.2688,13.3843,241.3825,0.00,VEHICLE,0,0,
1071.3323,-1849.5132,13.3821,245.9441,0.00,VEHICLE,0,0,
1074.2908,-1850.5148,13.3784,251.1655,0.00,VEHICLE,0,0,
1077.2638,-1851.2189,13.3757,256.6999,0.00,VEHICLE,0,0,
1080.3700,-1851.6293,13.3740,262.5505,0.00,VEHICLE,0,0,
1083.3030,-1851.8054,13.3732,266.6578,0.00,VEHICLE,0,0,
1086.3578,-1851.8926,13.3734,268.2092,0.00,VEHICLE,0,0,
1089.3829,-1851.9415,13.3740,268.5105,0.00,VEHICLE,0,0,
1092.4216,-1851.9935,13.3745,268.5714,0.00,VEHICLE,0,0,
1095.5320,-1852.0568,13.3747,268.5892,0.00,VEHICLE,0,0,
1098.7712,-1852.1338,13.3748,268.5992,0.00,VEHICLE,0,0,
1101.8816,-1852.2147,13.3748,268.6071,0.00,VEHICLE,0,0,
1105.0480,-1852.2996,13.3749,268.6134,0.00,VEHICLE,0,0,
1108.2928,-1852.3856,13.3749,268.6172,0.00,VEHICLE,0,0,
1111.5723,-1852.4161,13.3749,269.5154,0.00,VEHICLE,0,0,
1114.8245,-1852.3889,13.3747,270.5195,0.00,VEHICLE,0,0,
1118.0029,-1852.3436,13.3746,270.7958,0.00,VEHICLE,0,0,
1121.2571,-1852.2896,13.3746,270.8648,0.00,VEHICLE,0,0,
1124.6364,-1852.2307,13.3748,270.8800,0.00,VEHICLE,0,0,
1128.0779,-1852.1718,13.3748,270.8824,0.00,VEHICLE,0,0,
1131.3488,-1852.1180,13.3749,270.8832,0.00,VEHICLE,0,0,
1134.8762,-1852.0686,13.3749,270.7974,0.00,VEHICLE,0,0,
1138.2155,-1852.0374,13.3749,270.5587,0.00,VEHICLE,0,0,
1141.5861,-1852.0104,13.3749,270.4843,0.00,VEHICLE,0,0,
1145.1570,-1851.9839,13.3752,270.4656,0.00,VEHICLE,0,0,
1148.5636,-1851.9585,13.3763,270.4615,0.00,VEHICLE,0,0,
1152.1577,-1851.9308,13.3786,270.4599,0.00,VEHICLE,0,0,
1155.5786,-1851.9038,13.3819,270.4597,0.00,VEHICLE,0,0,
1159.1282,-1851.8751,13.3852,270.4592,0.00,VEHICLE,0,0,
1162.5317,-1851.8475,13.3883,270.4587,0.00,VEHICLE,0,0,
1166.1277,-1851.8182,13.3907,270.4584,0.00,VEHICLE,0,0,
1169.5892,-1851.7903,13.3911,270.4583,0.00,VEHICLE,0,0,
1173.1796,-1851.7631,13.3908,270.4303,0.00,VEHICLE,0,0,
1176.7274,-1851.7378,13.3906,270.4059,0.00,VEHICLE,0,0,
1180.3014,-1851.7128,13.3905,270.3994,0.00,VEHICLE,0,0,
1184.0215,-1851.6870,13.3905,270.3978,0.00,VEHICLE,0,0,
1187.7080,-1851.6615,13.3905,270.3976,0.00,VEHICLE,0,0,
1191.3326,-1851.6366,13.3891,270.3975,0.00,VEHICLE,0,0,
1195.0712,-1851.6268,13.3855,270.1303,0.00,VEHICLE,0,0,
1198.8655,-1851.6414,13.3807,269.7485,0.00,VEHICLE,0,0,
1202.4369,-1851.6627,13.3764,269.6483,0.00,VEHICLE,0,0,
1206.1757,-1851.6879,13.3741,269.6218,0.00,VEHICLE,0,0,
1210.0017,-1851.7150,13.3742,269.6161,0.00,VEHICLE,0,0,
1213.9005,-1851.7430,13.3746,269.6153,0.00,VEHICLE,0,0,
1217.5848,-1851.7688,13.3748,269.6153,0.00,VEHICLE,0,0,
1221.3646,-1851.7947,13.3749,269.6151,0.00,VEHICLE,0,0,
1225.3237,-1851.8212,13.3749,269.6146,0.00,VEHICLE,0,0,
1229.2340,-1851.8470,13.3749,269.6142,0.00,VEHICLE,0,0,
1232.8811,-1851.8711,13.3749,269.6139,0.00,VEHICLE,0,0,
1236.9421,-1851.8981,13.3749,269.6137,0.00,VEHICLE,0,0,
1240.8936,-1851.9244,13.3749,269.6137,0.00,VEHICLE,0,0,
1244.7916,-1851.9507,13.3749,269.6138,0.00,VEHICLE,0,0,
1248.7112,-1851.9772,13.3749,269.6140,0.00,VEHICLE,0,0,
1252.6544,-1852.0039,13.3748,269.6141,0.00,VEHICLE,0,0,
1256.6346,-1852.0308,13.3742,269.6141,0.00,VEHICLE,0,0,
1260.5522,-1852.0573,13.3735,269.6142,0.00,VEHICLE,0,0,
1264.3729,-1852.0830,13.3730,269.6142,0.00,VEHICLE,0,0,
1268.1805,-1852.1085,13.3727,269.6141,0.00,VEHICLE,0,0,
1271.6772,-1852.1321,13.3726,269.6141,0.00,VEHICLE,0,0,
1274.8868,-1852.1536,13.3726,269.6141,0.00,VEHICLE,0,0,
1278.4436,-1852.1776,13.3728,269.6129,0.00,VEHICLE,0,0,
1281.9745,-1852.2014,13.3730,269.6143,0.00,VEHICLE,0,0,
1285.5690,-1852.2257,13.3732,269.6143,0.00,VEHICLE,0,0,
1289.2546,-1852.2505,13.3740,269.6142,0.00,VEHICLE,0,0,
1292.6576,-1852.2773,13.3745,269.5522,0.00,VEHICLE,0,0,
1296.4817,-1852.4199,13.3747,267.7470,0.00,VEHICLE,0,0,
1300.0668,-1852.6606,13.3743,266.0209,0.00,VEHICLE,0,0,
1303.7461,-1852.9475,13.3737,265.5258,0.00,VEHICLE,0,0,
1307.1434,-1853.2258,13.3732,265.4212,0.00,VEHICLE,0,0,
1310.5277,-1853.5062,13.3729,265.3995,0.00,VEHICLE,0,0,
1314.0911,-1853.8007,13.3727,265.3969,0.00,VEHICLE,0,0,
1317.7172,-1854.1276,13.3727,264.8981,0.00,VEHICLE,0,0,
1321.0226,-1854.5538,13.3727,262.7293,0.00,VEHICLE,0,0,
1324.2435,-1855.0125,13.3727,261.8308,0.00,VEHICLE,0,0,
1327.4629,-1855.4889,13.3727,261.6091,0.00,VEHICLE,0,0,
1330.7769,-1856.0033,13.3727,261.2831,0.00,VEHICLE,0,0,
1333.6305,-1856.5865,13.3727,258.8899,0.00,VEHICLE,0,0,
1336.6857,-1857.4612,13.3723,254.2950,0.00,VEHICLE,0,0,
1339.3989,-1858.5259,13.3715,249.0921,0.00,VEHICLE,0,0,
1342.1384,-1859.7577,13.3713,245.5680,0.00,VEHICLE,0,0,
1344.8279,-1861.0529,13.3721,244.5406,0.00,VEHICLE,0,0,
1347.3828,-1862.3037,13.3733,244.3687,0.00,VEHICLE,0,0,
1350.1163,-1863.6396,13.3743,244.3306,0.00,VEHICLE,0,0,
1352.6223,-1864.8481,13.3747,244.4386,0.00,VEHICLE,0,0,
1355.6523,-1866.1372,13.3746,246.8681,0.00,VEHICLE,0,0,
1358.5693,-1867.1294,13.3741,250.8769,0.00,VEHICLE,0,0,
1361.5583,-1867.8925,13.3732,255.3616,0.00,VEHICLE,0,0,
1364.5216,-1868.5518,13.3733,257.5285,0.00,VEHICLE,0,0,
1367.5688,-1869.1761,13.3740,258.0722,0.00,VEHICLE,0,0,
1370.7294,-1869.7567,13.3746,259.1142,0.00,VEHICLE,0,0,
1373.7649,-1870.1360,13.3747,262.3235,0.00,VEHICLE,0,0,
1376.7073,-1870.3553,13.3745,265.3976,0.00,VEHICLE,0,0,
1379.9058,-1870.5460,13.3744,266.5305,0.00,VEHICLE,0,0,
1383.1157,-1870.7189,13.3746,266.7940,0.00,VEHICLE,0,0,
1386.2548,-1870.8831,13.3748,266.8530,0.00,VEHICLE,0,0,
1389.4396,-1871.0499,13.3748,266.8665,0.00,VEHICLE,0,0,
1392.7007,-1871.2236,13.3749,266.8701,0.00,VEHICLE,0,0,
1395.8954,-1871.3970,13.3748,266.8723,0.00,VEHICLE,0,0,
1399.0911,-1871.5725,13.3749,266.8745,0.00,VEHICLE,0,0,
1402.3037,-1871.7502,13.3749,266.8764,0.00,VEHICLE,0,0,
1405.6046,-1871.9327,13.3749,266.8776,0.00,VEHICLE,0,0,
1408.8319,-1872.1105,13.3749,266.8780,0.00,VEHICLE,0,0,
1412.1193,-1872.2903,13.3749,266.8778,0.00,VEHICLE,0,0,
1415.3987,-1872.4691,13.3749,266.8773,0.00,VEHICLE,0,0,
1418.8491,-1872.6569,13.3749,266.8766,0.00,VEHICLE,0,0,
1422.1594,-1872.8353,13.3749,266.8956,0.00,VEHICLE,0,0,
1425.4191,-1872.9429,13.3749,268.0460,0.00,VEHICLE,0,0,
1428.9869,-1872.9882,13.3747,269.3518,0.00,VEHICLE,0,0,
1432.5498,-1873.0079,13.3746,269.6956,0.00,VEHICLE,0,0,
1436.2059,-1873.0189,13.3747,269.7729,0.00,VEHICLE,0,0,
1439.9089,-1873.0267,13.3748,269.7881,0.00,VEHICLE,0,0,
1443.4290,-1873.0347,13.3749,269.7902,0.00,VEHICLE,0,0,
1446.8209,-1873.0439,13.3749,269.7907,0.00,VEHICLE,0,0,
1450.3772,-1873.0560,13.3749,269.7918,0.00,VEHICLE,0,0,
1454.0436,-1873.0699,13.3749,269.7933,0.00,VEHICLE,0,0,
1457.8312,-1873.0850,13.3749,269.7947,0.00,VEHICLE,0,0,
1461.5829,-1873.0996,13.3749,269.7955,0.00,VEHICLE,0,0,
1465.2688,-1873.1135,13.3748,269.7957,0.00,VEHICLE,0,0,
1468.7729,-1873.1262,13.3741,269.7957,0.00,VEHICLE,0,0,
1472.3314,-1873.1388,13.3740,269.7950,0.00,VEHICLE,0,0,
1475.9513,-1873.1512,13.3748,269.7947,0.00,VEHICLE,0,0,
1479.7531,-1873.1644,13.3750,269.7944,0.00,VEHICLE,0,0,
1483.7009,-1873.1344,13.3750,270.4980,0.00,VEHICLE,0,0,
1487.4585,-1873.0304,13.3749,271.6660,0.00,VEHICLE,0,0,
1491.1119,-1872.9053,13.3748,271.9887,0.00,VEHICLE,0,0,
1494.8276,-1872.7690,13.3747,272.0651,0.00,VEHICLE,0,0,
1498.6038,-1872.6276,13.3748,272.0812,0.00,VEHICLE,0,0,
1502.2821,-1872.4895,13.3749,272.0836,0.00,VEHICLE,0,0,
1505.8820,-1872.3553,13.3749,272.0840,0.00,VEHICLE,0,0,
1509.3655,-1872.2275,13.3749,272.0846,0.00,VEHICLE,0,0,
1513.1836,-1872.1122,13.3749,271.7163,0.00,VEHICLE,0,0,
1517.0201,-1872.0488,13.3748,270.9069,0.00,VEHICLE,0,0,
1520.9135,-1872.0031,13.3745,270.6664,0.00,VEHICLE,0,0,
1524.4791,-1871.9673,13.3738,270.6143,0.00,VEHICLE,0,0,
1528.0835,-1871.9330,13.3732,270.6024,0.00,VEHICLE,0,0,
1531.5253,-1871.9000,13.3728,270.6007,0.00,VEHICLE,0,0,
1535.0662,-1871.8646,13.3727,270.6007,0.00,VEHICLE,0,0,
1538.4736,-1871.8293,13.3727,270.6002,0.00,VEHICLE,0,0,
1541.8271,-1871.7939,13.3734,270.5993,0.00,VEHICLE,0,0,
1545.1304,-1871.7588,13.3741,270.5985,0.00,VEHICLE,0,0,
1548.4066,-1871.7238,13.3745,270.5980,0.00,VEHICLE,0,0,
1551.7122,-1871.6886,13.3747,270.5978,0.00,VEHICLE,0,0,
1555.0012,-1871.6541,13.3748,270.5978,0.00,VEHICLE,0,0,
1558.5201,-1871.6174,13.3748,270.5980,0.00,VEHICLE,0,0,
1561.8351,-1871.5830,13.3746,270.5982,0.00,VEHICLE,0,0,
1565.2117,-1871.5479,13.3739,270.5984,0.00,VEHICLE,0,0,
1568.5510,-1871.5132,13.3738,270.5985,0.00,VEHICLE,0,0,
1571.8679,-1871.4788,13.3742,270.5986,0.00,VEHICLE,0,0,
1575.1769,-1871.4441,13.3746,270.5985,0.00,VEHICLE,0,0,
1578.5214,-1871.4091,13.3747,270.5985,0.00,VEHICLE,0,0,
1581.8989,-1871.3737,13.3748,270.5984,0.00,VEHICLE,0,0,
1585.2332,-1871.3386,13.3748,270.5984,0.00,VEHICLE,0,0,
1588.7189,-1871.3022,13.3749,270.5983,0.00,VEHICLE,0,0,
1592.3568,-1871.2640,13.3749,270.5983,0.00,VEHICLE,0,0,
1596.0819,-1871.2290,13.3749,270.5429,0.00,VEHICLE,0,0,
1599.7649,-1871.2668,13.3748,269.3830,0.00,VEHICLE,0,0,
1603.4247,-1871.3427,13.3748,268.7464,0.00,VEHICLE,0,0,
1606.8925,-1871.4281,13.3747,268.5891,0.00,VEHICLE,0,0,
1610.4218,-1871.5206,13.3747,268.5473,0.00,VEHICLE,0,0,
1613.8333,-1871.6118,13.3742,268.5378,0.00,VEHICLE,0,0,
1617.1787,-1871.7008,13.3735,268.5369,0.00,VEHICLE,0,0,
1620.5691,-1871.7903,13.3731,268.5372,0.00,VEHICLE,0,0,
1623.9827,-1871.8784,13.3735,268.5367,0.00,VEHICLE,0,0,
1627.3877,-1871.9653,13.3741,268.5358,0.00,VEHICLE,0,0,
1630.8344,-1872.0525,13.3745,268.5348,0.00,VEHICLE,0,0,
1634.3701,-1872.1304,13.3747,268.7181,0.00,VEHICLE,0,0,
1637.8514,-1872.0829,13.3746,270.7664,0.00,VEHICLE,0,0,
1641.2926,-1871.8901,13.3737,273.2852,0.00,VEHICLE,0,0,
1644.5361,-1871.6578,13.3731,274.1159,0.00,VEHICLE,0,0,
1647.7908,-1871.4041,13.3728,274.3427,0.00,VEHICLE,0,0,
1650.9830,-1871.1483,13.3728,274.3973,0.00,VEHICLE,0,0,
1654.2927,-1870.8823,13.3727,274.4116,0.00,VEHICLE,0,0,
1657.7406,-1870.5454,13.3726,275.4367,0.00,VEHICLE,0,0,
1661.0778,-1870.0121,13.3726,279.0008,0.00,VEHICLE,0,0,
1664.3461,-1869.2028,13.3721,283.9352,0.00,VEHICLE,0,0,
1667.2170,-1868.1985,13.3711,289.0954,0.00,VEHICLE,0,0,
1669.9183,-1866.9547,13.3702,294.6194,0.00,VEHICLE,0,0,
1672.4420,-1865.4689,13.3697,300.3748,0.00,VEHICLE,0,0,
1674.4996,-1863.9648,13.3696,305.6133,0.00,VEHICLE,0,0,
1677.0508,-1861.6145,13.3699,313.1871,0.00,VEHICLE,0,0,
1678.9695,-1859.4358,13.3703,318.5605,0.00,VEHICLE,0,0,
1680.7915,-1857.2023,13.3716,320.6520,0.00,VEHICLE,0,0,
1682.5012,-1855.0297,13.3727,321.1669,0.00,VEHICLE,0,0,
1684.1367,-1852.7543,13.3729,323.3890,0.00,VEHICLE,0,0,
1685.3461,-1850.7966,13.3728,326.9930,0.00,VEHICLE,0,0,
1686.6616,-1848.1509,13.3722,332.9454,0.00,VEHICLE,0,0,
1687.5443,-1845.7168,13.3712,338.9919,0.00,VEHICLE,0,0,
1688.1273,-1843.2775,13.3701,345.5022,0.00,VEHICLE,0,0,
1688.4744,-1840.7002,13.3697,351.7660,0.00,VEHICLE,0,0,
1688.7278,-1838.0487,13.3711,354.4785,0.00,VEHICLE,0,0,
1688.9196,-1835.4865,13.3729,355.0542,0.00,VEHICLE,0,0,
1689.1210,-1832.7916,13.3740,355.1519,0.00,VEHICLE,0,0,
1689.2920,-1830.6884,13.3744,355.0861,0.00,VEHICLE,0,0,
1689.6653,-1827.8782,13.3739,352.7539,0.00,VEHICLE,0,0,
1690.2008,-1825.4669,13.3727,348.5710,0.00,VEHICLE,0,0,
1690.9548,-1823.1936,13.3714,343.2470,0.00,VEHICLE,0,0,
1691.9308,-1821.0811,13.3705,337.0215,0.00,VEHICLE,0,0,
1693.0654,-1819.2456,13.3699,330.5182,0.00,VEHICLE,0,0,
1694.6785,-1817.3090,13.3695,321.9773,0.00,VEHICLE,0,0,
1696.2747,-1815.8970,13.3654,314.2215,0.00,VEHICLE,0,0,
1698.3257,-1814.5885,13.3601,304.7248,0.00,VEHICLE,0,0,
1700.2927,-1813.7393,13.3539,296.0840,0.00,VEHICLE,0,0,
1703.1296,-1813.0928,13.3504,284.2803,0.00,VEHICLE,0,0,
1706.0662,-1812.9066,13.3498,274.6503,0.00,VEHICLE,0,0,
1708.0721,-1812.8367,13.3502,272.7444,0.00,VEHICLE,0,0,
1710.2036,-1812.7784,13.3499,272.3592,0.00,VEHICLE,0,0,
1712.4753,-1812.7361,13.3486,271.7870,0.00,VEHICLE,0,0,
1714.7296,-1812.8344,13.3470,268.7870,0.00,VEHICLE,0,0,
1717.0200,-1813.1215,13.3451,264.1976,0.00,VEHICLE,0,0,
1719.5699,-1813.5742,13.3448,260.3869,0.00,VEHICLE,0,0,
1721.9354,-1814.0227,13.3462,259.4652,0.00,VEHICLE,0,0,
1725.2561,-1814.6719,13.3500,259.2289,0.00,VEHICLE,0,0,
1727.9087,-1815.1921,13.3524,259.2055,0.00,VEHICLE,0,0,
1730.6637,-1815.7637,13.3547,258.6011,0.00,VEHICLE,0,0,
1733.4061,-1816.5221,13.3569,255.1075,0.00,VEHICLE,0,0,
1735.9004,-1817.2926,13.3589,252.9960,0.00,VEHICLE,0,0,
1738.3253,-1818.0632,13.3608,252.4579,0.00,VEHICLE,0,0,
1740.7318,-1818.8365,13.3628,252.3290,0.00,VEHICLE,0,0,
1743.1658,-1819.6215,13.3650,252.2980,0.00,VEHICLE,0,0,
1745.7566,-1820.4561,13.3672,252.2911,0.00,VEHICLE,0,0,
1748.1224,-1821.1642,13.3692,253.1377,0.00,VEHICLE,0,0,
1750.6709,-1821.7925,13.3710,255.7252,0.00,VEHICLE,0,0,
1753.3464,-1822.4060,13.3729,256.9884,0.00,VEHICLE,0,0,
1756.0013,-1822.9968,13.3743,257.3087,0.00,VEHICLE,0,0,
1758.5513,-1823.5580,13.3752,257.3857,0.00,VEHICLE,0,0,
1761.2499,-1824.1511,13.3753,257.4035,0.00,VEHICLE,0,0,
1764.1344,-1824.7885,13.3752,257.4077,0.00,VEHICLE,0,0,
1768.0884,-1825.6687,13.3751,257.4121,0.00,VEHICLE,0,0,
1770.8624,-1826.2898,13.3751,257.4148,0.00,VEHICLE,0,0,
1773.6544,-1826.9161,13.3752,257.4171,0.00,VEHICLE,0,0,
1776.9133,-1827.6470,13.3753,257.4186,0.00,VEHICLE,0,0,
1780.0020,-1828.3383,13.3752,257.4190,0.00,VEHICLE,0,0,
1782.8411,-1828.9366,13.3750,257.9974,0.00,VEHICLE,0,0,
1785.7579,-1829.3876,13.3741,260.8937,0.00,VEHICLE,0,0,
1788.6610,-1829.7407,13.3732,262.9783,0.00,VEHICLE,0,0,
1791.1135,-1830.0129,13.3729,263.5577,0.00,VEHICLE,0,0,
1793.7052,-1830.2882,13.3729,263.7408,0.00,VEHICLE,0,0,
1796.8718,-1830.6206,13.3730,263.7846,0.00,VEHICLE,0,0,
1799.6377,-1830.9133,13.3728,263.7895,0.00,VEHICLE,0,0,
1802.2513,-1831.1940,13.3727,263.7903,0.00,VEHICLE,0,0,
1804.9639,-1831.5042,13.3726,263.5489,0.00,VEHICLE,0,0,
1807.5648,-1831.9324,13.3725,261.2336,0.00,VEHICLE,0,0,
1810.0135,-1832.5314,13.3722,257.1551,0.00,VEHICLE,0,0,
1812.5255,-1833.2333,13.3787,254.7497,0.00,VEHICLE,0,0,
1815.0044,-1833.9927,13.3881,253.5047,0.00,VEHICLE,0,0,
1817.2456,-1834.8679,13.3983,250.0152,0.00,VEHICLE,0,0,
1819.3373,-1835.9249,13.4019,244.8986,0.00,VEHICLE,0,0,
1821.2365,-1837.1774,13.4020,238.7055,0.00,VEHICLE,0,0,
1822.9791,-1838.6821,13.4013,231.3217,0.00,VEHICLE,0,0,
1824.4664,-1840.4065,13.4006,223.0520,0.00,VEHICLE,0,0,
1825.8987,-1842.9155,13.4189,211.2265,0.00,VEHICLE,0,0,
1826.6262,-1845.5056,13.4405,198.9925,0.00,VEHICLE,0,0,
1826.6798,-1848.1511,13.4750,185.4707,0.00,VEHICLE,0,0,
1826.4342,-1850.6802,13.4805,176.9996,0.00,VEHICLE,0,0,
1826.1702,-1853.4821,13.4775,175.6062,0.00,VEHICLE,0,0,
1825.9396,-1856.3538,13.4782,175.4445,0.00,VEHICLE,0,0,
1825.7898,-1858.3905,13.4793,175.3964,0.00,VEHICLE,0,0,
1825.5542,-1861.0272,13.4409,174.1482,0.00,VEHICLE,0,0,
1825.1903,-1863.7288,13.3996,171.3952,0.00,VEHICLE,0,0,
1824.9078,-1865.7089,13.3837,170.8825,0.00,VEHICLE,0,0,
1824.4567,-1868.6382,13.3679,170.7547,0.00,VEHICLE,0,0,
1824.1290,-1870.6351,13.3558,170.7521,0.00,VEHICLE,0,0,
1823.7847,-1872.6788,13.3438,170.7624,0.00,VEHICLE,0,0,
1823.4353,-1874.7373,13.3333,170.7728,0.00,VEHICLE,0,0,
1823.0741,-1876.8773,13.3288,170.7794,0.00,VEHICLE,0,0,
1822.7142,-1879.0378,13.3285,170.7830,0.00,VEHICLE,0,0,
1822.3427,-1881.4025,13.3341,171.0467,0.00,VEHICLE,0,0,
1822.1001,-1883.8408,13.3390,173.5583,0.00,VEHICLE,0,0,
1822.0481,-1886.2446,13.3409,177.6145,0.00,VEHICLE,0,0,
1822.1050,-1888.5741,13.3429,180.6484,0.00,VEHICLE,0,0,
1822.1864,-1890.9001,13.3463,181.5818,0.00,VEHICLE,0,0,
1822.2769,-1893.2330,13.3509,181.8205,0.00,VEHICLE,0,0,
1822.3701,-1895.6165,13.3554,181.8835,0.00,VEHICLE,0,0,
1822.4598,-1898.0112,13.3596,181.9006,0.00,VEHICLE,0,0,
1822.5480,-1900.5101,13.3638,181.9082,0.00,VEHICLE,0,0,
1822.6312,-1903.0026,13.3679,181.9182,0.00,VEHICLE,0,0,
1822.7915,-1905.6592,13.3713,183.2022,0.00,VEHICLE,0,0,
1823.0228,-1908.0895,13.3735,185.1859,0.00,VEHICLE,0,0,
1823.2629,-1910.4283,13.3757,185.8052,0.00,VEHICLE,0,0,
1823.5239,-1912.8813,13.3777,185.9607,0.00,VEHICLE,0,0,
1823.7693,-1915.1340,13.3785,186.0349,0.00,VEHICLE,0,0,
1824.1117,-1917.3418,13.3780,187.9189,0.00,VEHICLE,0,0,
1824.6039,-1919.3788,13.3759,191.9436,0.00,VEHICLE,0,0,
1825.3440,-1921.4276,13.3725,197.8087,0.00,VEHICLE,0,0,
1826.2926,-1923.1967,13.3848,205.1730,0.00,VEHICLE,0,0,
1828.1130,-1925.3612,13.4209,218.6093,0.00,VEHICLE,0,0,
1830.1598,-1927.5039,13.4290,223.2870,0.00,VEHICLE,0,0,
1831.9153,-1929.1182,13.4029,225.7077,0.00,VEHICLE,0,0,
1833.8016,-1930.4149,13.3766,232.0560,0.00,VEHICLE,0,0,
1836.0133,-1931.3726,13.3615,242.2369,0.00,VEHICLE,0,0,
1838.4404,-1931.8629,13.3642,254.4630,0.00,VEHICLE,0,0,
1841.0811,-1932.2750,13.3658,259.9370,0.00,VEHICLE,0,0,
1843.6310,-1932.6754,13.3664,260.5020,0.00,VEHICLE,0,0,
1846.1582,-1932.9572,13.3665,262.9507,0.00,VEHICLE,0,0,
1849.0228,-1933.0084,13.3663,268.1777,0.00,VEHICLE,0,0,
1851.9937,-1933.0297,13.3663,269.3777,0.00,VEHICLE,0,0,
1854.1184,-1933.0389,13.3665,269.5080,0.00,VEHICLE,0,0,
1856.3845,-1933.0487,13.3667,269.5368,0.00,VEHICLE,0,0,
1858.6780,-1933.0608,13.3668,269.5428,0.00,VEHICLE,0,0,
1861.0753,-1933.0775,13.3668,269.5455,0.00,VEHICLE,0,0,
1863.4468,-1933.0966,13.3668,269.5478,0.00,VEHICLE,0,0,
1865.7742,-1933.1171,13.3668,269.5499,0.00,VEHICLE,0,0,
1868.3361,-1933.1400,13.3669,269.5515,0.00,VEHICLE,0,0,
1871.1158,-1933.1636,13.3670,269.5515,0.00,VEHICLE,0,0,
1873.6351,-1933.1836,13.3669,269.5508,0.00,VEHICLE,0,0,
1876.2407,-1933.2037,13.3669,269.5498,0.00,VEHICLE,0,0,
1878.7800,-1933.2229,13.3669,269.5489,0.00,VEHICLE,0,0,
1881.4974,-1933.2437,13.3670,269.5482,0.00,VEHICLE,0,0,
1884.2195,-1933.2645,13.3671,269.5479,0.00,VEHICLE,0,0,
1886.9967,-1933.2860,13.3674,269.5486,0.00,VEHICLE,0,0,
1889.8627,-1933.3086,13.3677,269.5493,0.00,VEHICLE,0,0,
1892.8123,-1933.3319,13.3681,269.5495,0.00,VEHICLE,0,0,
1895.4133,-1933.3525,13.3684,269.5497,0.00,VEHICLE,0,0,
1898.2933,-1933.3754,13.3687,269.5498,0.00,VEHICLE,0,0,
1901.3180,-1933.3993,13.3691,269.5498,0.00,VEHICLE,0,0,
1904.1431,-1933.4215,13.3694,269.5497,0.00,VEHICLE,0,0,
1906.8910,-1933.4429,13.3698,269.5497,0.00,VEHICLE,0,0,
1909.7443,-1933.4653,13.3701,269.5496,0.00,VEHICLE,0,0,
1912.7075,-1933.4886,13.3704,269.5496,0.00,VEHICLE,0,0,
1915.7877,-1933.5129,13.3708,269.5496,0.00,VEHICLE,0,0,
1918.8309,-1933.5369,13.3712,269.5496,0.00,VEHICLE,0,0,
1921.8522,-1933.5605,13.3709,269.5496,0.00,VEHICLE,0,0,
1924.6301,-1933.5824,13.3704,269.5496,0.00,VEHICLE,0,0,
1927.5367,-1933.6052,13.3702,269.5496,0.00,VEHICLE,0,0,
1930.3586,-1933.6273,13.3702,269.5496,0.00,VEHICLE,0,0,
1932.9226,-1933.6482,13.3704,269.5413,0.00,VEHICLE,0,0,
1935.5739,-1933.7188,13.3706,268.6880,0.00,VEHICLE,0,0,
1937.9308,-1933.8546,13.3709,267.0218,0.00,VEHICLE,0,0,
1940.9508,-1934.0535,13.3714,266.2374,0.00,VEHICLE,0,0,
1943.5216,-1934.2832,13.3718,265.2401,0.00,VEHICLE,0,0,
1945.7419,-1934.6320,13.3719,262.2007,0.00,VEHICLE,0,0,
1948.1040,-1935.2161,13.3716,257.3978,0.00,VEHICLE,0,0,
1950.3617,-1936.0420,13.3709,251.5114,0.00,VEHICLE,0,0,
1952.4750,-1937.1713,13.3887,243.6433,0.00,VEHICLE,0,0,
1954.2209,-1938.5142,13.4148,234.8756,0.00,VEHICLE,0,0,
1955.6035,-1939.9832,13.4313,226.3331,0.00,VEHICLE,0,0,
1957.1997,-1942.4510,13.4457,213.4448,0.00,VEHICLE,0,0,
1958.1908,-1945.2068,13.5059,201.9261,0.00,VEHICLE,0,0,
1958.5750,-1947.8861,13.6161,191.5114,0.00,VEHICLE,0,0,
1958.6040,-1950.5809,13.6925,183.5898,0.00,VEHICLE,0,0,
1958.6268,-1953.4868,13.7380,182.0238,0.00,VEHICLE,0,0,
1958.6959,-1956.4050,13.7311,181.8448,0.00,VEHICLE,0,0,
1958.7662,-1958.4252,13.7292,181.8087,0.00,VEHICLE,0,0,
1958.8467,-1960.4919,13.7224,181.7916,0.00,VEHICLE,0,0,
1958.9308,-1962.6272,13.6781,181.7916,0.00,VEHICLE,0,0,
1958.9971,-1964.9143,13.6145,181.4863,0.00,VEHICLE,0,0,
1958.9344,-1967.1682,13.5252,179.1226,0.00,VEHICLE,0,0,
1958.8114,-1969.5142,13.4393,177.3351,0.00,VEHICLE,0,0,
1958.6700,-1971.9113,13.3866,176.8669,0.00,VEHICLE,0,0,
1958.5229,-1974.2948,13.3622,176.7580,0.00,VEHICLE,0,0,
1958.4392,-1976.6003,13.3678,177.7659,0.00,VEHICLE,0,0,
1958.5048,-1979.1208,13.3731,180.9876,0.00,VEHICLE,0,0,
1958.6217,-1981.6283,13.3742,182.5620,0.00,VEHICLE,0,0,
1958.7587,-1984.1310,13.3745,182.9505,0.00,VEHICLE,0,0,
1958.9047,-1986.6536,13.3748,183.0388,0.00,VEHICLE,0,0,
1959.0586,-1989.3400,13.3751,183.0290,0.00,VEHICLE,0,0,
1959.1537,-1992.0022,13.3752,182.0721,0.00,VEHICLE,0,0,
1959.2253,-1994.6052,13.3751,181.5576,0.00,VEHICLE,0,0,
1959.2877,-1997.1985,13.3750,181.4287,0.00,VEHICLE,0,0,
1959.3469,-1999.8627,13.3751,181.3993,0.00,VEHICLE,0,0,
1959.4050,-2002.5238,13.3752,181.3945,0.00,VEHICLE,0,0,
1959.4646,-2005.1732,13.3752,181.3940,0.00,VEHICLE,0,0,
1959.5961,-2008.0446,13.3752,182.4895,0.00,VEHICLE,0,0,
1959.8101,-2010.7340,13.3750,184.3202,0.00,VEHICLE,0,0,
1960.0496,-2013.4873,13.3749,184.8861,0.00,VEHICLE,0,0,
1960.2972,-2016.2346,13.3750,185.0194,0.00,VEHICLE,0,0,
1960.5593,-2019.1110,13.3751,185.0502,0.00,VEHICLE,0,0,
1960.8212,-2021.9963,13.3752,185.0563,0.00,VEHICLE,0,0,
1961.0720,-2024.8895,13.3753,184.9264,0.00,VEHICLE,0,0,
1961.2305,-2027.9092,13.3752,183.1766,0.00,VEHICLE,0,0,
1961.3467,-2030.8231,13.3750,182.3373,0.00,VEHICLE,0,0,
1961.4545,-2033.8435,13.3750,182.1324,0.00,VEHICLE,0,0,
1961.5559,-2036.8074,13.3756,182.0902,0.00,VEHICLE,0,0,
1961.6567,-2039.7526,13.3760,182.0807,0.00,VEHICLE,0,0,
1961.7609,-2042.7432,13.3782,182.0800,0.00,VEHICLE,0,0,
1961.8450,-2045.8690,13.3844,181.6876,0.00,VEHICLE,0,0,
1961.8333,-2048.8379,13.3911,180.0687,0.00,VEHICLE,0,0,
1961.7971,-2051.8252,13.3932,179.4350,0.00,VEHICLE,0,0,
1961.7537,-2054.8315,13.3917,179.2808,0.00,VEHICLE,0,0,
1961.7117,-2057.6511,13.3905,179.2422,0.00,VEHICLE,0,0,
1961.6713,-2060.4182,13.3897,179.2290,0.00,VEHICLE,0,0,
1961.6338,-2063.1262,13.3884,179.2245,0.00,VEHICLE,0,0,
1961.6008,-2065.9487,13.3849,179.2665,0.00,VEHICLE,0,0,
1961.6450,-2068.8523,13.3794,180.5569,0.00,VEHICLE,0,0,
1961.7190,-2071.6455,13.3763,181.3286,0.00,VEHICLE,0,0,
1961.8015,-2074.4124,13.3753,181.5519,0.00,VEHICLE,0,0,
1961.8854,-2077.1370,13.3749,181.6159,0.00,VEHICLE,0,0,
1961.9706,-2079.9324,13.3740,181.6339,0.00,VEHICLE,0,0,
1962.0541,-2082.7366,13.3733,181.6385,0.00,VEHICLE,0,0,
1962.1959,-2085.5674,13.3729,182.6513,0.00,VEHICLE,0,0,
1962.5050,-2088.3315,13.3727,185.9510,0.00,VEHICLE,0,0,
1962.8654,-2090.8804,13.3725,187.8783,0.00,VEHICLE,0,0,
1963.2582,-2093.4497,13.3726,188.5292,0.00,VEHICLE,0,0,
1963.7859,-2096.0879,13.3727,190.6561,0.00,VEHICLE,0,0,
1964.4982,-2098.5798,13.3724,194.8817,0.00,VEHICLE,0,0,
1965.4336,-2100.9277,13.3717,200.3641,0.00,VEHICLE,0,0,
1966.5746,-2103.0530,13.3708,206.5921,0.00,VEHICLE,0,0,
1967.8696,-2104.8982,13.3701,213.1559,0.00,VEHICLE,0,0,
1969.3730,-2106.5483,13.3696,220.2585,0.00,VEHICLE,0,0,
1971.1132,-2107.9946,13.3683,228.0364,0.00,VEHICLE,0,0,
1973.3835,-2109.3252,13.3636,237.9700,0.00,VEHICLE,0,0,
1975.3210,-2110.0566,13.3598,246.4011,0.00,VEHICLE,0,0,
1978.1813,-2110.5171,13.3518,259.4973,0.00,VEHICLE,0,0,
1980.8354,-2110.4373,13.3522,270.0187,0.00,VEHICLE,0,0,
1983.6794,-2110.2676,13.3561,272.7251,0.00,VEHICLE,0,0,
1985.7158,-2110.1357,13.3573,272.9606,0.00,VEHICLE,0,0,
1987.7375,-2110.0139,13.3578,273.0157,0.00,VEHICLE,0,0,
1989.8789,-2109.8938,13.3580,273.0316,0.00,VEHICLE,0,0,
1992.0323,-2109.7798,13.3582,273.0377,0.00,VEHICLE,0,0,
1994.3352,-2109.6604,13.3612,273.0414,0.00,VEHICLE,0,0,
1996.6523,-2109.5415,13.3677,273.0513,0.00,VEHICLE,0,0,
1999.0494,-2109.4182,13.3781,273.0623,0.00,VEHICLE,0,0,
2001.7311,-2109.2791,13.3865,273.0544,0.00,VEHICLE,0,0,
2004.1793,-2109.1509,13.3919,273.0465,0.00,VEHICLE,0,0,
2007.1575,-2109.0256,13.3957,272.5449,0.00,VEHICLE,0,0,
2009.3208,-2108.9670,13.3986,271.7345,0.00,VEHICLE,0,0,
2011.9270,-2108.9036,13.4022,271.3898,0.00,VEHICLE,0,0,
2014.4163,-2108.8472,13.4047,271.3142,0.00,VEHICLE,0,0,
2017.0482,-2108.7893,13.4038,271.2961,0.00,VEHICLE,0,0,
2019.5824,-2108.7344,13.3997,271.2930,0.00,VEHICLE,0,0,
2022.0687,-2108.6799,13.3950,271.2927,0.00,VEHICLE,0,0,
2024.5679,-2108.6245,13.3908,271.2924,0.00,VEHICLE,0,0,
2027.1602,-2108.5662,13.3867,271.2917,0.00,VEHICLE,0,0,
2030.0325,-2108.5010,13.3822,271.2909,0.00,VEHICLE,0,0,
2032.9780,-2108.4338,13.3776,271.2903,0.00,VEHICLE,0,0,
2036.1520,-2108.3616,13.3673,271.2897,0.00,VEHICLE,0,0,
2039.2045,-2108.3354,13.3568,270.5799,0.00,VEHICLE,0,0,
2041.8518,-2108.3347,13.3483,269.9777,0.00,VEHICLE,0,0,
2044.2729,-2108.3381,13.3429,269.7988,0.00,VEHICLE,0,0,
2047.3694,-2108.3455,13.3394,269.7451,0.00,VEHICLE,0,0,
2050.1123,-2108.3545,13.3397,269.7352,0.00,VEHICLE,0,0,
2052.5427,-2108.3652,13.3403,269.7356,0.00,VEHICLE,0,0,
2055.1104,-2108.3774,13.3453,269.7419,0.00,VEHICLE,0,0,
2057.5437,-2108.3904,13.3521,269.7451,0.00,VEHICLE,0,0,
2060.3245,-2108.4080,13.3629,269.7440,0.00,VEHICLE,0,0,
2062.6128,-2108.4243,13.3695,269.7535,0.00,VEHICLE,0,0,
2064.9941,-2108.4380,13.3726,269.8088,0.00,VEHICLE,0,0,
2067.3342,-2108.3464,13.3740,271.6918,0.00,VEHICLE,0,0,
2069.6670,-2108.0708,13.3729,275.7480,0.00,VEHICLE,0,0,
2071.8855,-2107.7366,13.3722,278.1568,0.00,VEHICLE,0,0,
2073.9761,-2107.3962,13.3710,278.8590,0.00,VEHICLE,0,0,
2076.4697,-2106.9580,13.3650,279.4045,0.00,VEHICLE,0,0,
2078.5544,-2106.5159,13.3566,281.0001,0.00,VEHICLE,0,0,
2080.7412,-2106.0483,13.3487,281.7054,0.00,VEHICLE,0,0,
2082.7263,-2105.6355,13.3648,281.9364,0.00,VEHICLE,0,0,
2084.7554,-2105.1296,13.3812,283.7711,0.00,VEHICLE,0,0,
2086.7896,-2104.4158,13.4142,288.7274,0.00,VEHICLE,0,0,
2089.4883,-2103.3418,13.4653,291.8604,0.00,VEHICLE,0,0,
2091.9949,-2102.2559,13.5235,292.2643,0.00,VEHICLE,0,0,
2094.5737,-2101.0613,13.5367,292.9980,0.00,VEHICLE,0,0,
2096.9751,-2099.7563,13.5365,296.7053,0.00,VEHICLE,0,0,
2099.1929,-2098.5952,13.5364,297.3793,0.00,VEHICLE,0,0,
2101.3557,-2097.4854,13.5366,297.4787,0.00,VEHICLE,0,0,
2103.5632,-2096.3528,13.5380,297.5001,0.00,VEHICLE,0,0,
2105.8660,-2095.1621,13.5392,297.5020,0.00,VEHICLE,0,0,
2108.0945,-2094.0012,13.5382,297.5002,0.00,VEHICLE,0,0,
2110.2969,-2092.8503,13.5371,297.4963,0.00,VEHICLE,0,0,
2112.4329,-2091.7354,13.5366,297.4938,0.00,VEHICLE,0,0,
2114.5015,-2090.6580,13.5366,297.4935,0.00,VEHICLE,0,0,
2116.4441,-2089.6482,13.5366,297.4946,0.00,VEHICLE,0,0,
2118.3491,-2088.6580,13.5366,297.4958,0.00,VEHICLE,0,0,
2120.2083,-2087.6909,13.5366,297.4962,0.00,VEHICLE,0,0,
2122.0020,-2086.7571,13.5366,297.4960,0.00,VEHICLE,0,0,
2124.0911,-2085.6692,13.5365,297.4956,0.00,VEHICLE,0,0,
2124.0911,-2085.6692,13.5365,297.4956,0.00,VEHICLE,0,0,
