728.6057,-1635.2911,-0.5207,184.4531,0.00,VEHICLE,0,0,
728.6057,-1635.2911,-0.5207,184.4531,0.00,VEHICLE,0,0,
728.7823,-1637.5120,-0.3565,184.8231,0.00,VEHICLE,0,0,
728.9915,-1639.9916,-0.3518,184.9341,0.00,VEHICLE,0,0,
729.1733,-1642.0964,-0.2869,184.9891,0.00,VEHICLE,0,0,
729.3605,-1644.1962,-0.2375,184.7329,0.00,VEHICLE,0,0,
729.5378,-1646.2583,-0.2307,184.2382,0.00,VEHICLE,0,0,
729.7463,-1648.9685,-0.2694,183.6831,0.00,VEHICLE,0,0,
729.9185,-1651.4988,-0.3129,183.2870,0.00,VEHICLE,0,0,
730.0594,-1653.8007,-0.3165,183.0014,0.00,VEHICLE,0,0,
730.1916,-1656.1902,-0.2680,182.7680,0.00,VEHICLE,0,0,
730.3744,-1659.8485,-0.1327,182.4188,0.00,VEHICLE,0,0,
730.5566,-1663.8035,0.0222,181.1204,0.00,VEHICLE,0,0,
730.6574,-1666.9933,0.0711,179.3515,0.00,VEHICLE,0,0,
730.6693,-1670.9927,0.0439,177.3696,0.00,VEHICLE,0,0,
730.6194,-1673.2542,0.0086,176.4493,0.00,VEHICLE,0,0,
730.5322,-1675.4889,-0.0185,175.6761,0.00,VEHICLE,0,0,
730.4117,-1677.6998,-0.0326,175.0245,0.00,VEHICLE,0,0,
730.2382,-1680.1965,-0.0343,174.3914,0.00,VEHICLE,0,0,
730.0350,-1682.6334,-0.0253,173.8458,0.00,VEHICLE,0,0,
729.8088,-1685.0098,-0.0124,173.3659,0.00,VEHICLE,0,0,
729.3994,-1688.7925,0.0090,172.7125,0.00,VEHICLE,0,0,
729.0627,-1691.6096,0.0224,172.3200,0.00,VEHICLE,0,0,
728.4385,-1696.4104,0.0306,171.8209,0.00,VEHICLE,0,0,
728.1571,-1698.4497,0.0251,171.6751,0.00,VEHICLE,0,0,
727.8735,-1700.4425,0.0127,171.6107,0.00,VEHICLE,0,0,
727.5375,-1702.7367,-0.0213,171.6835,0.00,VEHICLE,0,0,
727.2366,-1704.7485,-0.0646,171.9257,0.00,VEHICLE,0,0,
726.9069,-1706.9347,-0.1208,172.4370,0.00,VEHICLE,0,0,
726.4521,-1710.0161,-0.2006,173.4934,0.00,VEHICLE,0,0,
726.0953,-1712.6304,-0.2489,174.4331,0.00,VEHICLE,0,0,
725.7681,-1715.3524,-0.2687,175.3526,0.00,VEHICLE,0,0,
725.5006,-1718.0002,-0.2521,176.1418,0.00,VEHICLE,0,0,
725.2995,-1720.4397,-0.2004,176.7498,0.00,VEHICLE,0,0,
725.1475,-1722.7148,-0.1199,177.2184,0.00,VEHICLE,0,0,
724.9613,-1726.3087,0.0499,177.8201,0.00,VEHICLE,0,0,
724.8600,-1728.7172,0.1645,178.1535,0.00,VEHICLE,0,0,
724.7651,-1731.3179,0.2558,178.4452,0.00,VEHICLE,0,0,
724.6812,-1733.8365,0.2752,178.6660,0.00,VEHICLE,0,0,
724.5974,-1736.4673,0.2091,178.8402,0.00,VEHICLE,0,0,
724.5333,-1739.0350,0.0922,178.9634,0.00,VEHICLE,0,0,
724.4516,-1743.8164,-0.1649,179.0807,0.00,VEHICLE,0,0,
724.4141,-1746.8157,-0.3112,179.1124,0.00,VEHICLE,0,0,
724.3919,-1748.8176,-0.3946,179.1254,0.00,VEHICLE,0,0,
724.3700,-1750.8646,-0.4606,179.1124,0.00,VEHICLE,0,0,
724.3464,-1753.0289,-0.5033,179.0250,0.00,VEHICLE,0,0,
724.3106,-1755.9373,-0.4863,178.6509,0.00,VEHICLE,0,0,
724.2679,-1758.2836,-0.4189,178.2094,0.00,VEHICLE,0,0,
724.2149,-1760.3177,-0.3199,177.8183,0.00,VEHICLE,0,0,
724.0643,-1764.3260,-0.0440,177.1370,0.00,VEHICLE,0,0,
723.8755,-1768.1805,0.1980,176.6334,0.00,VEHICLE,0,0,
723.7588,-1770.3080,0.2778,176.4195,0.00,VEHICLE,0,0,
723.6245,-1772.6117,0.3165,176.2312,0.00,VEHICLE,0,0,
723.4857,-1774.8696,0.3072,176.0807,0.00,VEHICLE,0,0,
723.3466,-1777.0310,0.2677,175.9590,0.00,VEHICLE,0,0,
723.1844,-1779.4410,0.2032,175.8404,0.00,VEHICLE,0,0,
723.0087,-1781.9425,0.1177,175.7330,0.00,VEHICLE,0,0,
722.8348,-1784.3237,0.0157,175.6465,0.00,VEHICLE,0,0,
722.6562,-1786.6885,-0.0984,175.5765,0.00,VEHICLE,0,0,
722.4622,-1789.1860,-0.2158,175.5166,0.00,VEHICLE,0,0,
722.2675,-1791.6388,-0.3175,175.4641,0.00,VEHICLE,0,0,
722.0439,-1794.4088,-0.4094,175.4083,0.00,VEHICLE,0,0,
721.6760,-1798.9209,-0.4789,175.3162,0.00,VEHICLE,0,0,
721.4570,-1801.5854,-0.4534,175.3114,0.00,VEHICLE,0,0,
721.2576,-1803.9860,-0.3873,175.4609,0.00,VEHICLE,0,0,
721.0814,-1806.1364,-0.2944,175.6985,0.00,VEHICLE,0,0,
720.9181,-1808.2047,-0.1765,175.9566,0.00,VEHICLE,0,0,
720.7589,-1810.3263,-0.0370,176.2149,0.00,VEHICLE,0,0,
720.4808,-1814.3529,0.2030,176.6144,0.00,VEHICLE,0,0,
720.3419,-1816.5494,0.2809,176.7720,0.00,VEHICLE,0,0,
720.1990,-1818.9574,0.3131,176.9061,0.00,VEHICLE,0,0,
720.0777,-1821.1199,0.2940,177.0007,0.00,VEHICLE,0,0,
719.9568,-1823.3881,0.2318,177.0762,0.00,VEHICLE,0,0,
719.8391,-1825.6901,0.1468,177.1300,0.00,VEHICLE,0,0,
719.7256,-1827.9769,0.0585,177.1662,0.00,VEHICLE,0,0,
719.6133,-1830.2811,-0.0282,177.1896,0.00,VEHICLE,0,0,
719.4926,-1832.7805,-0.1167,177.2008,0.00,VEHICLE,0,0,
719.3763,-1835.1940,-0.1973,177.2001,0.00,VEHICLE,0,0,
719.2623,-1837.5519,-0.2677,177.1926,0.00,VEHICLE,0,0,
719.1419,-1840.0269,-0.3246,177.1800,0.00,VEHICLE,0,0,
719.0242,-1842.4307,-0.3575,177.1634,0.00,VEHICLE,0,0,
718.9077,-1844.7936,-0.3628,177.1439,0.00,VEHICLE,0,0,
718.7925,-1847.1171,-0.3398,177.1241,0.00,VEHICLE,0,0,
718.6803,-1849.3684,-0.2928,177.1073,0.00,VEHICLE,0,0,
718.5668,-1851.6362,-0.2252,177.0934,0.00,VEHICLE,0,0,
718.4541,-1853.8772,-0.1450,177.0818,0.00,VEHICLE,0,0,
718.3298,-1856.3368,-0.0500,177.0717,0.00,VEHICLE,0,0,
718.1979,-1858.9226,0.0509,177.0897,0.00,VEHICLE,0,0,
718.0656,-1861.4827,0.1360,177.2077,0.00,VEHICLE,0,0,
717.9285,-1864.1732,0.1984,177.4348,0.00,VEHICLE,0,0,
717.8143,-1866.5215,0.2185,177.6476,0.00,VEHICLE,0,0,
717.6882,-1869.2939,0.2007,177.8832,0.00,VEHICLE,0,0,
717.5728,-1872.0460,0.1500,178.0914,0.00,VEHICLE,0,0,
717.4810,-1874.4055,0.0978,178.2487,0.00,VEHICLE,0,0,
717.3909,-1876.9146,0.0449,178.3937,0.00,VEHICLE,0,0,
717.3051,-1879.5084,-0.0029,178.5228,0.00,VEHICLE,0,0,
717.2277,-1882.0590,-0.0430,178.6358,0.00,VEHICLE,0,0,
717.1581,-1884.5507,-0.0778,178.7379,0.00,VEHICLE,0,0,
717.0925,-1887.1162,-0.1099,178.8352,0.00,VEHICLE,0,0,
717.0319,-1889.7101,-0.1372,178.9248,0.00,VEHICLE,0,0,
716.9755,-1892.3433,-0.1578,179.0063,0.00,VEHICLE,0,0,
716.9240,-1894.9767,-0.1698,179.0776,0.00,VEHICLE,0,0,
716.8741,-1897.7496,-0.1746,179.1427,0.00,VEHICLE,0,0,
716.8292,-1900.4608,-0.1751,179.1980,0.00,VEHICLE,0,0,
716.7891,-1903.0677,-0.1727,179.2437,0.00,VEHICLE,0,0,
716.7512,-1905.7061,-0.1673,179.2817,0.00,VEHICLE,0,0,
716.7126,-1908.5615,-0.1563,179.3132,0.00,VEHICLE,0,0,
716.6783,-1911.2477,-0.1379,179.3349,0.00,VEHICLE,0,0,
716.6462,-1913.8748,-0.1110,179.3506,0.00,VEHICLE,0,0,
716.6149,-1916.5265,-0.0749,179.3621,0.00,VEHICLE,0,0,
716.5847,-1919.1658,-0.0322,179.3714,0.00,VEHICLE,0,0,
716.5549,-1921.8148,0.0162,179.3801,0.00,VEHICLE,0,0,
716.5258,-1924.4485,0.0680,179.3875,0.00,VEHICLE,0,0,
716.4934,-1927.4469,0.1267,179.3866,0.00,VEHICLE,0,0,
716.4622,-1930.4681,0.1819,179.3168,0.00,VEHICLE,0,0,
716.4299,-1933.6842,0.2136,179.0804,0.00,VEHICLE,0,0,
716.3950,-1936.8352,0.1936,178.6340,0.00,VEHICLE,0,0,
716.3501,-1939.9446,0.1187,177.9807,0.00,VEHICLE,0,0,
716.2839,-1943.1639,-0.0016,177.0681,0.00,VEHICLE,0,0,
716.1977,-1946.1095,-0.1335,175.9831,0.00,VEHICLE,0,0,
716.0715,-1949.1431,-0.2780,174.6241,0.00,VEHICLE,0,0,
715.9015,-1952.0461,-0.4120,173.1432,0.00,VEHICLE,0,0,
715.6779,-1954.8231,-0.5261,171.5378,0.00,VEHICLE,0,0,
715.4104,-1957.3031,-0.5218,169.7935,0.00,VEHICLE,0,0,
715.0995,-1959.4786,-0.4875,168.0199,0.00,VEHICLE,0,0,
714.3433,-1963.3156,-0.3399,163.9289,0.00,VEHICLE,0,0,
713.4530,-1966.6044,-0.1570,159.1841,0.00,VEHICLE,0,0,
712.3074,-1969.8402,0.0058,153.3980,0.00,VEHICLE,0,0,
710.7949,-1973.1322,0.0847,146.5282,0.00,VEHICLE,0,0,
708.8892,-1976.3402,0.0547,139.0542,0.00,VEHICLE,0,0,
706.4855,-1979.4370,-0.0372,130.9555,0.00,VEHICLE,0,0,
703.7049,-1982.1143,-0.1044,123.8253,0.00,VEHICLE,0,0,
700.8488,-1984.1980,-0.0975,118.7324,0.00,VEHICLE,0,0,
697.8851,-1985.9360,-0.0464,114.8806,0.00,VEHICLE,0,0,
694.6799,-1987.5178,-0.0115,111.9741,0.00,VEHICLE,0,0,
692.8312,-1988.3295,-0.0038,110.7546,0.00,VEHICLE,0,0,
690.5988,-1989.2355,0.0139,109.5959,0.00,VEHICLE,0,0,
688.6638,-1989.9697,0.0355,108.7972,0.00,VEHICLE,0,0,
686.5018,-1990.7438,0.0656,108.0728,0.00,VEHICLE,0,0,
684.2590,-1991.5070,0.1031,107.4189,0.00,VEHICLE,0,0,
681.7253,-1992.3291,0.1384,106.6878,0.00,VEHICLE,0,0,
679.3863,-1993.0543,0.1502,105.9294,0.00,VEHICLE,0,0,
677.0052,-1993.7574,0.1413,105.0288,0.00,VEHICLE,0,0,
674.8185,-1994.3690,0.1262,104.2031,0.00,VEHICLE,0,0,
672.5476,-1994.9697,0.1123,103.4162,0.00,VEHICLE,0,0,
670.2878,-1995.5358,0.1021,102.7256,0.00,VEHICLE,0,0,
667.9502,-1996.0918,0.0971,102.1099,0.00,VEHICLE,0,0,
665.5498,-1996.6357,0.0984,101.5753,0.00,VEHICLE,0,0,
663.0083,-1997.1859,0.1053,101.1006,0.00,VEHICLE,0,0,
660.6595,-1997.6740,0.1155,100.7261,0.00,VEHICLE,0,0,
658.1399,-1998.1777,0.1296,100.3800,0.00,VEHICLE,0,0,
655.6972,-1998.6490,0.1439,100.0844,0.00,VEHICLE,0,0,
653.1910,-1999.1173,0.1560,99.8079,0.00,VEHICLE,0,0,
650.7280,-1999.5640,0.1628,99.5545,0.00,VEHICLE,0,0,
648.1645,-2000.0165,0.1556,99.3057,0.00,VEHICLE,0,0,
645.3934,-2000.4930,0.1282,99.0529,0.00,VEHICLE,0,0,
642.6049,-2000.9604,0.0845,98.8177,0.00,VEHICLE,0,0,
640.0142,-2001.3845,0.0374,98.6180,0.00,VEHICLE,0,0,
637.1650,-2001.8395,-0.0152,98.4238,0.00,VEHICLE,0,0,
634.1959,-2002.3018,-0.0648,98.2575,0.00,VEHICLE,0,0,
631.1735,-2002.7605,-0.1037,98.1251,0.00,VEHICLE,0,0,
628.3325,-2003.1818,-0.1260,98.0248,0.00,VEHICLE,0,0,
625.3063,-2003.6206,-0.1319,97.9180,0.00,VEHICLE,0,0,
623.1022,-2003.9349,-0.1271,97.8067,0.00,VEHICLE,0,0,
620.3119,-2004.3273,-0.1183,97.5940,0.00,VEHICLE,0,0,
617.7379,-2004.6814,-0.1112,97.3576,0.00,VEHICLE,0,0,
615.1540,-2005.0272,-0.1074,97.1235,0.00,VEHICLE,0,0,
612.5975,-2005.3596,-0.1111,96.9124,0.00,VEHICLE,0,0,
610.0101,-2005.6863,-0.1302,96.7246,0.00,VEHICLE,0,0,
607.3467,-2006.0129,-0.1656,96.5574,0.00,VEHICLE,0,0,
604.6764,-2006.3314,-0.2054,96.4145,0.00,VEHICLE,0,0,
602.0105,-2006.6414,-0.2459,96.2946,0.00,VEHICLE,0,0,
599.2247,-2006.9576,-0.2827,96.1917,0.00,VEHICLE,0,0,
596.4855,-2007.2621,-0.3076,96.1082,0.00,VEHICLE,0,0,
593.8470,-2007.5502,-0.3170,96.0391,0.00,VEHICLE,0,0,
591.1776,-2007.8370,-0.3093,95.9759,0.00,VEHICLE,0,0,
588.6563,-2008.1046,-0.2856,95.9200,0.00,VEHICLE,0,0,
586.1694,-2008.3657,-0.2486,95.8694,0.00,VEHICLE,0,0,
583.4913,-2008.6443,-0.1961,95.8227,0.00,VEHICLE,0,0,
581.0156,-2008.8998,-0.1404,95.7880,0.00,VEHICLE,0,0,
577.9913,-2009.2096,-0.0695,95.7575,0.00,VEHICLE,0,0,
575.3762,-2009.4758,-0.0114,95.7399,0.00,VEHICLE,0,0,
572.7629,-2009.7404,0.0361,95.7281,0.00,VEHICLE,0,0,
570.2834,-2009.9901,0.0668,95.7200,0.00,VEHICLE,0,0,
567.7328,-2010.2461,0.0880,95.7137,0.00,VEHICLE,0,0,
564.9619,-2010.5232,0.1066,95.7072,0.00,VEHICLE,0,0,
561.9733,-2010.8210,0.1273,95.6966,0.00,VEHICLE,0,0,
559.3238,-2011.0845,0.1496,95.6811,0.00,VEHICLE,0,0,
556.6919,-2011.3457,0.1750,95.6628,0.00,VEHICLE,0,0,
554.0632,-2011.6061,0.2035,95.6458,0.00,VEHICLE,0,0,
550.8598,-2011.9230,0.2358,95.6309,0.00,VEHICLE,0,0,
548.0111,-2012.2043,0.2577,95.6227,0.00,VEHICLE,0,0,
544.9991,-2012.5016,0.2683,95.6167,0.00,VEHICLE,0,0,
541.9977,-2012.7979,0.2557,95.6094,0.00,VEHICLE,0,0,
538.7561,-2013.1180,0.2210,95.5981,0.00,VEHICLE,0,0,
535.6984,-2013.4203,0.1729,95.5849,0.00,VEHICLE,0,0,
532.7106,-2013.7158,0.1188,95.5699,0.00,VEHICLE,0,0,
529.6722,-2014.0164,0.0624,95.5551,0.00,VEHICLE,0,0,
526.6647,-2014.3135,0.0090,95.5432,0.00,VEHICLE,0,0,
523.4465,-2014.6307,-0.0429,95.5309,0.00,VEHICLE,0,0,
520.4246,-2014.9276,-0.0873,95.5155,0.00,VEHICLE,0,0,
517.4729,-2015.2162,-0.1285,95.4961,0.00,VEHICLE,0,0,
514.4641,-2015.5089,-0.1702,95.4731,0.00,VEHICLE,0,0,
511.4824,-2015.7974,-0.2124,95.4485,0.00,VEHICLE,0,0,
508.2899,-2016.1046,-0.2558,95.4245,0.00,VEHICLE,0,0,
505.3318,-2016.3878,-0.2925,95.4067,0.00,VEHICLE,0,0,
501.8226,-2016.7223,-0.3242,95.3941,0.00,VEHICLE,0,0,
498.6685,-2017.0217,-0.3365,95.3921,0.00,VEHICLE,0,0,
495.5654,-2017.3156,-0.3289,95.3969,0.00,VEHICLE,0,0,
492.3797,-2017.6168,-0.2965,95.4045,0.00,VEHICLE,0,0,
489.3844,-2017.8999,-0.2452,95.4098,0.00,VEHICLE,0,0,
486.5506,-2018.1681,-0.1821,95.4131,0.00,VEHICLE,0,0,
484.2927,-2018.3821,-0.1257,95.4157,0.00,VEHICLE,0,0,
481.4193,-2018.6547,-0.0529,95.4209,0.00,VEHICLE,0,0,
478.6447,-2018.9181,0.0116,95.4292,0.00,VEHICLE,0,0,
475.6832,-2019.1997,0.0644,95.4407,0.00,VEHICLE,0,0,
472.9127,-2019.4630,0.0910,95.4532,0.00,VEHICLE,0,0,
470.0277,-2019.7374,0.1034,95.4677,0.00,VEHICLE,0,0,
468.0086,-2019.9296,0.1077,95.4783,0.00,VEHICLE,0,0,
465.6463,-2020.1544,0.1118,95.4904,0.00,VEHICLE,0,0,
462.2159,-2020.4816,0.1198,95.4738,0.00,VEHICLE,0,0,
458.9865,-2020.7900,0.1348,95.3565,0.00,VEHICLE,0,0,
455.8452,-2021.0874,0.1557,95.1544,0.00,VEHICLE,0,0,
452.9021,-2021.3595,0.1752,94.9532,0.00,VEHICLE,0,0,
450.6404,-2021.5627,0.1876,94.8087,0.00,VEHICLE,0,0,
447.4487,-2021.8409,0.1982,94.6276,0.00,VEHICLE,0,0,
445.2511,-2022.0266,0.1984,94.5192,0.00,VEHICLE,0,0,
441.6812,-2022.3188,0.1857,94.3677,0.00,VEHICLE,0,0,
438.4369,-2022.5756,0.1574,94.2519,0.00,VEHICLE,0,0,
435.3200,-2022.8153,0.1209,94.1570,0.00,VEHICLE,0,0,
432.0983,-2023.0568,0.0781,94.0728,0.00,VEHICLE,0,0,
428.8849,-2023.2922,0.0339,93.9997,0.00,VEHICLE,0,0,
425.4388,-2023.5396,-0.0115,93.9311,0.00,VEHICLE,0,0,
422.8411,-2023.7229,-0.0442,93.8762,0.00,VEHICLE,0,0,
419.2054,-2023.9762,-0.0886,93.7533,0.00,VEHICLE,0,0,
415.3004,-2024.2428,-0.1448,93.4922,0.00,VEHICLE,0,0,
411.9822,-2024.4597,-0.1967,93.2142,0.00,VEHICLE,0,0,
408.7490,-2024.6584,-0.2443,92.9472,0.00,VEHICLE,0,0,
405.4136,-2024.8485,-0.2822,92.6998,0.00,VEHICLE,0,0,
403.1793,-2024.9672,-0.2988,92.5570,0.00,VEHICLE,0,0,
399.6328,-2025.1416,-0.3053,92.3735,0.00,VEHICLE,0,0,
396.3720,-2025.2880,-0.2837,92.2522,0.00,VEHICLE,0,0,
393.4998,-2025.4076,-0.2439,92.1723,0.00,VEHICLE,0,0,
390.6119,-2025.5208,-0.1904,92.1111,0.00,VEHICLE,0,0,
387.6804,-2025.6305,-0.1282,92.0626,0.00,VEHICLE,0,0,
384.9078,-2025.7313,-0.0661,92.0257,0.00,VEHICLE,0,0,
381.7271,-2025.8448,0.0024,91.9932,0.00,VEHICLE,0,0,
378.4880,-2025.9589,0.0619,91.9705,0.00,VEHICLE,0,0,
375.2177,-2026.0725,0.1050,91.9577,0.00,VEHICLE,0,0,
372.3970,-2026.1696,0.1259,91.9532,0.00,VEHICLE,0,0,
369.5583,-2026.2662,0.1390,91.9523,0.00,VEHICLE,0,0,
366.5446,-2026.3677,0.1489,91.9520,0.00,VEHICLE,0,0,
363.4455,-2026.4707,0.1587,91.9472,0.00,VEHICLE,0,0,
360.5752,-2026.5652,0.1690,91.9381,0.00,VEHICLE,0,0,
357.6790,-2026.6598,0.1781,91.9308,0.00,VEHICLE,0,0,
354.6247,-2026.7593,0.1845,91.9296,0.00,VEHICLE,0,0,
351.7536,-2026.8527,0.1853,91.9360,0.00,VEHICLE,0,0,
348.6890,-2026.9526,0.1783,91.9503,0.00,VEHICLE,0,0,
345.5358,-2027.0563,0.1629,91.9700,0.00,VEHICLE,0,0,
342.5600,-2027.1549,0.1405,91.9903,0.00,VEHICLE,0,0,
339.3970,-2027.2609,0.1100,92.0104,0.00,VEHICLE,0,0,
336.0900,-2027.3737,0.0741,92.0083,0.00,VEHICLE,0,0,
332.6130,-2027.4945,0.0354,91.9306,0.00,VEHICLE,0,0,
329.0279,-2027.6196,-0.0094,91.7231,0.00,VEHICLE,0,0,
325.1917,-2027.7479,-0.0688,91.3249,0.00,VEHICLE,0,0,
321.8676,-2027.8462,-0.1265,90.9125,0.00,VEHICLE,0,0,
318.8307,-2027.9200,-0.1788,90.5406,0.00,VEHICLE,0,0,
315.7499,-2027.9773,-0.2301,90.1920,0.00,VEHICLE,0,0,
312.6218,-2028.0161,-0.2781,89.8771,0.00,VEHICLE,0,0,
309.5839,-2028.0355,-0.3145,89.6232,0.00,VEHICLE,0,0,
306.4813,-2028.0375,-0.3348,89.4268,0.00,VEHICLE,0,0,
303.6251,-2028.0250,-0.3329,89.3015,0.00,VEHICLE,0,0,
300.8401,-2028.0013,-0.3071,89.2245,0.00,VEHICLE,0,0,
298.0652,-2027.9691,-0.2619,89.1768,0.00,VEHICLE,0,0,
295.3889,-2027.9327,-0.2051,89.1494,0.00,VEHICLE,0,0,
292.7668,-2027.8945,-0.1422,89.1350,0.00,VEHICLE,0,0,
290.1221,-2027.8550,-0.0752,89.1301,0.00,VEHICLE,0,0,
287.4972,-2027.8157,-0.0112,89.1338,0.00,VEHICLE,0,0,
284.8475,-2027.7760,0.0419,89.1445,0.00,VEHICLE,0,0,
282.1493,-2027.7355,0.0786,89.1606,0.00,VEHICLE,0,0,
279.1280,-2027.6896,0.1067,89.1831,0.00,VEHICLE,0,0,
276.3832,-2027.6473,0.1250,89.2045,0.00,VEHICLE,0,0,
273.4333,-2027.6013,0.1418,89.2236,0.00,VEHICLE,0,0,
270.6038,-2027.5568,0.1577,89.2357,0.00,VEHICLE,0,0,
267.8210,-2027.5128,0.1740,89.2450,0.00,VEHICLE,0,0,
265.0148,-2027.4690,0.1901,89.2577,0.00,VEHICLE,0,0,
261.4219,-2027.4144,0.2040,89.2916,0.00,VEHICLE,0,0,
258.4114,-2027.3708,0.2062,89.3315,0.00,VEHICLE,0,0,
255.3653,-2027.3291,0.1938,89.3758,0.00,VEHICLE,0,0,
252.2478,-2027.2893,0.1657,89.4208,0.00,VEHICLE,0,0,
249.1670,-2027.2531,0.1288,89.4613,0.00,VEHICLE,0,0,
246.0583,-2027.2198,0.0851,89.4959,0.00,VEHICLE,0,0,
242.8374,-2027.1888,0.0370,89.5254,0.00,VEHICLE,0,0,
239.6599,-2027.1615,-0.0100,89.5505,0.00,VEHICLE,0,0,
236.4868,-2027.1372,-0.0545,89.5746,0.00,VEHICLE,0,0,
233.1640,-2027.1141,-0.0979,89.5990,0.00,VEHICLE,0,0,
229.9977,-2027.0938,-0.1369,89.6174,0.00,VEHICLE,0,0,
226.7082,-2027.0736,-0.1747,89.6298,0.00,VEHICLE,0,0,
223.5779,-2027.0551,-0.2073,89.6366,0.00,VEHICLE,0,0,
220.4079,-2027.0364,-0.2318,89.6463,0.00,VEHICLE,0,0,
217.1021,-2027.0170,-0.2437,89.6654,0.00,VEHICLE,0,0,
214.8457,-2027.0039,-0.2405,89.6856,0.00,VEHICLE,0,0,
211.3885,-2026.9847,-0.2158,89.7002,0.00,VEHICLE,0,0,
209.2155,-2026.9736,-0.1913,89.6719,0.00,VEHICLE,0,0,
205.8943,-2026.9573,-0.1469,89.5199,0.00,VEHICLE,0,0,
202.9222,-2026.9401,-0.1079,89.2347,0.00,VEHICLE,0,0,
199.9250,-2026.9147,-0.0759,88.7780,0.00,VEHICLE,0,0,
196.9501,-2026.8745,-0.0552,88.1438,0.00,VEHICLE,0,0,
194.0732,-2026.8137,-0.0460,87.3600,0.00,VEHICLE,0,0,
191.1302,-2026.7211,-0.0459,86.3931,0.00,VEHICLE,0,0,
188.1673,-2026.5890,-0.0526,85.2573,0.00,VEHICLE,0,0,
185.2206,-2026.4105,-0.0633,83.9593,0.00,VEHICLE,0,0,
182.5384,-2026.2006,-0.0755,82.6252,0.00,VEHICLE,0,0,
179.8743,-2025.9386,-0.0892,81.1470,0.00,VEHICLE,0,0,
177.3796,-2025.6372,-0.1029,79.6178,0.00,VEHICLE,0,0,
174.8328,-2025.2646,-0.1199,77.8935,0.00,VEHICLE,0,0,
172.4604,-2024.8521,-0.1403,76.1286,0.00,VEHICLE,0,0,
170.0731,-2024.3641,-0.1662,74.1877,0.00,VEHICLE,0,0,
167.6464,-2023.7854,-0.1996,72.0320,0.00,VEHICLE,0,0,
165.3638,-2023.1575,-0.2368,69.8444,0.00,VEHICLE,0,0,
163.0879,-2022.4413,-0.2777,67.5117,0.00,VEHICLE,0,0,
160.9389,-2021.6742,-0.3172,65.1698,0.00,VEHICLE,0,0,
158.8907,-2020.8513,-0.3516,62.7977,0.00,VEHICLE,0,0,
156.8381,-2019.9247,-0.3782,60.2513,0.00,VEHICLE,0,0,
155.0100,-2019.0015,-0.3890,57.9192,0.00,VEHICLE,0,0,
151.5351,-2016.9442,-0.3462,53.8736,0.00,VEHICLE,0,0,
149.8602,-2015.8087,-0.2941,52.1890,0.00,VEHICLE,0,0,
148.2034,-2014.6001,-0.2273,50.7080,0.00,VEHICLE,0,0,
146.5192,-2013.2938,-0.1554,49.4016,0.00,VEHICLE,0,0,
144.8759,-2011.9532,-0.0983,48.3211,0.00,VEHICLE,0,0,
143.0405,-2010.3865,-0.0575,47.3227,0.00,VEHICLE,0,0,
141.2863,-2008.8286,-0.0445,46.5421,0.00,VEHICLE,0,0,
139.5302,-2007.2144,-0.0528,45.9080,0.00,VEHICLE,0,0,
137.7180,-2005.4973,-0.0669,45.3803,0.00,VEHICLE,0,0,
135.9620,-2003.7920,-0.0732,44.9418,0.00,VEHICLE,0,0,
132.9733,-2000.8115,-0.0574,44.1772,0.00,VEHICLE,0,0,
129.6858,-1997.4414,-0.0108,43.0482,0.00,VEHICLE,0,0,
128.1687,-1995.8489,0.0139,42.3527,0.00,VEHICLE,0,0,
125.5556,-1993.0364,0.0489,40.8559,0.00,VEHICLE,0,0,
123.6749,-1990.9404,0.0614,39.5192,0.00,VEHICLE,0,0,
122.0672,-1989.0861,0.0623,38.2629,0.00,VEHICLE,0,0,
120.5228,-1987.2361,0.0591,37.0718,0.00,VEHICLE,0,0,
118.8549,-1985.1530,0.0513,35.8619,0.00,VEHICLE,0,0,
117.3218,-1983.1586,0.0380,34.8367,0.00,VEHICLE,0,0,
115.7142,-1980.9823,0.0168,33.8575,0.00,VEHICLE,0,0,
114.2493,-1978.9250,-0.0083,33.0479,0.00,VEHICLE,0,0,
112.4694,-1976.3296,-0.0444,32.1613,0.00,VEHICLE,0,0,
111.1581,-1974.3539,-0.0719,31.5278,0.00,VEHICLE,0,0,
109.4546,-1971.7122,-0.1092,30.6453,0.00,VEHICLE,0,0,
108.0777,-1969.5084,-0.1432,29.8144,0.00,VEHICLE,0,0,
106.4814,-1966.8727,-0.1887,28.6725,0.00,VEHICLE,0,0,
104.9793,-1964.2906,-0.2368,27.3698,0.00,VEHICLE,0,0,
103.7098,-1962.0101,-0.2794,26.0534,0.00,VEHICLE,0,0,
102.3925,-1959.5127,-0.3225,24.4003,0.00,VEHICLE,0,0,
101.2619,-1957.2238,-0.3487,22.7874,0.00,VEHICLE,0,0,
100.2456,-1955.0029,-0.3480,21.2963,0.00,VEHICLE,0,0,
99.3117,-1952.7878,-0.3155,19.9478,0.00,VEHICLE,0,0,
98.4740,-1950.6357,-0.2542,18.7942,0.00,VEHICLE,0,0,
97.7422,-1948.6191,-0.1742,17.8614,0.00,VEHICLE,0,0,
97.0543,-1946.6060,-0.0818,17.0705,0.00,VEHICLE,0,0,
96.3963,-1944.5768,0.0148,16.4030,0.00,VEHICLE,0,0,
95.7394,-1942.4550,0.1100,15.8287,0.00,VEHICLE,0,0,
95.1006,-1940.3049,0.1875,15.3542,0.00,VEHICLE,0,0,
94.4168,-1937.9125,0.2450,14.9290,0.00,VEHICLE,0,0,
93.7281,-1935.4132,0.2749,14.5750,0.00,VEHICLE,0,0,
92.7501,-1931.7242,0.2825,14.1523,0.00,VEHICLE,0,0,
92.0308,-1928.9199,0.2643,13.8186,0.00,VEHICLE,0,0,
91.3279,-1926.1066,0.2283,13.4151,0.00,VEHICLE,0,0,
90.5723,-1922.9915,0.1627,12.8772,0.00,VEHICLE,0,0,
89.8802,-1920.0342,0.0816,12.3571,0.00,VEHICLE,0,0,
89.2240,-1917.1218,-0.0070,11.8945,0.00,VEHICLE,0,0,
88.6073,-1914.2831,-0.0935,11.5019,0.00,VEHICLE,0,0,
87.9989,-1911.3846,-0.1761,11.1572,0.00,VEHICLE,0,0,
87.4199,-1908.5387,-0.2463,10.8664,0.00,VEHICLE,0,0,
86.8234,-1905.5195,-0.3026,10.6054,0.00,VEHICLE,0,0,
86.2746,-1902.6677,-0.3347,10.3986,0.00,VEHICLE,0,0,
85.7436,-1899.8412,-0.3384,10.2272,0.00,VEHICLE,0,0,
84.9138,-1895.2965,-0.2703,10.0242,0.00,VEHICLE,0,0,
84.4568,-1892.7358,-0.1953,9.9429,0.00,VEHICLE,0,0,
84.0037,-1890.1652,-0.1034,9.8777,0.00,VEHICLE,0,0,
83.5807,-1887.7445,-0.0111,9.8257,0.00,VEHICLE,0,0,
83.1497,-1885.2623,0.0814,9.7793,0.00,VEHICLE,0,0,
82.3500,-1880.6350,0.2089,9.7068,0.00,VEHICLE,0,0,
81.8805,-1877.9110,0.2390,9.6714,0.00,VEHICLE,0,0,
81.5229,-1875.8323,0.2385,9.6462,0.00,VEHICLE,0,0,
81.1713,-1873.7871,0.2223,9.6128,0.00,VEHICLE,0,0,
80.6162,-1870.5522,0.1840,9.4972,0.00,VEHICLE,0,0,
80.1044,-1867.5546,0.1441,9.2721,0.00,VEHICLE,0,0,
79.5848,-1864.4729,0.0990,8.8851,0.00,VEHICLE,0,0,
79.0924,-1861.4746,0.0534,8.3701,0.00,VEHICLE,0,0,
78.6429,-1858.6185,0.0129,7.8552,0.00,VEHICLE,0,0,
78.1981,-1855.6333,-0.0281,7.3485,0.00,VEHICLE,0,0,
77.7636,-1852.5277,-0.0695,6.8736,0.00,VEHICLE,0,0,
77.3647,-1849.4849,-0.1070,6.4635,0.00,VEHICLE,0,0,
76.9917,-1846.4497,-0.1379,6.1103,0.00,VEHICLE,0,0,
76.6278,-1843.2947,-0.1587,5.8007,0.00,VEHICLE,0,0,
76.2745,-1840.0353,-0.1650,5.5358,0.00,VEHICLE,0,0,
75.9487,-1836.8546,-0.1573,5.3189,0.00,VEHICLE,0,0,
75.6305,-1833.5870,-0.1381,5.1282,0.00,VEHICLE,0,0,
75.3266,-1830.3269,-0.1128,4.9635,0.00,VEHICLE,0,0,
75.0430,-1827.1698,-0.0872,4.8281,0.00,VEHICLE,0,0,
74.7708,-1824.0454,-0.0632,4.7173,0.00,VEHICLE,0,0,
74.4956,-1820.7979,-0.0422,4.6252,0.00,VEHICLE,0,0,
74.2465,-1817.7902,-0.0269,4.5576,0.00,VEHICLE,0,0,
73.9844,-1814.5565,-0.0161,4.5001,0.00,VEHICLE,0,0,
73.7178,-1811.2024,-0.0108,4.4533,0.00,VEHICLE,0,0,
73.4591,-1807.8939,-0.0112,4.4178,0.00,VEHICLE,0,0,
73.2953,-1805.7738,-0.0142,4.4002,0.00,VEHICLE,0,0,
73.0279,-1802.2795,-0.0217,4.3777,0.00,VEHICLE,0,0,
72.7654,-1798.8170,-0.0284,4.3586,0.00,VEHICLE,0,0,
72.5042,-1795.3527,-0.0272,4.3341,0.00,VEHICLE,0,0,
72.3376,-1793.1364,-0.0211,4.3164,0.00,VEHICLE,0,0,
72.0782,-1789.6790,-0.0017,4.2907,0.00,VEHICLE,0,0,
71.8360,-1786.4469,0.0230,4.2752,0.00,VEHICLE,0,0,
71.5942,-1783.2158,0.0509,4.2684,0.00,VEHICLE,0,0,
71.3557,-1780.0236,0.0795,4.2659,0.00,VEHICLE,0,0,
71.1655,-1777.4769,0.1011,4.2636,0.00,VEHICLE,0,0,
70.9926,-1775.1599,0.1193,4.2609,0.00,VEHICLE,0,0,
70.7301,-1771.6447,0.1418,4.2549,0.00,VEHICLE,0,0,
70.4766,-1768.2510,0.1540,4.2447,0.00,VEHICLE,0,0,
70.2266,-1764.9063,0.1526,4.2304,0.00,VEHICLE,0,0,
69.9765,-1761.5645,0.1276,4.2119,0.00,VEHICLE,0,0,
69.7089,-1757.9874,0.0752,4.1880,0.00,VEHICLE,0,0,
69.4555,-1754.5929,0.0015,4.1625,0.00,VEHICLE,0,0,
69.2648,-1752.0288,-0.0617,4.1423,0.00,VEHICLE,0,0,
68.9963,-1748.4006,-0.1547,4.1141,0.00,VEHICLE,0,0,
68.8163,-1745.9510,-0.2146,4.0966,0.00,VEHICLE,0,0,
68.5391,-1742.1455,-0.2975,4.0689,0.00,VEHICLE,0,0,
68.3704,-1739.8091,-0.3382,4.0498,0.00,VEHICLE,0,0,
68.1858,-1737.2323,-0.3674,4.0253,0.00,VEHICLE,0,0,
67.9843,-1734.3945,-0.3716,3.9912,0.00,VEHICLE,0,0,
67.7878,-1731.6006,-0.3321,3.9375,0.00,VEHICLE,0,0,
67.6460,-1729.5652,-0.2784,3.8866,0.00,VEHICLE,0,0,
67.3287,-1724.9045,-0.0863,3.7528,0.00,VEHICLE,0,0,
67.1553,-1722.2823,0.0401,3.6792,0.00,VEHICLE,0,0,
66.9786,-1719.5552,0.1664,3.6107,0.00,VEHICLE,0,0,
66.7916,-1716.6260,0.2760,3.5437,0.00,VEHICLE,0,0,
66.6043,-1713.6646,0.3534,3.4808,0.00,VEHICLE,0,0,
66.4501,-1711.2198,0.3860,3.4306,0.00,VEHICLE,0,0,
66.3040,-1708.9019,0.3922,3.3848,0.00,VEHICLE,0,0,
66.1311,-1706.1542,0.3828,3.3314,0.00,VEHICLE,0,0,
65.9772,-1703.6970,0.3674,3.2841,0.00,VEHICLE,0,0,
65.8438,-1701.5548,0.3512,3.2429,0.00,VEHICLE,0,0,
65.7057,-1699.3198,0.3324,3.1980,0.00,VEHICLE,0,0,
65.5730,-1697.1521,0.3130,3.1516,0.00,VEHICLE,0,0,
65.3773,-1693.9019,0.2832,3.0718,0.00,VEHICLE,0,0,
65.2492,-1691.7294,0.2586,3.0133,0.00,VEHICLE,0,0,
65.1141,-1689.3931,0.2228,2.9447,0.00,VEHICLE,0,0,
64.9859,-1687.1270,0.1755,2.8747,0.00,VEHICLE,0,0,
64.8597,-1684.8463,0.1129,2.8023,0.00,VEHICLE,0,0,
64.6962,-1681.7969,0.0155,2.7060,0.00,VEHICLE,0,0,
64.5470,-1678.9115,-0.0839,2.6174,0.00,VEHICLE,0,0,
64.4120,-1676.2009,-0.1784,2.5379,0.00,VEHICLE,0,0,
64.2770,-1673.3757,-0.2709,2.4607,0.00,VEHICLE,0,0,
64.1460,-1670.5143,-0.3547,2.3828,0.00,VEHICLE,0,0,
64.0420,-1668.1495,-0.4136,2.3156,0.00,VEHICLE,0,0,
63.9359,-1665.6443,-0.4588,2.2370,0.00,VEHICLE,0,0,
63.8274,-1662.9780,-0.4790,2.1386,0.00,VEHICLE,0,0,
63.7458,-1660.9016,-0.4700,2.0609,0.00,VEHICLE,0,0,
63.6515,-1658.4009,-0.4184,1.9530,0.00,VEHICLE,0,0,
63.5703,-1656.1437,-0.3410,1.8532,0.00,VEHICLE,0,0,
63.4549,-1652.7183,-0.1857,1.7096,0.00,VEHICLE,0,0,
63.3535,-1649.4213,-0.0455,1.6600,0.00,VEHICLE,0,0,
63.2823,-1647.0061,0.0187,1.6912,0.00,VEHICLE,0,0,
63.2129,-1644.6755,0.0390,1.7386,0.00,VEHICLE,0,0,
63.1426,-1642.3768,0.0317,1.7875,0.00,VEHICLE,0,0,
63.0617,-1639.8282,0.0040,1.8368,0.00,VEHICLE,0,0,
62.9766,-1637.2506,-0.0283,1.8783,0.00,VEHICLE,0,0,
62.8994,-1634.9830,-0.0546,1.9092,0.00,VEHICLE,0,0,
62.8142,-1632.5427,-0.0769,1.9391,0.00,VEHICLE,0,0,
62.7130,-1629.7053,-0.0901,1.9715,0.00,VEHICLE,0,0,
62.6244,-1627.2505,-0.0877,2.0020,0.00,VEHICLE,0,0,
62.5370,-1624.8490,-0.0705,2.0372,0.00,VEHICLE,0,0,
62.4438,-1622.2960,-0.0346,2.0788,0.00,VEHICLE,0,0,
62.3585,-1619.9696,0.0113,2.1156,0.00,VEHICLE,0,0,
62.2470,-1616.9329,0.0853,2.1855,0.00,VEHICLE,0,0,
62.1517,-1614.3340,0.1503,2.3509,0.00,VEHICLE,0,0,
62.0522,-1611.6729,0.2025,2.7209,0.00,VEHICLE,0,0,
61.9492,-1609.1566,0.2366,3.1982,0.00,VEHICLE,0,0,
61.8351,-1606.7198,0.2607,3.6776,0.00,VEHICLE,0,0,
61.6949,-1604.1205,0.2759,4.1631,0.00,VEHICLE,0,0,
61.3524,-1598.8397,0.2685,5.0149,0.00,VEHICLE,0,0,
61.1130,-1595.6423,0.2470,5.4540,0.00,VEHICLE,0,0,
60.6509,-1590.1520,0.1831,6.0982,0.00,VEHICLE,0,0,
60.0349,-1583.6877,0.0585,6.7435,0.00,VEHICLE,0,0,
59.6646,-1580.1206,-0.0272,7.0000,0.00,VEHICLE,0,0,
59.1929,-1575.8351,-0.1344,7.2030,0.00,VEHICLE,0,0,
58.9019,-1573.2947,-0.1926,7.2877,0.00,VEHICLE,0,0,
58.3772,-1568.8763,-0.2702,7.3876,0.00,VEHICLE,0,0,
57.5677,-1562.4205,-0.3047,7.5230,0.00,VEHICLE,0,0,
57.1285,-1559.0383,-0.2681,7.6103,0.00,VEHICLE,0,0,
56.5957,-1555.0011,-0.1641,7.7315,0.00,VEHICLE,0,0,
56.2031,-1552.0537,-0.0655,7.8131,0.00,VEHICLE,0,0,
55.7676,-1548.8134,0.0509,7.8802,0.00,VEHICLE,0,0,
55.3301,-1545.5989,0.1604,7.8619,0.00,VEHICLE,0,0,
54.8850,-1542.3722,0.2444,7.6628,0.00,VEHICLE,0,0,
54.4686,-1539.3529,0.2871,7.3831,0.00,VEHICLE,0,0,
54.1021,-1536.6654,0.2898,7.1235,0.00,VEHICLE,0,0,
53.7785,-1534.2576,0.2652,6.8973,0.00,VEHICLE,0,0,
53.3684,-1531.1340,0.2111,6.6217,0.00,VEHICLE,0,0,
52.6927,-1525.7751,0.0987,6.2030,0.00,VEHICLE,0,0,
52.3367,-1522.8210,0.0388,6.0024,0.00,VEHICLE,0,0,
52.0495,-1520.3528,-0.0073,5.8494,0.00,VEHICLE,0,0,
51.6309,-1516.5846,-0.0673,5.6321,0.00,VEHICLE,0,0,
51.3971,-1514.3883,-0.0961,5.5105,0.00,VEHICLE,0,0,
50.9431,-1509.9204,-0.1348,5.2816,0.00,VEHICLE,0,0,
50.6668,-1507.0728,-0.1443,5.1483,0.00,VEHICLE,0,0,
50.4576,-1504.8499,-0.1425,5.0526,0.00,VEHICLE,0,0,
50.1926,-1501.9484,-0.1268,4.9416,0.00,VEHICLE,0,0,
49.9939,-1499.7230,-0.1079,4.8675,0.00,VEHICLE,0,0,
49.7881,-1497.3759,-0.0837,4.8031,0.00,VEHICLE,0,0,
49.5638,-1494.7738,-0.0546,4.7491,0.00,VEHICLE,0,0,
49.3555,-1492.3252,-0.0282,4.7139,0.00,VEHICLE,0,0,
49.1699,-1490.1188,-0.0069,4.6941,0.00,VEHICLE,0,0,
48.9428,-1487.3898,0.0142,4.6826,0.00,VEHICLE,0,0,
48.7200,-1484.6854,0.0284,4.6816,0.00,VEHICLE,0,0,
48.5162,-1482.1923,0.0356,4.6870,0.00,VEHICLE,0,0,
48.2779,-1479.2545,0.0361,4.6981,0.00,VEHICLE,0,0,
48.0887,-1476.9120,0.0314,4.7091,0.00,VEHICLE,0,0,
47.9006,-1474.5747,0.0230,4.7210,0.00,VEHICLE,0,0,
47.6924,-1471.9830,0.0099,4.7364,0.00,VEHICLE,0,0,
47.4815,-1469.3538,-0.0063,4.7800,0.00,VEHICLE,0,0,
47.2783,-1466.8201,-0.0220,4.8863,0.00,VEHICLE,0,0,
47.0459,-1463.9424,-0.0448,5.1380,0.00,VEHICLE,0,0,
46.8369,-1461.4083,-0.0697,5.4959,0.00,VEHICLE,0,0,
46.6083,-1458.7665,-0.0958,5.9633,0.00,VEHICLE,0,0,
46.3948,-1456.4556,-0.1129,6.3864,0.00,VEHICLE,0,0,
46.0174,-1452.7371,-0.1231,7.0350,0.00,VEHICLE,0,0,
45.6428,-1449.4167,-0.1164,7.5572,0.00,VEHICLE,0,0,
45.2290,-1446.0643,-0.0955,8.0235,0.00,VEHICLE,0,0,
44.7914,-1442.7758,-0.0636,8.4227,0.00,VEHICLE,0,0,
44.4887,-1440.6146,-0.0385,8.6549,0.00,VEHICLE,0,0,
44.0099,-1437.3368,0.0022,8.9644,0.00,VEHICLE,0,0,
43.5172,-1434.1014,0.0405,9.2233,0.00,VEHICLE,0,0,
43.1739,-1431.9113,0.0629,9.3745,0.00,VEHICLE,0,0,
42.8034,-1429.5953,0.0820,9.5151,0.00,VEHICLE,0,0,
42.3895,-1427.0569,0.0963,9.6486,0.00,VEHICLE,0,0,
41.8114,-1423.5819,0.1031,9.8016,0.00,VEHICLE,0,0,
41.4188,-1421.2615,0.0989,9.8866,0.00,VEHICLE,0,0,
41.0040,-1418.8401,0.0881,9.9625,0.00,VEHICLE,0,0,
40.5761,-1416.3693,0.0710,10.0284,0.00,VEHICLE,0,0,
40.1277,-1413.8063,0.0485,10.0859,0.00,VEHICLE,0,0,
39.6560,-1411.1361,0.0215,10.1249,0.00,VEHICLE,0,0,
39.1893,-1408.5171,-0.0061,10.1126,0.00,VEHICLE,0,0,
38.6683,-1405.6151,-0.0398,9.9863,0.00,VEHICLE,0,0,
38.1707,-1402.8485,-0.0775,9.7065,0.00,VEHICLE,0,0,
37.7000,-1400.2111,-0.1197,9.2629,0.00,VEHICLE,0,0,
37.2084,-1397.3923,-0.1702,8.5772,0.00,VEHICLE,0,0,
36.7618,-1394.7212,-0.2201,7.7288,0.00,VEHICLE,0,0,
36.3930,-1392.3687,-0.2584,6.8912,0.00,VEHICLE,0,0,
36.0600,-1390.0415,-0.2823,6.0695,0.00,VEHICLE,0,0,
35.7783,-1387.8368,-0.2869,5.3442,0.00,VEHICLE,0,0,
35.5429,-1385.7417,-0.2724,4.7271,0.00,VEHICLE,0,0,
35.3383,-1383.6436,-0.2392,4.1891,0.00,VEHICLE,0,0,
35.0301,-1379.7802,-0.1422,3.3846,0.00,VEHICLE,0,0,
34.7445,-1375.1692,-0.0004,2.6858,0.00,VEHICLE,0,0,
34.5892,-1372.1547,0.0831,2.3421,0.00,VEHICLE,0,0,
34.4929,-1370.0868,0.1209,2.1483,0.00,VEHICLE,0,0,
34.4021,-1367.9889,0.1402,1.9706,0.00,VEHICLE,0,0,
34.3038,-1365.5216,0.1444,1.7502,0.00,VEHICLE,0,0,
34.2150,-1363.0801,0.1302,1.4873,0.00,VEHICLE,0,0,
34.1497,-1361.0780,0.1063,1.2468,0.00,VEHICLE,0,0,
34.0623,-1357.8560,0.0599,0.8683,0.00,VEHICLE,0,0,
33.9986,-1354.6846,0.0113,0.5373,0.00,VEHICLE,0,0,
33.9678,-1352.5625,-0.0201,0.3429,0.00,VEHICLE,0,0,
33.9373,-1349.3832,-0.0627,0.0907,0.00,VEHICLE,0,0,
33.9255,-1347.0133,-0.0895,359.9312,0.00,VEHICLE,0,0,
33.9213,-1344.8411,-0.1098,359.8032,0.00,VEHICLE,0,0,
33.9255,-1341.5630,-0.1314,359.6397,0.00,VEHICLE,0,0,
33.9340,-1339.3826,-0.1389,359.5480,0.00,VEHICLE,0,0,
33.9536,-1336.1738,-0.1395,359.4340,0.00,VEHICLE,0,0,
33.9722,-1333.8428,-0.1322,359.3636,0.00,VEHICLE,0,0,
33.9932,-1331.5538,-0.1192,359.2833,0.00,VEHICLE,0,0,
34.0214,-1328.7898,-0.1018,359.1148,0.00,VEHICLE,0,0,
34.0493,-1326.3770,-0.0901,358.8591,0.00,VEHICLE,0,0,
34.0844,-1323.8401,-0.0855,358.4237,0.00,VEHICLE,0,0,
34.1367,-1320.9814,-0.0934,357.6682,0.00,VEHICLE,0,0,
34.1989,-1318.5414,-0.1086,356.8287,0.00,VEHICLE,0,0,
34.2800,-1316.2651,-0.1218,356.0014,0.00,VEHICLE,0,0,
34.3908,-1313.9565,-0.1291,355.1948,0.00,VEHICLE,0,0,
34.5369,-1311.5875,-0.1287,354.4339,0.00,VEHICLE,0,0,
34.8333,-1307.8770,-0.1155,353.3878,0.00,VEHICLE,0,0,
35.1649,-1304.5514,-0.0936,352.5793,0.00,VEHICLE,0,0,
35.4500,-1302.0734,-0.0723,352.0477,0.00,VEHICLE,0,0,
35.7519,-1299.6785,-0.0490,351.5848,0.00,VEHICLE,0,0,
36.0882,-1297.2043,-0.0240,351.1567,0.00,VEHICLE,0,0,
36.4708,-1294.5631,0.0023,350.7328,0.00,VEHICLE,0,0,
36.8796,-1291.8837,0.0233,350.2835,0.00,VEHICLE,0,0,
37.2650,-1289.4634,0.0337,349.8151,0.00,VEHICLE,0,0,
37.6715,-1287.0111,0.0320,349.2166,0.00,VEHICLE,0,0,
38.1223,-1284.4148,0.0136,348.3882,0.00,VEHICLE,0,0,
38.6469,-1281.5765,-0.0253,347.2350,0.00,VEHICLE,0,0,
39.1403,-1279.0948,-0.0712,346.0342,0.00,VEHICLE,0,0,
39.6436,-1276.7546,-0.1215,344.7420,0.00,VEHICLE,0,0,
40.1636,-1274.5299,-0.1732,343.3745,0.00,VEHICLE,0,0,
40.7283,-1272.3180,-0.2259,341.8750,0.00,VEHICLE,0,0,
41.3308,-1270.1683,-0.2750,340.2908,0.00,VEHICLE,0,0,
42.2938,-1267.1337,-0.3216,338.0613,0.00,VEHICLE,0,0,
43.6370,-1263.5309,-0.3145,335.6843,0.00,VEHICLE,0,0,
44.4687,-1261.5598,-0.2736,334.5765,0.00,VEHICLE,0,0,
45.9691,-1258.2961,-0.1666,333.0475,0.00,VEHICLE,0,0,
47.6539,-1254.9081,-0.0293,331.8536,0.00,VEHICLE,0,0,
49.3880,-1251.5972,0.0843,330.9943,0.00,VEHICLE,0,0,
51.1867,-1248.2896,0.1302,330.3718,0.00,VEHICLE,0,0,
53.0799,-1244.9152,0.1110,329.9213,0.00,VEHICLE,0,0,
54.5019,-1242.4368,0.0789,329.6833,0.00,VEHICLE,0,0,
56.9671,-1238.2228,0.0276,329.4043,0.00,VEHICLE,0,0,
58.1688,-1236.1957,0.0082,329.3125,0.00,VEHICLE,0,0,
59.3712,-1234.1790,-0.0073,329.2505,0.00,VEHICLE,0,0,
60.5650,-1232.1855,-0.0184,329.2648,0.00,VEHICLE,0,0,
61.7193,-1230.2634,-0.0272,329.4078,0.00,VEHICLE,0,0,
63.3140,-1227.6046,-0.0418,329.8427,0.00,VEHICLE,0,0,
64.8419,-1225.0278,-0.0498,330.3485,0.00,VEHICLE,0,0,
66.3819,-1222.3835,-0.0485,330.8511,0.00,VEHICLE,0,0,
67.8894,-1219.7417,-0.0400,331.3058,0.00,VEHICLE,0,0,
68.9773,-1217.8010,-0.0306,331.6063,0.00,VEHICLE,0,0,
70.0931,-1215.7817,-0.0190,331.8912,0.00,VEHICLE,0,0,
71.2527,-1213.6548,-0.0057,332.1869,0.00,VEHICLE,0,0,
72.3484,-1211.6217,0.0038,332.5152,0.00,VEHICLE,0,0,
73.4649,-1209.5271,0.0048,332.9690,0.00,VEHICLE,0,0,
74.5665,-1207.4333,-0.0067,333.5832,0.00,VEHICLE,0,0,
75.6685,-1205.3018,-0.0319,334.3842,0.00,VEHICLE,0,0,
76.7261,-1203.2072,-0.0678,335.3353,0.00,VEHICLE,0,0,
78.2017,-1200.1715,-0.1322,336.9643,0.00,VEHICLE,0,0,
79.5608,-1197.1990,-0.1886,338.5953,0.00,VEHICLE,0,0,
80.7596,-1194.3809,-0.2214,340.0001,0.00,VEHICLE,0,0,
81.8494,-1191.6166,-0.2309,341.2193,0.00,VEHICLE,0,0,
82.6457,-1189.4508,-0.2236,342.0695,0.00,VEHICLE,0,0,
83.3872,-1187.3158,-0.2063,342.8277,0.00,VEHICLE,0,0,
84.1982,-1184.8386,-0.1789,343.6100,0.00,VEHICLE,0,0,
84.8706,-1182.6813,-0.1547,344.2476,0.00,VEHICLE,0,0,
85.5642,-1180.3589,-0.1359,344.9781,0.00,VEHICLE,0,0,
86.2174,-1178.0870,-0.1572,345.7312,0.00,VEHICLE,0,0,
86.8784,-1175.6893,-0.2319,346.6092,0.00,VEHICLE,0,0,
87.4093,-1173.6711,-0.3285,347.4571,0.00,VEHICLE,0,0,
88.2976,-1169.9901,-0.3982,349.3983,0.00,VEHICLE,0,0,
88.7726,-1167.7583,-0.4359,350.8629,0.00,VEHICLE,0,0,
89.1669,-1165.6552,-0.4880,352.4761,0.00,VEHICLE,0,0,
89.4990,-1163.5581,-0.5435,354.3720,0.00,VEHICLE,0,0,
89.8568,-1160.4430,-0.6077,357.8574,0.00,VEHICLE,0,0,
89.9936,-1158.1598,-0.6355,0.9480,0.00,VEHICLE,0,0,
89.9932,-1155.5865,-0.6403,4.7204,0.00,VEHICLE,0,0,
89.8233,-1153.1053,-0.5424,7.9105,0.00,VEHICLE,0,0,
89.4370,-1150.1248,-0.3271,10.6287,0.00,VEHICLE,0,0,
89.0613,-1147.9487,-0.2132,12.0070,0.00,VEHICLE,0,0,
88.4628,-1144.9906,-0.1407,13.3683,0.00,VEHICLE,0,0,
87.8513,-1142.2853,-0.1342,14.2696,0.00,VEHICLE,0,0,
87.1279,-1139.3240,-0.1304,15.0199,0.00,VEHICLE,0,0,
86.5479,-1137.0719,-0.1118,15.6047,0.00,VEHICLE,0,0,
85.6209,-1133.6534,-0.0711,16.5636,0.00,VEHICLE,0,0,
84.5829,-1130.0701,-0.0415,17.4089,0.00,VEHICLE,0,0,
83.4378,-1126.3405,-0.0265,18.0769,0.00,VEHICLE,0,0,
82.7327,-1124.1277,-0.0105,18.3886,0.00,VEHICLE,0,0,
81.9793,-1121.8173,0.0130,18.6565,0.00,VEHICLE,0,0,
80.8813,-1118.5256,0.0569,18.9558,0.00,VEHICLE,0,0,
79.7126,-1115.0941,0.1070,19.1834,0.00,VEHICLE,0,0,
78.3366,-1111.1195,0.1537,19.3555,0.00,VEHICLE,0,0,
77.4476,-1108.5802,0.1718,19.3817,0.00,VEHICLE,0,0,
76.5667,-1106.0818,0.1724,19.2418,0.00,VEHICLE,0,0,
75.8191,-1103.9686,0.1531,18.9202,0.00,VEHICLE,0,0,
75.1306,-1102.0173,0.1196,18.4157,0.00,VEHICLE,0,0,
74.1972,-1099.3352,0.0524,17.3393,0.00,VEHICLE,0,0,
73.4728,-1097.1960,-0.0102,16.2295,0.00,VEHICLE,0,0,
72.7670,-1095.0256,-0.0760,14.8975,0.00,VEHICLE,0,0,
72.0272,-1092.6066,-0.1468,13.1906,0.00,VEHICLE,0,0,
71.3593,-1090.2262,-0.2120,11.2886,0.00,VEHICLE,0,0,
70.4438,-1086.3964,-0.3086,7.7479,0.00,VEHICLE,0,0,
70.0089,-1084.0504,-0.3580,5.3020,0.00,VEHICLE,0,0,
69.6214,-1081.0862,-0.4042,2.5652,0.00,VEHICLE,0,0,
69.3648,-1077.7212,-0.4881,0.4313,0.00,VEHICLE,0,0,
69.2772,-1074.0376,-0.5691,359.4214,0.00,VEHICLE,0,0,
69.2842,-1071.2699,-0.5861,359.2303,0.00,VEHICLE,0,0,
69.3041,-1069.0093,-0.4648,359.1690,0.00,VEHICLE,0,0,
69.3229,-1066.7096,-0.2690,359.1489,0.00,VEHICLE,0,0,
69.3533,-1063.6333,-0.0416,359.3915,0.00,VEHICLE,0,0,
69.3970,-1060.6730,0.0567,0.5017,0.00,VEHICLE,0,0,
69.4184,-1057.8005,0.0367,1.8326,0.00,VEHICLE,0,0,
69.3813,-1054.3599,-0.0502,3.2183,0.00,VEHICLE,0,0,
69.2848,-1051.2772,-0.1345,4.2662,0.00,VEHICLE,0,0,
69.0650,-1047.3254,-0.2172,5.3812,0.00,VEHICLE,0,0,
68.7493,-1043.4066,-0.2485,6.2508,0.00,VEHICLE,0,0,
68.3888,-1039.7979,-0.2257,6.8887,0.00,VEHICLE,0,0,
67.9640,-1036.0973,-0.1597,7.3744,0.00,VEHICLE,0,0,
67.4725,-1032.2134,-0.0643,7.4252,0.00,VEHICLE,0,0,
67.2072,-1030.2134,-0.0221,7.0742,0.00,VEHICLE,0,0,
66.9372,-1028.1915,0.0083,6.3716,0.00,VEHICLE,0,0,
66.4643,-1024.4331,0.0191,4.7149,0.00,VEHICLE,0,0,
66.0409,-1020.5612,-0.1163,3.3729,0.00,VEHICLE,0,0,
65.7286,-1017.0377,-0.2238,2.5221,0.00,VEHICLE,0,0,
65.5227,-1013.7278,-0.2677,2.1906,0.00,VEHICLE,0,0,
65.4007,-1010.9031,-0.2304,2.1197,0.00,VEHICLE,0,0,
65.2809,-1007.6158,-0.0767,2.1877,0.00,VEHICLE,0,0,
65.1652,-1004.5509,0.0838,2.3049,0.00,VEHICLE,0,0,
65.0356,-1001.2681,0.1744,2.4768,0.00,VEHICLE,0,0,
64.8913,-997.6115,0.1698,2.7134,0.00,VEHICLE,0,0,
64.7950,-995.1837,0.1399,2.8950,0.00,VEHICLE,0,0,
64.7090,-993.0316,0.1093,3.1421,0.00,VEHICLE,0,0,
64.6050,-990.4600,0.0697,3.7530,0.00,VEHICLE,0,0,
64.5022,-988.1063,0.0239,4.7384,0.00,VEHICLE,0,0,
64.3875,-985.8917,-0.0293,6.0613,0.00,VEHICLE,0,0,
64.2320,-983.5557,-0.0953,7.8443,0.00,VEHICLE,0,0,
64.0615,-981.5633,-0.1825,9.3719,0.00,VEHICLE,0,0,
63.6042,-977.7775,-0.3655,12.0241,0.00,VEHICLE,0,0,
62.9629,-974.2401,-0.4228,14.0284,0.00,VEHICLE,0,0,
62.2436,-971.1226,-0.5015,15.1879,0.00,VEHICLE,0,0,
61.4922,-968.2222,-0.5283,16.5661,0.00,VEHICLE,0,0,
60.8237,-965.8622,-0.4293,18.4591,0.00,VEHICLE,0,0,
60.0994,-963.5762,-0.2470,20.1599,0.00,VEHICLE,0,0,
59.2418,-961.1315,-0.0610,21.5602,0.00,VEHICLE,0,0,
58.2561,-958.5482,0.0474,22.6226,0.00,VEHICLE,0,0,
57.1792,-955.9003,0.0475,23.4111,0.00,VEHICLE,0,0,
56.0317,-953.2070,-0.1085,24.0390,0.00,VEHICLE,0,0,
54.7995,-950.4125,-0.2560,24.5702,0.00,VEHICLE,0,0,
53.6492,-947.8637,-0.3388,25.1571,0.00,VEHICLE,0,0,
52.6372,-945.6598,-0.4006,26.2825,0.00,VEHICLE,0,0,
51.5773,-943.4351,-0.3798,28.6387,0.00,VEHICLE,0,0,
50.2324,-940.8740,-0.2704,32.4066,0.00,VEHICLE,0,0,
48.8957,-938.6666,-0.1161,35.4345,0.00,VEHICLE,0,0,
47.4518,-936.5428,0.0179,37.9013,0.00,VEHICLE,0,0,
46.2512,-934.9136,0.0765,39.5074,0.00,VEHICLE,0,0,
44.6009,-932.7976,0.0336,41.1963,0.00,VEHICLE,0,0,
42.6237,-930.4043,-0.2040,42.7085,0.00,VEHICLE,0,0,
40.7349,-928.2605,-0.1949,44.2219,0.00,VEHICLE,0,0,
38.8351,-926.2344,-0.1779,46.3495,0.00,VEHICLE,0,0,
36.2423,-923.6710,-0.1725,50.2454,0.00,VEHICLE,0,0,
34.0032,-921.6819,-0.1799,54.2383,0.00,VEHICLE,0,0,
31.5841,-919.7897,-0.1916,58.8118,0.00,VEHICLE,0,0,
28.7613,-917.9315,-0.1785,63.3608,0.00,VEHICLE,0,0,
25.9694,-916.3985,-0.1461,66.8764,0.00,VEHICLE,0,0,
22.7490,-914.9187,-0.1063,70.0054,0.00,VEHICLE,0,0,
19.5126,-913.6463,-0.0779,72.6363,0.00,VEHICLE,0,0,
15.8608,-912.4064,-0.0911,75.6290,0.00,VEHICLE,0,0,
12.4710,-911.4294,-0.1282,78.3888,0.00,VEHICLE,0,0,
9.9395,-910.8135,-0.1510,80.1613,0.00,VEHICLE,0,0,
6.2692,-910.0756,-0.1969,82.2565,0.00,VEHICLE,0,0,
2.6705,-909.4999,-0.3456,83.9083,0.00,VEHICLE,0,0,
-0.8135,-909.0707,-0.4020,85.4108,0.00,VEHICLE,0,0,
-3.9056,-908.7865,-0.4197,87.0777,0.00,VEHICLE,0,0,
-6.4310,-908.6288,-0.4408,88.5345,0.00,VEHICLE,0,0,
-9.5291,-908.5289,-0.3924,90.0787,0.00,VEHICLE,0,0,
-12.0002,-908.5095,-0.2585,90.9862,0.00,VEHICLE,0,0,
-14.9450,-908.5432,-0.1131,91.6074,0.00,VEHICLE,0,0,
-18.2843,-908.6355,-0.0301,91.1346,0.00,VEHICLE,0,0,
-21.7039,-908.7289,-0.0235,89.2110,0.00,VEHICLE,0,0,
-25.6427,-908.7274,-0.0156,86.9747,0.00,VEHICLE,0,0,
-28.8429,-908.6221,-0.0064,85.4918,0.00,VEHICLE,0,0,
-32.0738,-908.4294,-0.0056,84.2364,0.00,VEHICLE,0,0,
-35.6216,-908.1304,-0.0136,83.0804,0.00,VEHICLE,0,0,
-37.6178,-907.9268,-0.0174,82.5235,0.00,VEHICLE,0,0,
-41.2303,-907.5095,-0.0772,81.7071,0.00,VEHICLE,0,0,
-43.8644,-907.1705,-0.2136,81.2411,0.00,VEHICLE,0,0,
-47.4961,-906.6531,-0.2532,80.6274,0.00,VEHICLE,0,0,
-50.9305,-906.1068,-0.2374,80.1354,0.00,VEHICLE,0,0,
-54.2459,-905.5455,-0.1652,79.7999,0.00,VEHICLE,0,0,
-57.7514,-904.9280,-0.0697,79.5706,0.00,VEHICLE,0,0,
-61.8399,-904.1843,0.0299,79.4184,0.00,VEHICLE,0,0,
-65.9337,-903.4199,0.0953,79.3479,0.00,VEHICLE,0,0,
-68.1045,-903.0081,0.1074,79.3280,0.00,VEHICLE,0,0,
-70.2185,-902.6019,0.0628,79.3017,0.00,VEHICLE,0,0,
-72.2090,-902.2160,-0.0283,79.2830,0.00,VEHICLE,0,0,
-75.9996,-901.4771,-0.2253,79.2721,0.00,VEHICLE,0,0,
-79.8156,-900.7424,-0.2620,79.3040,0.00,VEHICLE,0,0,
-83.9621,-899.9591,-0.2041,79.0756,0.00,VEHICLE,0,0,
-87.8619,-899.2193,-0.1136,77.8835,0.00,VEHICLE,0,0,
-89.8554,-898.8246,-0.0739,76.7341,0.00,VEHICLE,0,0,
-93.5305,-898.0246,-0.0282,73.7203,0.00,VEHICLE,0,0,
-95.4839,-897.5413,-0.0224,71.6901,0.00,VEHICLE,0,0,
-99.5018,-896.3649,-0.0569,66.8006,0.00,VEHICLE,0,0,
-103.3839,-894.9058,-0.1182,62.2213,0.00,VEHICLE,0,0,
-106.8508,-893.2778,-0.1690,58.7812,0.00,VEHICLE,0,0,
-110.2277,-891.3954,-0.2271,56.2125,0.00,VEHICLE,0,0,
-113.5090,-889.3452,-0.3873,54.7720,0.00,VEHICLE,0,0,
-116.3855,-887.3926,-0.5313,54.2552,0.00,VEHICLE,0,0,
-118.8896,-885.6215,-0.5352,53.6543,0.00,VEHICLE,0,0,
-121.3420,-883.8505,-0.3447,51.8876,0.00,VEHICLE,0,0,
-123.6632,-882.0801,-0.0920,50.2414,0.00,VEHICLE,0,0,
-126.0986,-880.1012,0.0820,49.0245,0.00,VEHICLE,0,0,
-128.5454,-878.0037,0.0779,48.1566,0.00,VEHICLE,0,0,
-131.2423,-875.5955,-0.2035,47.4378,0.00,VEHICLE,0,0,
-133.9701,-873.1007,-0.2877,46.7500,0.00,VEHICLE,0,0,
-136.2732,-870.9580,-0.3266,45.6230,0.00,VEHICLE,0,0,
-138.2043,-869.1061,-0.4018,43.9877,0.00,VEHICLE,0,0,
-139.9805,-867.3229,-0.3835,40.8707,0.00,VEHICLE,0,0,
-141.8363,-865.2489,-0.2565,36.3024,0.00,VEHICLE,0,0,
-143.4565,-863.1335,-0.0692,32.5358,0.00,VEHICLE,0,0,
-145.0067,-860.8051,0.0740,29.4444,0.00,VEHICLE,0,0,
-146.7295,-857.8792,0.1164,26.6430,0.00,VEHICLE,0,0,
-148.2378,-855.0711,-0.0280,24.7292,0.00,VEHICLE,0,0,
-149.6053,-852.3199,-0.2611,23.2974,0.00,VEHICLE,0,0,
-150.9230,-849.4030,-0.3417,22.0614,0.00,VEHICLE,0,0,
-152.2220,-846.2701,-0.3344,20.7681,0.00,VEHICLE,0,0,
-153.4189,-843.1915,-0.2101,18.9660,0.00,VEHICLE,0,0,
-154.4465,-840.3130,-0.0611,17.0606,0.00,VEHICLE,0,0,
-155.3955,-837.3574,0.0499,15.4988,0.00,VEHICLE,0,0,
-156.3486,-834.0634,0.0811,14.2186,0.00,VEHICLE,0,0,
-157.2904,-830.4958,0.0431,13.2062,0.00,VEHICLE,0,0,
-158.1655,-826.9201,-0.0174,12.4492,0.00,VEHICLE,0,0,
-159.1198,-822.7474,-0.0762,11.7826,0.00,VEHICLE,0,0,
-159.9606,-818.8532,-0.1117,11.2985,0.00,VEHICLE,0,0,
-160.3884,-816.7942,-0.1213,11.0847,0.00,VEHICLE,0,0,
-160.9005,-814.2631,-0.1238,10.8522,0.00,VEHICLE,0,0,
-161.4081,-811.6935,-0.1162,10.6007,0.00,VEHICLE,0,0,
-161.8894,-809.2040,-0.1032,10.2618,0.00,VEHICLE,0,0,
-162.3508,-806.7608,-0.0925,9.7773,0.00,VEHICLE,0,0,
-162.8008,-804.2977,-0.0882,9.1145,0.00,VEHICLE,0,0,
-163.2005,-801.9929,-0.0826,8.4631,0.00,VEHICLE,0,0,
-163.5633,-799.7699,-0.0742,7.8672,0.00,VEHICLE,0,0,
-163.9221,-797.4160,-0.0655,7.2944,0.00,VEHICLE,0,0,
-164.2640,-795.0049,-0.0578,6.7733,0.00,VEHICLE,0,0,
-164.5565,-792.7979,-0.0525,6.3496,0.00,VEHICLE,0,0,
-164.8298,-790.5977,-0.0491,5.9744,0.00,VEHICLE,0,0,
-165.0893,-788.3750,-0.0471,5.6390,0.00,VEHICLE,0,0,
-165.3594,-785.9102,-0.0459,5.3133,0.00,VEHICLE,0,0,
-165.5970,-783.6089,-0.0457,5.0459,0.00,VEHICLE,0,0,
-165.8541,-780.9641,-0.0464,4.7775,0.00,VEHICLE,0,0,
-166.0882,-778.4278,-0.0857,4.5590,0.00,VEHICLE,0,0,
-166.3264,-775.7147,-0.1835,4.3435,0.00,VEHICLE,0,0,
-166.5488,-773.0484,-0.3247,4.1004,0.00,VEHICLE,0,0,
-166.7303,-770.7589,-0.3325,3.7918,0.00,VEHICLE,0,0,
-166.9088,-768.3387,-0.3620,3.2817,0.00,VEHICLE,0,0,
-167.1301,-764.8524,-0.4146,2.1482,0.00,VEHICLE,0,0,
-167.2697,-761.6298,-0.4479,0.8923,0.00,VEHICLE,0,0,
-167.3277,-758.9470,-0.4599,359.8048,0.00,VEHICLE,0,0,
-167.3327,-756.5762,-0.4587,358.8744,0.00,VEHICLE,0,0,
-167.2710,-753.2889,-0.4325,357.7513,0.00,VEHICLE,0,0,
-167.1851,-750.8510,-0.2712,357.0574,0.00,VEHICLE,0,0,
-167.0533,-747.9572,-0.0679,355.5691,0.00,VEHICLE,0,0,
-166.8643,-744.9814,-0.0042,352.7018,0.00,VEHICLE,0,0,
-166.6037,-742.3312,-0.1237,350.0832,0.00,VEHICLE,0,0,
-166.2819,-739.9673,-0.2959,348.1246,0.00,VEHICLE,0,0,
-165.8710,-737.6781,-0.3628,346.5444,0.00,VEHICLE,0,0,
-165.4096,-735.5609,-0.4428,345.4711,0.00,VEHICLE,0,0,
-164.9060,-733.5173,-0.4905,344.7878,0.00,VEHICLE,0,0,
-164.1036,-730.5289,-0.2868,344.1656,0.00,VEHICLE,0,0,
-163.4850,-728.2889,-0.0633,343.5875,0.00,VEHICLE,0,0,
-162.8141,-725.9286,0.0622,342.4176,0.00,VEHICLE,0,0,
-162.0138,-723.3110,0.0605,340.5387,0.00,VEHICLE,0,0,
-161.1620,-720.7911,-0.0064,338.8972,0.00,VEHICLE,0,0,
-160.1967,-718.1740,-0.0914,337.5427,0.00,VEHICLE,0,0,
-159.0995,-715.4086,-0.1541,336.4267,0.00,VEHICLE,0,0,
-157.9366,-712.6510,-0.1764,335.5349,0.00,VEHICLE,0,0,
-156.6453,-709.7411,-0.1600,334.7649,0.00,VEHICLE,0,0,
-155.2514,-706.7289,-0.1114,334.1186,0.00,VEHICLE,0,0,
-153.7859,-703.6635,-0.0455,333.5975,0.00,VEHICLE,0,0,
-152.2004,-700.4307,0.0229,333.1747,0.00,VEHICLE,0,0,
-150.4824,-696.9995,0.0719,332.8425,0.00,VEHICLE,0,0,
-149.5758,-695.2131,0.0849,332.7086,0.00,VEHICLE,0,0,
-147.8315,-691.8179,-0.0066,332.4897,0.00,VEHICLE,0,0,
-145.9710,-688.2549,-0.2811,332.2897,0.00,VEHICLE,0,0,
-144.0787,-684.6705,-0.3319,332.1625,0.00,VEHICLE,0,0,
-142.4020,-681.5140,-0.4307,332.4608,0.00,VEHICLE,0,0,
-141.0481,-678.9506,-0.4336,333.6412,0.00,VEHICLE,0,0,
-139.7334,-676.3461,-0.3341,334.9958,0.00,VEHICLE,0,0,
-138.4406,-673.6283,-0.1666,336.1883,0.00,VEHICLE,0,0,
-137.2081,-670.8988,-0.0510,337.1219,0.00,VEHICLE,0,0,
-135.8303,-667.7096,-0.1358,337.9742,0.00,VEHICLE,0,0,
-134.6190,-664.7975,-0.2538,338.8786,0.00,VEHICLE,0,0,
-133.6021,-662.2345,-0.3192,339.7892,0.00,VEHICLE,0,0,
-132.5018,-659.2958,-0.2783,340.7115,0.00,VEHICLE,0,0,
-131.5389,-656.5914,-0.1480,341.3584,0.00,VEHICLE,0,0,
-130.5771,-653.7836,0.0110,341.8466,0.00,VEHICLE,0,0,
-129.5972,-650.8325,0.1207,342.2085,0.00,VEHICLE,0,0,
-128.6333,-647.8583,0.1496,342.4629,0.00,VEHICLE,0,0,
-127.6503,-644.7686,0.1147,342.6465,0.00,VEHICLE,0,0,
-126.6213,-641.4893,0.0436,342.7822,0.00,VEHICLE,0,0,
-125.5128,-637.9211,-0.0285,342.8870,0.00,VEHICLE,0,0,
-124.4876,-634.5960,-0.1787,342.9619,0.00,VEHICLE,0,0,
-123.4960,-631.3619,-0.3634,343.0233,0.00,VEHICLE,0,0,
-122.5903,-628.3969,-0.3959,343.0817,0.00,VEHICLE,0,0,
-121.7375,-625.5959,-0.3935,343.1417,0.00,VEHICLE,0,0,
-120.8687,-622.7324,-0.2730,343.2017,0.00,VEHICLE,0,0,
-119.9659,-619.7452,-0.1007,343.2568,0.00,VEHICLE,0,0,
-119.0501,-616.7043,0.0414,343.3025,0.00,VEHICLE,0,0,
-118.0170,-613.2661,0.0965,343.3444,0.00,VEHICLE,0,0,
-117.4281,-611.3033,0.0934,343.3650,0.00,VEHICLE,0,0,
-116.3309,-607.6445,-0.0281,343.3932,0.00,VEHICLE,0,0,
-115.3068,-604.2283,-0.2213,343.4094,0.00,VEHICLE,0,0,
-114.3568,-601.0513,-0.2941,343.4296,0.00,VEHICLE,0,0,
-113.4546,-598.0258,-0.4103,343.4409,0.00,VEHICLE,0,0,
-112.6288,-595.2505,-0.3836,343.4445,0.00,VEHICLE,0,0,
-111.7141,-592.1754,-0.2215,343.4459,0.00,VEHICLE,0,0,
-110.8362,-589.2236,-0.0972,343.4516,0.00,VEHICLE,0,0,
-109.8651,-585.9572,-0.1770,343.5714,0.00,VEHICLE,0,0,
-108.9785,-582.9651,-0.2969,344.0601,0.00,VEHICLE,0,0,
-108.2274,-580.3720,-0.3675,344.8676,0.00,VEHICLE,0,0,
-107.5632,-577.9587,-0.4656,345.6515,0.00,VEHICLE,0,0,
-107.0168,-575.8614,-0.4962,346.2665,0.00,VEHICLE,0,0,
-106.6156,-573.6823,-0.3951,356.2601,0.00,VEHICLE,0,0,
-106.5396,-571.2762,-0.2227,14.5329,0.00,VEHICLE,0,0,
-107.0380,-568.7807,-0.1283,30.0126,0.00,VEHICLE,0,0,
-107.9529,-566.7489,-0.2390,41.3481,0.00,VEHICLE,0,0,
-109.2104,-565.0790,-0.4118,48.3588,0.00,VEHICLE,0,0,
-111.0630,-563.2911,-0.6045,52.9292,0.00,VEHICLE,0,0,
-112.9300,-561.8510,-0.4315,55.8640,0.00,VEHICLE,0,0,
-115.2485,-560.2617,-0.1228,57.9535,0.00,VEHICLE,0,0,
-116.9763,-559.1537,0.0053,58.8552,0.00,VEHICLE,0,0,
-119.6221,-557.5577,-0.0771,59.8473,0.00,VEHICLE,0,0,
-121.4202,-556.5277,-0.2736,60.2693,0.00,VEHICLE,0,0,
-123.1646,-555.5400,-0.3851,60.4673,0.00,VEHICLE,0,0,
-124.9848,-554.5100,-0.3767,60.6074,0.00,VEHICLE,0,0,
-126.9550,-553.3966,-0.2757,60.7108,0.00,VEHICLE,0,0,
-128.9665,-552.2650,-0.2235,60.7800,0.00,VEHICLE,0,0,
-130.8838,-551.1877,-0.2853,60.7970,0.00,VEHICLE,0,0,
-132.8800,-550.0626,-0.4414,60.7403,0.00,VEHICLE,0,0,
-134.7966,-548.9836,-0.5712,60.3537,0.00,VEHICLE,0,0,
-136.8004,-547.8608,-0.5389,58.7400,0.00,VEHICLE,0,0,
-138.6790,-546.7611,-0.4133,55.9559,0.00,VEHICLE,0,0,
-140.4309,-545.6321,-0.2697,53.2617,0.00,VEHICLE,0,0,
-142.9214,-543.8397,-0.2338,50.2758,0.00,VEHICLE,0,0,
-144.5777,-542.5369,-0.3261,48.8513,0.00,VEHICLE,0,0,
-146.3750,-541.0262,-0.4193,47.7946,0.00,VEHICLE,0,0,
-149.0189,-538.6343,-0.2728,46.8991,0.00,VEHICLE,0,0,
-150.9227,-536.8608,-0.1115,46.4872,0.00,VEHICLE,0,0,
-152.8774,-535.0226,-0.0163,45.7713,0.00,VEHICLE,0,0,
-155.2632,-532.7097,-0.0797,44.3148,0.00,VEHICLE,0,0,
-157.4835,-530.4261,-0.3426,43.1005,0.00,VEHICLE,0,0,
-159.3988,-528.3719,-0.3910,42.2393,0.00,VEHICLE,0,0,
-161.1712,-526.4277,-0.3772,41.5985,0.00,VEHICLE,0,0,
-162.6979,-524.7220,-0.2483,41.1513,0.00,VEHICLE,0,0,
-164.3112,-522.8876,-0.0917,40.7625,0.00,VEHICLE,0,0,
-166.1925,-520.7116,0.0431,40.5412,0.00,VEHICLE,0,0,
-168.1413,-518.4299,0.0737,41.0870,0.00,VEHICLE,0,0,
-170.1801,-516.0638,0.0118,42.8065,0.00,VEHICLE,0,0,
-172.7033,-513.2809,-0.0693,45.5556,0.00,VEHICLE,0,0,
-174.8317,-511.1030,-0.0963,47.4785,0.00,VEHICLE,0,0,
-177.6278,-508.4504,-0.0908,49.4312,0.00,VEHICLE,0,0,
-179.3793,-506.8873,-0.0730,50.4141,0.00,VEHICLE,0,0,
-181.9918,-504.6654,-0.0374,51.6328,0.00,VEHICLE,0,0,
-184.7230,-502.4492,-0.0022,52.6580,0.00,VEHICLE,0,0,
-187.6697,-500.1491,0.0233,53.5485,0.00,VEHICLE,0,0,
-189.2758,-498.9254,0.0330,54.0530,0.00,VEHICLE,0,0,
-191.1336,-497.5328,0.0343,54.7901,0.00,VEHICLE,0,0,
-192.9769,-496.1774,0.0126,55.6970,0.00,VEHICLE,0,0,
-195.3306,-494.4963,-0.0907,56.8624,0.00,VEHICLE,0,0,
-198.2878,-492.4836,-0.3150,58.2010,0.00,VEHICLE,0,0,
-201.1011,-490.6795,-0.3380,59.3628,0.00,VEHICLE,0,0,
-203.6268,-489.1463,-0.3839,60.2997,0.00,VEHICLE,0,0,
-206.0607,-487.7347,-0.4275,61.1477,0.00,VEHICLE,0,0,
-208.3017,-486.4816,-0.3758,61.8148,0.00,VEHICLE,0,0,
-210.9618,-485.0347,-0.2143,62.6616,0.00,VEHICLE,0,0,
-213.9616,-483.4501,-0.0697,64.5865,0.00,VEHICLE,0,0,
-216.4155,-482.2284,-0.0897,66.4760,0.00,VEHICLE,0,0,
-218.8112,-481.1178,-0.2507,68.0177,0.00,VEHICLE,0,0,
-221.6674,-479.8940,-0.3796,69.4722,0.00,VEHICLE,0,0,
-223.8352,-479.0414,-0.4275,70.2823,0.00,VEHICLE,0,0,
-225.9392,-478.2619,-0.4771,70.8075,0.00,VEHICLE,0,0,
-228.3680,-477.4059,-0.3855,71.2148,0.00,VEHICLE,0,0,
-230.4598,-476.6879,-0.2123,71.4400,0.00,VEHICLE,0,0,
-232.5715,-475.9723,-0.0630,71.5830,0.00,VEHICLE,0,0,
-234.9122,-475.1887,0.0214,71.6574,0.00,VEHICLE,0,0,
-238.5640,-473.9845,-0.0064,71.6500,0.00,VEHICLE,0,0,
-241.2808,-473.0963,-0.0811,71.5917,0.00,VEHICLE,0,0,
-244.0662,-472.1838,-0.1360,71.5171,0.00,VEHICLE,0,0,
-247.0812,-471.1883,-0.1492,71.4274,0.00,VEHICLE,0,0,
-249.2802,-470.4562,-0.1324,71.3584,0.00,VEHICLE,0,0,
-252.3325,-469.4320,-0.0844,71.2647,0.00,VEHICLE,0,0,
-255.7377,-468.2808,-0.0856,71.1804,0.00,VEHICLE,0,0,
-259.0499,-467.1502,-0.2514,71.2248,0.00,VEHICLE,0,0,
-262.1816,-466.0734,-0.3333,71.7065,0.00,VEHICLE,0,0,
-264.8980,-465.1551,-0.4123,72.5617,0.00,VEHICLE,0,0,
-267.3157,-464.3729,-0.5014,73.3829,0.00,VEHICLE,0,0,
-269.9597,-463.5662,-0.5653,74.1559,0.00,VEHICLE,0,0,
-272.0062,-462.9749,-0.5597,74.6708,0.00,VEHICLE,0,0,
-274.0097,-462.4182,-0.5099,75.2059,0.00,VEHICLE,0,0,
-276.5782,-461.7310,-0.4417,76.4396,0.00,VEHICLE,0,0,
-278.8296,-461.1685,-0.4351,78.4615,0.00,VEHICLE,0,0,
-281.3961,-460.6169,-0.4203,83.0060,0.00,VEHICLE,0,0,
-284.1590,-460.2505,-0.2954,87.1484,0.00,VEHICLE,0,0,
-286.4847,-460.1013,-0.1637,89.6370,0.00,VEHICLE,0,0,
-289.0562,-460.0478,-0.0684,91.8086,0.00,VEHICLE,0,0,
-291.4711,-460.0678,-0.1364,93.7704,0.00,VEHICLE,0,0,
-293.7539,-460.1573,-0.3238,95.8709,0.00,VEHICLE,0,0,
-295.9067,-460.3260,-0.3993,98.1957,0.00,VEHICLE,0,0,
-298.6346,-460.6852,-0.4503,101.6161,0.00,VEHICLE,0,0,
-301.0685,-461.1609,-0.4911,105.1740,0.00,VEHICLE,0,0,
-303.2508,-461.7365,-0.5019,108.3824,0.00,VEHICLE,0,0,
-305.4256,-462.4478,-0.4085,110.8277,0.00,VEHICLE,0,0,
-308.1026,-463.4543,-0.2056,112.9911,0.00,VEHICLE,0,0,
-310.1376,-464.2782,-0.1339,115.4657,0.00,VEHICLE,0,0,
-312.2968,-465.2303,-0.1554,119.3907,0.00,VEHICLE,0,0,
-314.4602,-466.3211,-0.2178,124.4592,0.00,VEHICLE,0,0,
-316.4720,-467.5259,-0.2729,130.1028,0.00,VEHICLE,0,0,
-318.4377,-468.9670,-0.3061,136.6098,0.00,VEHICLE,0,0,
-320.2516,-470.6451,-0.3049,143.6794,0.00,VEHICLE,0,0,
-321.7441,-472.4083,-0.2758,150.5639,0.00,VEHICLE,0,0,
-322.9896,-474.3155,-0.2319,157.4461,0.00,VEHICLE,0,0,
-323.9715,-476.3428,-0.1715,163.4127,0.00,VEHICLE,0,0,
-324.7524,-478.5639,-0.1192,168.4112,0.00,VEHICLE,0,0,
-325.3451,-480.9214,-0.1136,172.3841,0.00,VEHICLE,0,0,
-325.7917,-483.5296,-0.1555,175.6017,0.00,VEHICLE,0,0,
-326.0850,-486.3089,-0.2003,178.0743,0.00,VEHICLE,0,0,
-326.2383,-489.1138,-0.2038,179.8907,0.00,VEHICLE,0,0,
-326.2833,-491.2238,-0.1728,180.9396,0.00,VEHICLE,0,0,
-326.2600,-494.8370,-0.0725,182.2375,0.00,VEHICLE,0,0,
-326.1333,-498.7657,0.0444,183.0688,0.00,VEHICLE,0,0,
-325.9352,-502.6658,0.0956,183.5182,0.00,VEHICLE,0,0,
-325.8043,-504.8297,0.1031,183.6720,0.00,VEHICLE,0,0,
-325.5788,-508.2980,0.1029,183.8444,0.00,VEHICLE,0,0,
-325.4038,-510.8727,0.0945,183.9266,0.00,VEHICLE,0,0,
-325.0883,-515.4313,0.0671,184.0154,0.00,VEHICLE,0,0,
-324.8958,-518.2046,0.0439,184.0552,0.00,VEHICLE,0,0,
-324.7166,-520.7905,0.0180,184.0942,0.00,VEHICLE,0,0,
-324.5328,-523.4446,-0.0095,184.1389,0.00,VEHICLE,0,0,
-324.2087,-528.1066,-0.0541,184.2263,0.00,VEHICLE,0,0,
-324.0136,-530.8815,-0.0778,184.2845,0.00,VEHICLE,0,0,
-323.8580,-533.0704,-0.0943,184.3378,0.00,VEHICLE,0,0,
-323.7043,-535.2123,-0.1075,184.4202,0.00,VEHICLE,0,0,
-323.4845,-538.2394,-0.1222,184.6672,0.00,VEHICLE,0,0,
-323.3234,-540.4135,-0.1335,185.0157,0.00,VEHICLE,0,0,
-323.1599,-542.5417,-0.1468,185.5343,0.00,VEHICLE,0,0,
-322.8975,-545.6680,-0.1679,186.5800,0.00,VEHICLE,0,0,
-322.6211,-548.4883,-0.1761,187.5799,0.00,VEHICLE,0,0,
-322.3081,-551.2188,-0.1678,188.4908,0.00,VEHICLE,0,0,
-321.9617,-553.8488,-0.1436,189.2871,0.00,VEHICLE,0,0,
-321.5719,-556.4817,-0.1057,189.9963,0.00,VEHICLE,0,0,
-321.1581,-559.0266,-0.0608,190.6005,0.00,VEHICLE,0,0,
-320.6609,-561.8539,-0.0076,191.1841,0.00,VEHICLE,0,0,
-320.1586,-564.5383,0.0394,191.6597,0.00,VEHICLE,0,0,
-319.5991,-567.3824,0.0749,192.0870,0.00,VEHICLE,0,0,
-319.1981,-569.3488,0.0858,192.3408,0.00,VEHICLE,0,0,
-318.7604,-571.4406,0.0863,192.5836,0.00,VEHICLE,0,0,
-318.2882,-573.6437,0.0796,192.8402,0.00,VEHICLE,0,0,
-317.8103,-575.8271,0.0656,193.1405,0.00,VEHICLE,0,0,
-317.2889,-578.1600,0.0396,193.5831,0.00,VEHICLE,0,0,
-316.7279,-580.6047,-0.0006,194.2309,0.00,VEHICLE,0,0,
-316.2146,-582.7704,-0.0455,194.9627,0.00,VEHICLE,0,0,
-315.4298,-585.9202,-0.1214,196.2808,0.00,VEHICLE,0,0,
-314.6067,-588.9816,-0.1892,197.6488,0.00,VEHICLE,0,0,
-313.6587,-592.2092,-0.2344,198.9919,0.00,VEHICLE,0,0,
-312.7415,-595.0804,-0.2468,200.0544,0.00,VEHICLE,0,0,
-311.7720,-597.8983,-0.2299,200.9677,0.00,VEHICLE,0,0,
-311.0830,-599.7937,-0.2016,201.5125,0.00,VEHICLE,0,0,
-310.1106,-602.3539,-0.1490,202.1677,0.00,VEHICLE,0,0,
-309.0685,-604.9832,-0.0833,202.7422,0.00,VEHICLE,0,0,
-307.9914,-607.6117,-0.0115,203.2245,0.00,VEHICLE,0,0,
-306.1135,-612.0443,0.0986,203.8585,0.00,VEHICLE,0,0,
-304.9640,-614.6907,0.1371,204.1477,0.00,VEHICLE,0,0,
-303.7630,-617.4141,0.1468,204.3909,0.00,VEHICLE,0,0,
-302.5479,-620.1324,0.1293,204.5883,0.00,VEHICLE,0,0,
-301.3008,-622.8887,0.0973,204.7488,0.00,VEHICLE,0,0,
-299.9622,-625.8144,0.0598,204.8836,0.00,VEHICLE,0,0,
-298.6709,-628.6107,0.0259,204.9875,0.00,VEHICLE,0,0,
-297.3460,-631.4584,-0.0044,205.0743,0.00,VEHICLE,0,0,
-296.0039,-634.3262,-0.0307,205.1446,0.00,VEHICLE,0,0,
-294.9497,-636.5702,-0.0486,205.1868,0.00,VEHICLE,0,0,
-293.9467,-638.7009,-0.0630,205.2299,0.00,VEHICLE,0,0,
-292.8831,-640.9578,-0.0757,205.3155,0.00,VEHICLE,0,0,
-291.8720,-643.1006,-0.0881,205.4736,0.00,VEHICLE,0,0,
-290.4286,-646.1470,-0.1081,205.8601,0.00,VEHICLE,0,0,
-289.0417,-649.0403,-0.1212,206.2848,0.00,VEHICLE,0,0,
-287.6093,-651.9818,-0.1249,206.6947,0.00,VEHICLE,0,0,
-286.5579,-654.1098,-0.1236,206.9614,0.00,VEHICLE,0,0,
-285.4726,-656.2800,-0.1200,207.2073,0.00,VEHICLE,0,0,
-284.4098,-658.3820,-0.1148,207.4223,0.00,VEHICLE,0,0,
-283.3051,-660.5443,-0.1079,207.6209,0.00,VEHICLE,0,0,
-282.2293,-662.6306,-0.0998,207.7925,0.00,VEHICLE,0,0,
-281.1282,-664.7481,-0.0911,207.9479,0.00,VEHICLE,0,0,
-280.0300,-666.8443,-0.0830,208.0855,0.00,VEHICLE,0,0,
-278.9013,-668.9845,-0.0760,208.2122,0.00,VEHICLE,0,0,
-277.6804,-671.2850,-0.0704,208.3356,0.00,VEHICLE,0,0,
-276.4075,-673.6693,-0.0671,208.4510,0.00,VEHICLE,0,0,
-275.1782,-675.9610,-0.0774,208.5464,0.00,VEHICLE,0,0,
-273.9351,-678.2703,-0.1330,208.6206,0.00,VEHICLE,0,0,
-272.4268,-681.0623,-0.2570,208.7155,0.00,VEHICLE,0,0,
-271.2054,-683.3153,-0.2685,208.8561,0.00,VEHICLE,0,0,
-270.0130,-685.5040,-0.3087,209.1272,0.00,VEHICLE,0,0,
-268.9887,-687.3711,-0.3342,209.5210,0.00,VEHICLE,0,0,
-267.2403,-690.4949,-0.3533,210.3629,0.00,VEHICLE,0,0,
-265.6103,-693.3104,-0.3897,211.1828,0.00,VEHICLE,0,0,
-264.0892,-695.8489,-0.4254,211.9208,0.00,VEHICLE,0,0,
-262.6142,-698.2374,-0.4442,212.7311,0.00,VEHICLE,0,0,
-261.3108,-700.2920,-0.4414,213.9019,0.00,VEHICLE,0,0,
-260.1063,-702.1368,-0.3732,216.2074,0.00,VEHICLE,0,0,
-258.8557,-703.9136,-0.2443,219.2376,0.00,VEHICLE,0,0,
-257.3635,-705.8079,-0.0793,222.1576,0.00,VEHICLE,0,0,
-255.6442,-707.7752,0.0405,224.6292,0.00,VEHICLE,0,0,
-253.7555,-709.7657,0.0795,226.6285,0.00,VEHICLE,0,0,
-251.5813,-711.9045,0.0532,228.3292,0.00,VEHICLE,0,0,
-249.2612,-714.0536,-0.0100,229.7063,0.00,VEHICLE,0,0,
-246.7427,-716.2621,-0.0718,230.8560,0.00,VEHICLE,0,0,
-244.0835,-718.4833,-0.1091,231.7919,0.00,VEHICLE,0,0,
-241.2783,-720.7319,-0.1157,232.5448,0.00,VEHICLE,0,0,
-238.2863,-723.0519,-0.0904,233.1344,0.00,VEHICLE,0,0,
-235.1734,-725.4056,-0.0422,233.5531,0.00,VEHICLE,0,0,
-233.0512,-726.9845,-0.0052,233.7410,0.00,VEHICLE,0,0,
-231.2161,-728.3375,0.0248,233.8188,0.00,VEHICLE,0,0,
-229.4627,-729.6206,0.0481,233.7458,0.00,VEHICLE,0,0,
-227.3851,-731.1314,0.0587,233.3352,0.00,VEHICLE,0,0,
-225.4255,-732.5566,0.0477,232.5676,0.00,VEHICLE,0,0,
-223.5545,-733.9310,0.0199,231.5155,0.00,VEHICLE,0,0,
-221.8375,-735.2203,-0.0094,230.4707,0.00,VEHICLE,0,0,
-220.0616,-736.5940,-0.0388,229.4185,0.00,VEHICLE,0,0,
-218.2491,-738.0449,-0.0672,228.4210,0.00,VEHICLE,0,0,
-216.4588,-739.5306,-0.0918,227.5257,0.00,VEHICLE,0,0,
-214.6825,-741.0587,-0.1117,226.7198,0.00,VEHICLE,0,0,
-212.8387,-742.7028,-0.1267,225.9591,0.00,VEHICLE,0,0,
-211.0617,-744.3412,-0.1354,225.2888,0.00,VEHICLE,0,0,
-209.1744,-746.1379,-0.1383,224.6376,0.00,VEHICLE,0,0,
-207.1740,-748.0994,-0.1341,223.9821,0.00,VEHICLE,0,0,
-205.3462,-749.9360,-0.1285,223.3249,0.00,VEHICLE,0,0,
-203.4137,-751.9228,-0.1275,222.4685,0.00,VEHICLE,0,0,
-201.5540,-753.8831,-0.1340,221.4376,0.00,VEHICLE,0,0,
-199.9220,-755.6558,-0.1365,220.5040,0.00,VEHICLE,0,0,
-198.1805,-757.6131,-0.1285,219.5560,0.00,VEHICLE,0,0,
-196.5697,-759.4856,-0.1136,218.7496,0.00,VEHICLE,0,0,
-195.0050,-761.3623,-0.0948,218.0414,0.00,VEHICLE,0,0,
-193.3391,-763.4208,-0.0726,217.3720,0.00,VEHICLE,0,0,
-191.8084,-765.3623,-0.0525,216.8296,0.00,VEHICLE,0,0,
-190.2733,-767.3548,-0.0340,216.3530,0.00,VEHICLE,0,0,
-188.7332,-769.3951,-0.0180,215.9369,0.00,VEHICLE,0,0,
-187.2556,-771.3876,-0.0053,215.5902,0.00,VEHICLE,0,0,
-185.5142,-773.7769,0.0065,215.2410,0.00,VEHICLE,0,0,
-184.0029,-775.8801,0.0142,214.9804,0.00,VEHICLE,0,0,
-182.4814,-778.0234,0.0190,214.7543,0.00,VEHICLE,0,0,
-180.9613,-780.1871,0.0195,214.5605,0.00,VEHICLE,0,0,
-179.4121,-782.4125,0.0159,214.3916,0.00,VEHICLE,0,0,
-177.8761,-784.6365,0.0095,214.2481,0.00,VEHICLE,0,0,
-176.3781,-786.8201,0.0019,214.1268,0.00,VEHICLE,0,0,
-174.8481,-789.0634,-0.0062,214.0191,0.00,VEHICLE,0,0,
-173.2864,-791.3647,-0.0145,213.9244,0.00,VEHICLE,0,0,
-171.7749,-793.6016,-0.0227,213.8460,0.00,VEHICLE,0,0,
-170.1844,-795.9641,-0.0317,213.7759,0.00,VEHICLE,0,0,
-168.3730,-798.6638,-0.0413,213.7092,0.00,VEHICLE,0,0,
-166.7038,-801.1587,-0.0483,213.6569,0.00,VEHICLE,0,0,
-165.0334,-803.6611,-0.0519,213.6115,0.00,VEHICLE,0,0,
-163.5608,-805.8712,-0.0519,213.5757,0.00,VEHICLE,0,0,
-161.9134,-808.3480,-0.0484,213.5401,0.00,VEHICLE,0,0,
-160.3172,-810.7511,-0.0428,213.5104,0.00,VEHICLE,0,0,
-158.8233,-813.0032,-0.0366,213.4859,0.00,VEHICLE,0,0,
-157.3594,-815.2123,-0.0301,213.4642,0.00,VEHICLE,0,0,
-155.7579,-817.6315,-0.0225,213.4428,0.00,VEHICLE,0,0,
-154.2202,-819.9561,-0.0149,213.4235,0.00,VEHICLE,0,0,
-152.7300,-822.2108,-0.0078,213.4055,0.00,VEHICLE,0,0,
-150.8449,-825.0651,0.0001,213.3912,0.00,VEHICLE,0,0,
-149.0604,-827.7703,0.0037,213.4301,0.00,VEHICLE,0,0,
-147.2580,-830.5043,-0.0039,213.5958,0.00,VEHICLE,0,0,
-145.5408,-833.1052,-0.0272,213.9417,0.00,VEHICLE,0,0,
-143.8286,-835.6824,-0.0649,214.4892,0.00,VEHICLE,0,0,
-141.9269,-838.5029,-0.1055,215.1596,0.00,VEHICLE,0,0,
-140.3156,-840.8502,-0.1315,215.6980,0.00,VEHICLE,0,0,
-138.7833,-843.0424,-0.1491,216.1604,0.00,VEHICLE,0,0,
-137.2608,-845.1823,-0.1603,216.5691,0.00,VEHICLE,0,0,
-135.6038,-847.4697,-0.1650,216.9621,0.00,VEHICLE,0,0,
-133.9820,-849.6713,-0.1624,217.3014,0.00,VEHICLE,0,0,
-132.3164,-851.8976,-0.1515,217.6053,0.00,VEHICLE,0,0,
-130.6789,-854.0568,-0.1330,217.8643,0.00,VEHICLE,0,0,
-128.8428,-856.4482,-0.1056,218.1255,0.00,VEHICLE,0,0,
-127.0655,-858.7397,-0.0814,218.4043,0.00,VEHICLE,0,0,
-125.2332,-861.0820,-0.0672,218.7966,0.00,VEHICLE,0,0,
-123.3555,-863.4586,-0.0701,219.3816,0.00,VEHICLE,0,0,
-121.4963,-865.7795,-0.0911,220.1573,0.00,VEHICLE,0,0,
-119.8017,-867.8533,-0.1141,220.9053,0.00,VEHICLE,0,0,
-118.0488,-869.9486,-0.1311,221.6383,0.00,VEHICLE,0,0,
-116.3393,-871.9423,-0.1410,222.2836,0.00,VEHICLE,0,0,
-114.6016,-873.9200,-0.1443,222.8630,0.00,VEHICLE,0,0,
-112.7437,-875.9843,-0.1408,223.4040,0.00,VEHICLE,0,0,
-110.8844,-878.0045,-0.1313,223.8775,0.00,VEHICLE,0,0,
-108.8103,-880.2109,-0.1148,224.3514,0.00,VEHICLE,0,0,
-106.6957,-882.4190,-0.0977,224.8512,0.00,VEHICLE,0,0,
-104.6910,-884.4792,-0.0887,225.4427,0.00,VEHICLE,0,0,
-102.6554,-886.5367,-0.0924,226.2517,0.00,VEHICLE,0,0,
-100.8095,-888.3662,-0.1065,227.1781,0.00,VEHICLE,0,0,
-98.9453,-890.1694,-0.1288,228.3006,0.00,VEHICLE,0,0,
-97.0421,-891.9550,-0.1571,229.6296,0.00,VEHICLE,0,0,
-95.3030,-893.5308,-0.1860,230.9890,0.00,VEHICLE,0,0,
-93.5215,-895.0812,-0.2172,232.5215,0.00,VEHICLE,0,0,
-91.6295,-896.6492,-0.2506,234.3034,0.00,VEHICLE,0,0,
-89.9440,-897.9745,-0.2789,236.0210,0.00,VEHICLE,0,0,
-88.2892,-899.2032,-0.3033,237.8326,0.00,VEHICLE,0,0,
-85.1347,-901.3325,-0.3315,241.6544,0.00,VEHICLE,0,0,
-82.0936,-903.1044,-0.3287,245.8628,0.00,VEHICLE,0,0,
-79.1600,-904.5442,-0.3049,250.4479,0.00,VEHICLE,0,0,
-76.1113,-905.7548,-0.2737,255.7100,0.00,VEHICLE,0,0,
-73.2795,-906.6047,-0.2335,260.2994,0.00,VEHICLE,0,0,
-70.3767,-907.2158,-0.1736,264.1759,0.00,VEHICLE,0,0,
-67.2817,-907.6306,-0.1047,267.4526,0.00,VEHICLE,0,0,
-63.9317,-907.8698,-0.0580,270.1593,0.00,VEHICLE,0,0,
-60.4854,-907.9438,-0.0508,272.2274,0.00,VEHICLE,0,0,
-56.9472,-907.8768,-0.0685,273.7821,0.00,VEHICLE,0,0,
-53.2725,-907.6862,-0.0765,274.9643,0.00,VEHICLE,0,0,
-51.1672,-907.5322,-0.0724,275.4912,0.00,VEHICLE,0,0,
-48.9265,-907.3391,-0.0618,275.9080,0.00,VEHICLE,0,0,
-46.4507,-907.0963,-0.0455,276.1007,0.00,VEHICLE,0,0,
-44.2326,-906.8602,-0.0344,275.9641,0.00,VEHICLE,0,0,
-41.9071,-906.6020,-0.0335,275.4252,0.00,VEHICLE,0,0,
-39.7280,-906.3608,-0.0448,274.5637,0.00,VEHICLE,0,0,
-36.7405,-906.0569,-0.0697,273.1117,0.00,VEHICLE,0,0,
-34.1001,-905.8348,-0.0890,271.8483,0.00,VEHICLE,0,0,
-31.4870,-905.6678,-0.1060,270.6999,0.00,VEHICLE,0,0,
-27.4810,-905.5200,-0.1250,269.1863,0.00,VEHICLE,0,0,
-25.3761,-905.4916,-0.1294,268.5067,0.00,VEHICLE,0,0,
-23.0770,-905.4966,-0.1275,267.8467,0.00,VEHICLE,0,0,
-20.8005,-905.5338,-0.1174,267.2048,0.00,VEHICLE,0,0,
-18.4513,-905.6019,-0.1057,266.4397,0.00,VEHICLE,0,0,
-16.2246,-905.6926,-0.0995,265.5271,0.00,VEHICLE,0,0,
-13.8100,-905.8240,-0.1024,264.2920,0.00,VEHICLE,0,0,
-11.3817,-905.9981,-0.1153,262.8030,0.00,VEHICLE,0,0,
-9.0913,-906.2119,-0.1298,261.3031,0.00,VEHICLE,0,0,
-6.1145,-906.5744,-0.1399,259.4438,0.00,VEHICLE,0,0,
-3.3637,-907.0003,-0.1353,257.9012,0.00,VEHICLE,0,0,
-0.5462,-907.5246,-0.1182,256.5177,0.00,VEHICLE,0,0,
3.3369,-908.3775,-0.0798,254.9266,0.00,VEHICLE,0,0,
5.3966,-908.8835,-0.0545,254.2201,0.00,VEHICLE,0,0,
7.5721,-909.4528,-0.0259,253.5667,0.00,VEHICLE,0,0,
10.1199,-910.1592,0.0088,252.8788,0.00,VEHICLE,0,0,
12.6103,-910.8842,0.0375,252.2021,0.00,VEHICLE,0,0,
15.0795,-911.6335,0.0532,251.4399,0.00,VEHICLE,0,0,
17.6017,-912.4315,0.0498,250.4940,0.00,VEHICLE,0,0,
20.0846,-913.2530,0.0252,249.3669,0.00,VEHICLE,0,0,
22.7448,-914.1809,-0.0241,247.9260,0.00,VEHICLE,0,0,
25.1357,-915.0634,-0.0832,246.4376,0.00,VEHICLE,0,0,
28.0187,-916.2041,-0.1649,244.3939,0.00,VEHICLE,0,0,
30.3927,-917.2153,-0.2317,242.5369,0.00,VEHICLE,0,0,
32.6298,-918.2440,-0.2886,240.6124,0.00,VEHICLE,0,0,
34.6958,-919.2740,-0.3321,238.6272,0.00,VEHICLE,0,0,
36.6052,-920.3105,-0.3603,236.5632,0.00,VEHICLE,0,0,
38.4287,-921.3942,-0.3708,234.3190,0.00,VEHICLE,0,0,
41.7579,-923.6689,-0.3419,229.2693,0.00,VEHICLE,0,0,
44.4925,-925.8909,-0.2879,224.0280,0.00,VEHICLE,0,0,
47.0280,-928.3456,-0.2411,218.0173,0.00,VEHICLE,0,0,
49.3038,-931.0184,-0.2283,211.4028,0.00,VEHICLE,0,0,
51.2319,-933.8397,-0.2601,204.5385,0.00,VEHICLE,0,0,
52.7140,-936.6103,-0.3179,198.0045,0.00,VEHICLE,0,0,
53.8437,-939.4814,-0.3545,192.1281,0.00,VEHICLE,0,0,
54.6110,-942.3530,-0.3256,187.4432,0.00,VEHICLE,0,0,
55.1334,-945.5896,-0.2206,183.3790,0.00,VEHICLE,0,0,
55.4075,-949.0436,-0.0773,180.5765,0.00,VEHICLE,0,0,
55.4903,-952.6317,0.0310,179.9089,0.00,VEHICLE,0,0,
55.4824,-956.0836,0.0862,181.2344,0.00,VEHICLE,0,0,
55.4778,-958.5176,0.1037,182.9746,0.00,VEHICLE,0,0,
55.5417,-961.8359,0.1209,185.4398,0.00,VEHICLE,0,0,
55.6696,-964.4048,0.1249,187.1456,0.00,VEHICLE,0,0,
55.8658,-966.9000,0.1182,188.5899,0.00,VEHICLE,0,0,
56.1080,-969.1959,0.1038,189.7806,0.00,VEHICLE,0,0,
56.4046,-971.4673,0.0841,190.8428,0.00,VEHICLE,0,0,
56.7510,-973.7173,0.0621,191.7859,0.00,VEHICLE,0,0,
57.1545,-976.0153,0.0394,192.6435,0.00,VEHICLE,0,0,
57.6409,-978.2800,0.0174,194.9513,0.00,VEHICLE,0,0,
58.3680,-980.9294,-0.0057,200.8806,0.00,VEHICLE,0,0,
59.3269,-983.3358,-0.0302,206.8534,0.00,VEHICLE,0,0,
60.4966,-985.7327,-0.0464,210.4187,0.00,VEHICLE,0,0,
62.3727,-989.1693,-0.0619,214.4708,0.00,VEHICLE,0,0,
63.4211,-990.8774,-0.0761,216.0301,0.00,VEHICLE,0,0,
65.6571,-994.1661,-0.1358,217.9660,0.00,VEHICLE,0,0,
66.9495,-995.9179,-0.1814,218.3295,0.00,VEHICLE,0,0,
69.3955,-999.0787,-0.2599,217.7993,0.00,VEHICLE,0,0,
71.8618,-1002.2126,-0.2963,215.9199,0.00,VEHICLE,0,0,
73.7978,-1004.8511,-0.3158,209.6409,0.00,VEHICLE,0,0,
75.5449,-1008.1611,-0.3458,187.8453,0.00,VEHICLE,0,0,
76.0363,-1010.2228,-0.3753,174.4327,0.00,VEHICLE,0,0,
75.3368,-1013.1720,-0.4228,160.6992,0.00,VEHICLE,0,0,
74.2394,-1016.2384,-0.2761,154.1804,0.00,VEHICLE,0,0,
73.2154,-1018.4144,-0.1162,151.1531,0.00,VEHICLE,0,0,
71.9558,-1020.7438,0.0350,148.9767,0.00,VEHICLE,0,0,
70.2894,-1023.5826,0.0566,148.1986,0.00,VEHICLE,0,0,
68.9171,-1025.8409,-0.0813,148.6377,0.00,VEHICLE,0,0,
67.2714,-1028.4994,-0.2512,149.7632,0.00,VEHICLE,0,0,
65.7519,-1031.0199,-0.2394,152.4803,0.00,VEHICLE,0,0,
64.5561,-1033.1752,-0.1863,156.0831,0.00,VEHICLE,0,0,
63.1400,-1036.1669,-0.0784,162.2558,0.00,VEHICLE,0,0,
62.1259,-1038.9905,0.0259,167.8157,0.00,VEHICLE,0,0,
61.2995,-1042.3694,0.1073,172.9937,0.00,VEHICLE,0,0,
60.8512,-1045.1521,0.1040,176.2692,0.00,VEHICLE,0,0,
60.5064,-1048.7140,-0.0093,179.4218,0.00,VEHICLE,0,0,
60.3688,-1052.4275,-0.1688,181.7697,0.00,VEHICLE,0,0,
60.3745,-1054.6007,-0.2451,182.8261,0.00,VEHICLE,0,0,
60.4388,-1056.9220,-0.3069,183.7623,0.00,VEHICLE,0,0,
60.5498,-1059.2119,-0.3488,184.5219,0.00,VEHICLE,0,0,
60.7023,-1061.5410,-0.3667,185.1489,0.00,VEHICLE,0,0,
60.8791,-1063.7805,-0.3570,185.6417,0.00,VEHICLE,0,0,
61.2015,-1067.2722,-0.2859,186.2634,0.00,VEHICLE,0,0,
61.4547,-1069.7333,-0.1983,186.6338,0.00,VEHICLE,0,0,
61.8335,-1073.1407,-0.0435,187.0477,0.00,VEHICLE,0,0,
62.3498,-1077.4811,0.1688,187.6439,0.00,VEHICLE,0,0,
62.6728,-1080.0564,0.2531,188.3759,0.00,VEHICLE,0,0,
62.9670,-1082.2504,0.2879,189.2282,0.00,VEHICLE,0,0,
63.3459,-1084.8218,0.2991,190.2571,0.00,VEHICLE,0,0,
63.7110,-1087.0851,0.2852,191.0951,0.00,VEHICLE,0,0,
64.1600,-1089.6472,0.2454,191.9249,0.00,VEHICLE,0,0,
64.6013,-1091.9917,0.1876,192.5785,0.00,VEHICLE,0,0,
65.0163,-1094.0939,0.1129,193.1051,0.00,VEHICLE,0,0,
65.5247,-1096.5553,0.0016,193.6681,0.00,VEHICLE,0,0,
66.4661,-1100.8489,-0.1529,194.5325,0.00,VEHICLE,0,0,
67.0645,-1103.3877,-0.1524,194.9956,0.00,VEHICLE,0,0,
67.6672,-1105.8165,-0.1442,195.4058,0.00,VEHICLE,0,0,
68.4275,-1108.7377,-0.1254,195.8607,0.00,VEHICLE,0,0,
69.2071,-1111.5948,-0.0967,196.2636,0.00,VEHICLE,0,0,
70.0178,-1114.4667,-0.0564,196.7002,0.00,VEHICLE,0,0,
70.7158,-1116.8789,-0.0243,197.2070,0.00,VEHICLE,0,0,
71.6112,-1119.8851,0.0049,198.0784,0.00,VEHICLE,0,0,
72.2774,-1122.0320,0.0247,198.7302,0.00,VEHICLE,0,0,
73.2653,-1125.0774,0.0539,199.5896,0.00,VEHICLE,0,0,
74.1548,-1127.6936,0.0749,200.2359,0.00,VEHICLE,0,0,
75.2362,-1130.7383,0.0919,200.8722,0.00,VEHICLE,0,0,
75.9419,-1132.6616,0.0982,201.2162,0.00,VEHICLE,0,0,
77.0907,-1135.6990,0.1001,201.6417,0.00,VEHICLE,0,0,
78.1516,-1138.4281,0.0942,201.8373,0.00,VEHICLE,0,0,
79.0546,-1140.7074,0.0744,201.8017,0.00,VEHICLE,0,0,
79.9298,-1142.8923,0.0347,201.5927,0.00,VEHICLE,0,0,
81.2071,-1146.0688,-0.0611,201.0051,0.00,VEHICLE,0,0,
82.0578,-1148.1940,-0.1406,200.3889,0.00,VEHICLE,0,0,
82.9950,-1150.5680,-0.1485,199.4487,0.00,VEHICLE,0,0,
83.8156,-1152.7073,-0.1563,198.4316,0.00,VEHICLE,0,0,
84.6675,-1155.0282,-0.1577,197.1488,0.00,VEHICLE,0,0,
85.5825,-1157.6989,-0.1501,195.3540,0.00,VEHICLE,0,0,
86.1936,-1159.6252,-0.1425,193.8466,0.00,VEHICLE,0,0,
87.4545,-1164.3334,-0.1366,189.2497,0.00,VEHICLE,0,0,
87.9651,-1166.8090,-0.1561,186.3512,0.00,VEHICLE,0,0,
88.3144,-1168.9064,-0.1883,183.7228,0.00,VEHICLE,0,0,
88.7373,-1172.7681,-0.2863,178.5280,0.00,VEHICLE,0,0,
88.8264,-1176.9008,-0.4267,172.5224,0.00,VEHICLE,0,0,
88.6397,-1179.6677,-0.4995,168.7448,0.00,VEHICLE,0,0,
88.3288,-1181.9000,-0.5147,166.0795,0.00,VEHICLE,0,0,
87.4872,-1185.6638,-0.4061,162.4279,0.00,VEHICLE,0,0,
86.3936,-1189.2616,-0.1772,159.8785,0.00,VEHICLE,0,0,
85.2240,-1192.5781,0.0399,158.2603,0.00,VEHICLE,0,0,
84.4975,-1194.4924,0.1224,157.5830,0.00,VEHICLE,0,0,
83.7193,-1196.4523,0.1658,157.0408,0.00,VEHICLE,0,0,
82.8564,-1198.5387,0.1740,156.6001,0.00,VEHICLE,0,0,
81.4472,-1201.8058,0.1588,156.1246,0.00,VEHICLE,0,0,
80.3900,-1204.1849,0.1548,155.8865,0.00,VEHICLE,0,0,
79.1819,-1206.8568,0.1543,155.7175,0.00,VEHICLE,0,0,
77.4966,-1210.5442,0.1559,155.6408,0.00,VEHICLE,0,0,
76.6446,-1212.4011,0.1499,155.6640,0.00,VEHICLE,0,0,
75.7720,-1214.3013,0.1360,155.7290,0.00,VEHICLE,0,0,
74.8164,-1216.3817,0.1164,155.9037,0.00,VEHICLE,0,0,
73.9440,-1218.2833,0.0919,156.2336,0.00,VEHICLE,0,0,
72.9767,-1220.4030,0.0529,156.8697,0.00,VEHICLE,0,0,
72.1075,-1222.3333,0.0074,157.6821,0.00,VEHICLE,0,0,
70.9126,-1225.0637,-0.0703,159.1802,0.00,VEHICLE,0,0,
69.0991,-1229.5245,-0.2180,162.3779,0.00,VEHICLE,0,0,
68.1810,-1232.0424,-0.2998,164.4665,0.00,VEHICLE,0,0,
67.3898,-1234.4723,-0.3579,166.4109,0.00,VEHICLE,0,0,
66.7356,-1236.7687,-0.3822,168.0797,0.00,VEHICLE,0,0,
66.1470,-1239.1816,-0.3677,169.6053,0.00,VEHICLE,0,0,
65.6720,-1241.4675,-0.3191,170.8349,0.00,VEHICLE,0,0,
65.2685,-1243.7170,-0.2470,171.8452,0.00,VEHICLE,0,0,
64.9205,-1245.9199,-0.1618,172.6589,0.00,VEHICLE,0,0,
64.5994,-1248.1888,-0.0714,173.3412,0.00,VEHICLE,0,0,
64.3045,-1250.4828,0.0042,173.8943,0.00,VEHICLE,0,0,
63.8276,-1254.6677,0.0776,174.6276,0.00,VEHICLE,0,0,
63.5755,-1257.1571,0.0848,174.9352,0.00,VEHICLE,0,0,
63.3341,-1259.7484,0.0757,175.1767,0.00,VEHICLE,0,0,
63.1101,-1262.3428,0.0609,175.3559,0.00,VEHICLE,0,0,
62.8926,-1265.0319,0.0479,175.4898,0.00,VEHICLE,0,0,
62.5365,-1269.7297,0.0327,175.6208,0.00,VEHICLE,0,0,
62.2456,-1273.7371,0.0237,175.6196,0.00,VEHICLE,0,0,
62.0919,-1275.8904,0.0190,175.5109,0.00,VEHICLE,0,0,
61.9331,-1278.1207,0.0092,175.2365,0.00,VEHICLE,0,0,
61.7126,-1281.1506,-0.0194,174.5166,0.00,VEHICLE,0,0,
61.4928,-1283.9152,-0.0561,173.6210,0.00,VEHICLE,0,0,
61.2325,-1286.7520,-0.0903,172.6847,0.00,VEHICLE,0,0,
60.9050,-1289.7952,-0.1184,171.7590,0.00,VEHICLE,0,0,
60.5507,-1292.6458,-0.1368,170.9867,0.00,VEHICLE,0,0,
60.1494,-1295.5062,-0.1463,170.3030,0.00,VEHICLE,0,0,
59.8146,-1297.6843,-0.1465,169.8424,0.00,VEHICLE,0,0,
59.4557,-1299.8685,-0.1399,169.4501,0.00,VEHICLE,0,0,
58.8990,-1303.0330,-0.1284,169.0963,0.00,VEHICLE,0,0,
58.5161,-1305.0996,-0.1253,169.0793,0.00,VEHICLE,0,0,
58.1137,-1307.2159,-0.1282,169.2783,0.00,VEHICLE,0,0,
57.6661,-1309.5474,-0.1386,169.7658,0.00,VEHICLE,0,0,
57.0869,-1312.6099,-0.1606,170.8004,0.00,VEHICLE,0,0,
56.5771,-1315.4626,-0.1796,172.0013,0.00,VEHICLE,0,0,
56.1505,-1318.0858,-0.1841,173.0756,0.00,VEHICLE,0,0,
55.7771,-1320.6799,-0.1715,174.0368,0.00,VEHICLE,0,0,
55.4436,-1323.3718,-0.1419,174.9244,0.00,VEHICLE,0,0,
54.9934,-1327.9406,-0.0656,176.2219,0.00,VEHICLE,0,0,
54.7924,-1330.5397,-0.0163,176.8574,0.00,VEHICLE,0,0,
54.6263,-1333.0948,0.0300,177.4125,0.00,VEHICLE,0,0,
54.4792,-1335.7811,0.0693,177.9228,0.00,VEHICLE,0,0,
54.2715,-1340.5808,0.0917,178.6613,0.00,VEHICLE,0,0,
54.1155,-1345.6307,0.0556,179.2406,0.00,VEHICLE,0,0,
54.0489,-1348.6843,0.0211,179.5108,0.00,VEHICLE,0,0,
54.0016,-1351.7107,-0.0151,179.7293,0.00,VEHICLE,0,0,
53.9794,-1353.7639,-0.0383,179.8552,0.00,VEHICLE,0,0,
53.9582,-1357.0836,-0.0704,180.0316,0.00,VEHICLE,0,0,
53.9525,-1360.2238,-0.0925,180.1761,0.00,VEHICLE,0,0,
53.9580,-1363.3597,-0.1052,180.3005,0.00,VEHICLE,0,0,
53.9715,-1366.4375,-0.1083,180.4022,0.00,VEHICLE,0,0,
53.9857,-1368.7272,-0.1043,180.4641,0.00,VEHICLE,0,0,
54.0093,-1371.8799,-0.0911,180.5317,0.00,VEHICLE,0,0,
54.0274,-1374.0021,-0.0779,180.5662,0.00,VEHICLE,0,0,
54.0568,-1377.1504,-0.0539,180.6026,0.00,VEHICLE,0,0,
54.0797,-1379.4302,-0.0349,180.6196,0.00,VEHICLE,0,0,
54.1014,-1381.5009,-0.0178,180.6301,0.00,VEHICLE,0,0,
54.1289,-1384.0229,0.0018,180.6366,0.00,VEHICLE,0,0,
54.1578,-1386.5720,0.0198,180.6233,0.00,VEHICLE,0,0,
54.1853,-1388.9159,0.0348,180.5734,0.00,VEHICLE,0,0,
54.2118,-1391.2168,0.0472,180.4935,0.00,VEHICLE,0,0,
54.2490,-1394.7998,0.0593,180.3534,0.00,VEHICLE,0,0,
54.2771,-1398.1447,0.0611,180.2291,0.00,VEHICLE,0,0,
54.2994,-1401.7999,0.0526,180.1112,0.00,VEHICLE,0,0,
54.3127,-1405.2699,0.0364,180.0177,0.00,VEHICLE,0,0,
54.3189,-1408.8624,0.0144,179.9381,0.00,VEHICLE,0,0,
54.3192,-1411.2583,-0.0017,179.8931,0.00,VEHICLE,0,0,
54.3149,-1414.9078,-0.0261,179.8345,0.00,VEHICLE,0,0,
54.3083,-1417.6268,-0.0430,179.7976,0.00,VEHICLE,0,0,
54.2957,-1421.3912,-0.0625,179.7539,0.00,VEHICLE,0,0,
54.2808,-1424.9751,-0.0749,179.7194,0.00,VEHICLE,0,0,
54.2643,-1428.4647,-0.0794,179.6917,0.00,VEHICLE,0,0,
54.2463,-1431.9357,-0.0764,179.6702,0.00,VEHICLE,0,0,
54.2316,-1434.6082,-0.0694,179.6576,0.00,VEHICLE,0,0,
54.2167,-1437.1971,-0.0596,179.6571,0.00,VEHICLE,0,0,
54.2011,-1439.7479,-0.0504,179.6886,0.00,VEHICLE,0,0,
54.1800,-1443.2865,-0.0401,179.7760,0.00,VEHICLE,0,0,
54.1666,-1445.8611,-0.0325,179.8490,0.00,VEHICLE,0,0,
54.1526,-1449.3502,-0.0234,179.9449,0.00,VEHICLE,0,0,
54.1437,-1452.8936,-0.0184,180.0321,0.00,VEHICLE,0,0,
54.1408,-1455.3444,-0.0178,180.0853,0.00,VEHICLE,0,0,
54.1404,-1457.9392,-0.0194,180.1353,0.00,VEHICLE,0,0,
54.1440,-1461.6072,-0.0235,180.1960,0.00,VEHICLE,0,0,
54.1498,-1464.3591,-0.0262,180.2348,0.00,VEHICLE,0,0,
54.1574,-1466.9700,-0.0271,180.2674,0.00,VEHICLE,0,0,
54.1680,-1469.8481,-0.0255,180.2992,0.00,VEHICLE,0,0,
54.1836,-1473.3649,-0.0199,180.3340,0.00,VEHICLE,0,0,
54.1961,-1475.8208,-0.0131,180.3559,0.00,VEHICLE,0,0,
54.2166,-1479.4387,-0.0005,180.3843,0.00,VEHICLE,0,0,
54.2385,-1482.9546,0.0117,180.4068,0.00,VEHICLE,0,0,
54.2621,-1486.4830,0.0192,180.4247,0.00,VEHICLE,0,0,
54.2900,-1490.4155,0.0176,180.4394,0.00,VEHICLE,0,0,
54.3183,-1494.2227,0.0048,180.4502,0.00,VEHICLE,0,0,
54.3468,-1497.9463,-0.0171,180.4586,0.00,VEHICLE,0,0,
54.3657,-1500.3656,-0.0351,180.4630,0.00,VEHICLE,0,0,
54.3959,-1504.1652,-0.0662,180.4691,0.00,VEHICLE,0,0,
54.4267,-1507.9878,-0.0961,180.4747,0.00,VEHICLE,0,0,
54.4577,-1511.7726,-0.1161,180.4802,0.00,VEHICLE,0,0,
54.4871,-1515.3190,-0.1185,180.4871,0.00,VEHICLE,0,0,
54.5146,-1518.5763,-0.1041,180.4950,0.00,VEHICLE,0,0,
54.5424,-1521.8340,-0.0752,180.5030,0.00,VEHICLE,0,0,
54.5703,-1525.0663,-0.0361,180.5101,0.00,VEHICLE,0,0,
54.5988,-1528.3245,0.0055,180.5156,0.00,VEHICLE,0,0,
54.6263,-1531.4264,0.0462,180.5196,0.00,VEHICLE,0,0,
54.6558,-1534.7249,0.0864,180.5227,0.00,VEHICLE,0,0,
54.6777,-1537.1453,0.1095,180.5236,0.00,VEHICLE,0,0,
54.7002,-1539.6028,0.1219,180.5139,0.00,VEHICLE,0,0,
54.7335,-1543.1882,0.1080,180.4532,0.00,VEHICLE,0,0,
54.7572,-1545.7623,0.0771,180.3504,0.00,VEHICLE,0,0,
54.7834,-1548.9192,0.0284,180.1643,0.00,VEHICLE,0,0,
54.8035,-1552.2087,-0.0262,179.9437,0.00,VEHICLE,0,0,
54.8137,-1555.4965,-0.0820,179.7291,0.00,VEHICLE,0,0,
54.8130,-1558.8356,-0.1370,179.5320,0.00,VEHICLE,0,0,
54.8012,-1562.1058,-0.1856,179.3628,0.00,VEHICLE,0,0,
54.7794,-1565.2728,-0.2192,179.2245,0.00,VEHICLE,0,0,
54.7468,-1568.5256,-0.2294,179.1091,0.00,VEHICLE,0,0,
54.7098,-1571.4181,-0.2115,179.0235,0.00,VEHICLE,0,0,
54.6688,-1574.1196,-0.1684,178.9552,0.00,VEHICLE,0,0,
54.5835,-1578.9373,-0.0422,178.8657,0.00,VEHICLE,0,0,
54.5351,-1581.4296,0.0382,178.8339,0.00,VEHICLE,0,0,
54.4839,-1583.9757,0.1228,178.8078,0.00,VEHICLE,0,0,
54.4313,-1586.5270,0.1985,178.7868,0.00,VEHICLE,0,0,
54.3740,-1589.2706,0.2465,178.7677,0.00,VEHICLE,0,0,
54.3161,-1592.0299,0.2357,178.7502,0.00,VEHICLE,0,0,
54.2574,-1594.8248,0.1477,178.7334,0.00,VEHICLE,0,0,
54.1973,-1597.6453,0.0083,178.7181,0.00,VEHICLE,0,0,
54.1345,-1600.5294,-0.1465,178.7034,0.00,VEHICLE,0,0,
54.0680,-1603.5116,-0.2985,178.6879,0.00,VEHICLE,0,0,
54.0016,-1606.4214,-0.4215,178.6677,0.00,VEHICLE,0,0,
53.9390,-1609.1154,-0.4994,178.6414,0.00,VEHICLE,0,0,
53.8755,-1611.8024,-0.5088,178.6003,0.00,VEHICLE,0,0,
53.8225,-1614.0120,-0.4537,178.5357,0.00,VEHICLE,0,0,
53.7239,-1617.8933,-0.2300,178.3839,0.00,VEHICLE,0,0,
53.6167,-1621.6777,0.0651,178.2463,0.00,VEHICLE,0,0,
53.4946,-1625.6580,0.2924,178.1299,0.00,VEHICLE,0,0,
53.4316,-1627.6672,0.3404,178.0767,0.00,VEHICLE,0,0,
53.3680,-1629.6998,0.3387,178.0255,0.00,VEHICLE,0,0,
53.3023,-1631.8099,0.2900,177.9729,0.00,VEHICLE,0,0,
53.2359,-1633.9464,0.2087,177.9177,0.00,VEHICLE,0,0,
53.1674,-1636.1262,0.1104,177.8587,0.00,VEHICLE,0,0,
53.0891,-1638.5555,-0.0027,177.7894,0.00,VEHICLE,0,0,
53.0071,-1640.9904,-0.1094,177.7112,0.00,VEHICLE,0,0,
52.9196,-1643.4591,-0.2114,177.6235,0.00,VEHICLE,0,0,
52.8304,-1645.8358,-0.3022,177.5356,0.00,VEHICLE,0,0,
52.7373,-1648.1825,-0.3784,177.4504,0.00,VEHICLE,0,0,
52.6387,-1650.5400,-0.4350,177.3681,0.00,VEHICLE,0,0,
52.5367,-1652.8678,-0.4604,177.2885,0.00,VEHICLE,0,0,
52.4330,-1655.1388,-0.4464,177.2088,0.00,VEHICLE,0,0,
52.3317,-1657.2843,-0.3958,177.1315,0.00,VEHICLE,0,0,
52.2294,-1659.3890,-0.3123,177.0554,0.00,VEHICLE,0,0,
52.1125,-1661.7196,-0.1890,176.9735,0.00,VEHICLE,0,0,
52.0040,-1663.8208,-0.0638,176.9082,0.00,VEHICLE,0,0,
51.8925,-1665.9272,0.0660,176.8523,0.00,VEHICLE,0,0,
51.7684,-1668.2189,0.1964,176.8014,0.00,VEHICLE,0,0,
51.6523,-1670.3320,0.2856,176.7607,0.00,VEHICLE,0,0,
51.5321,-1672.5015,0.3413,176.7214,0.00,VEHICLE,0,0,
51.4038,-1674.8004,0.3603,176.6805,0.00,VEHICLE,0,0,
51.2766,-1677.0677,0.3362,176.6405,0.00,VEHICLE,0,0,
51.1481,-1679.3463,0.2717,176.6008,0.00,VEHICLE,0,0,
51.0146,-1681.6970,0.1731,176.5591,0.00,VEHICLE,0,0,
50.8753,-1684.1255,0.0556,176.5143,0.00,VEHICLE,0,0,
50.7322,-1686.5812,-0.0595,176.4691,0.00,VEHICLE,0,0,
50.5808,-1689.1343,-0.1682,176.4215,0.00,VEHICLE,0,0,
50.4225,-1691.7494,-0.2663,176.3724,0.00,VEHICLE,0,0,
50.2647,-1694.3053,-0.3460,176.3241,0.00,VEHICLE,0,0,
50.1054,-1696.8373,-0.4030,176.2766,0.00,VEHICLE,0,0,
49.8105,-1701.4155,-0.4157,176.1893,0.00,VEHICLE,0,0,
49.6603,-1703.6971,-0.3662,176.1530,0.00,VEHICLE,0,0,
49.5093,-1705.9596,-0.2817,176.1278,0.00,VEHICLE,0,0,
49.3696,-1708.0291,-0.1827,176.1108,0.00,VEHICLE,0,0,
49.2241,-1710.1660,-0.0705,176.0954,0.00,VEHICLE,0,0,
49.0696,-1712.4211,0.0430,176.0798,0.00,VEHICLE,0,0,
48.9179,-1714.6289,0.1314,176.0660,0.00,VEHICLE,0,0,
48.7604,-1716.9232,0.1882,176.0537,0.00,VEHICLE,0,0,
48.6034,-1719.2133,0.2070,176.0421,0.00,VEHICLE,0,0,
48.4458,-1721.5139,0.1960,176.0294,0.00,VEHICLE,0,0,
48.2801,-1723.9309,0.1631,176.0146,0.00,VEHICLE,0,0,
48.1096,-1726.4126,0.1151,175.9982,0.00,VEHICLE,0,0,
47.9325,-1728.9775,0.0603,175.9810,0.00,VEHICLE,0,0,
47.7522,-1731.5753,0.0035,175.9642,0.00,VEHICLE,0,0,
47.5738,-1734.1287,-0.0491,175.9486,0.00,VEHICLE,0,0,
47.3913,-1736.7230,-0.0951,175.9333,0.00,VEHICLE,0,0,
47.2089,-1739.3021,-0.1307,175.9195,0.00,VEHICLE,0,0,
47.0125,-1742.0635,-0.1579,175.9075,0.00,VEHICLE,0,0,
46.8384,-1744.5032,-0.1746,175.8999,0.00,VEHICLE,0,0,
46.6546,-1747.0726,-0.1861,175.8951,0.00,VEHICLE,0,0,
46.4470,-1749.9628,-0.1890,175.9103,0.00,VEHICLE,0,0,
46.2449,-1752.7589,-0.1846,176.0217,0.00,VEHICLE,0,0,
46.0374,-1755.6299,-0.1795,176.3435,0.00,VEHICLE,0,0,
45.8385,-1758.4620,-0.1805,176.9630,0.00,VEHICLE,0,0,
45.6667,-1761.1471,-0.1852,177.7586,0.00,VEHICLE,0,0,
45.5312,-1763.6628,-0.1855,178.5293,0.00,VEHICLE,0,0,
45.4278,-1766.1302,-0.1756,179.2386,0.00,VEHICLE,0,0,
45.3568,-1768.5248,-0.1548,179.8911,0.00,VEHICLE,0,0,
45.3173,-1770.9578,-0.1139,180.4771,0.00,VEHICLE,0,0,
45.3085,-1773.2372,-0.0609,180.9599,0.00,VEHICLE,0,0,
45.3250,-1775.5759,0.0012,181.4108,0.00,VEHICLE,0,0,
45.3647,-1777.9752,0.0670,181.8328,0.00,VEHICLE,0,0,
45.4216,-1780.3151,0.1197,182.1992,0.00,VEHICLE,0,0,
45.4976,-1782.7764,0.1476,182.5347,0.00,VEHICLE,0,0,
45.5892,-1785.2767,0.1395,182.8268,0.00,VEHICLE,0,0,
45.6901,-1787.6993,0.0940,183.0688,0.00,VEHICLE,0,0,
45.7985,-1790.0472,0.0163,183.2700,0.00,VEHICLE,0,0,
45.9252,-1792.5590,-0.0941,183.4530,0.00,VEHICLE,0,0,
46.0624,-1795.0737,-0.2196,183.6077,0.00,VEHICLE,0,0,
46.2063,-1797.5448,-0.3368,183.7335,0.00,VEHICLE,0,0,
46.3558,-1799.9763,-0.4318,183.8362,0.00,VEHICLE,0,0,
46.5100,-1802.3740,-0.4891,183.9234,0.00,VEHICLE,0,0,
46.6552,-1804.5569,-0.4923,183.9979,0.00,VEHICLE,0,0,
46.8028,-1806.7229,-0.4344,184.0733,0.00,VEHICLE,0,0,
46.9413,-1808.7225,-0.3259,184.1489,0.00,VEHICLE,0,0,
47.2071,-1812.5018,-0.0227,184.2819,0.00,VEHICLE,0,0,
47.4969,-1816.5042,0.2699,184.3762,0.00,VEHICLE,0,0,
47.7961,-1820.4520,0.3848,184.4302,0.00,VEHICLE,0,0,
47.9531,-1822.4570,0.3685,184.4446,0.00,VEHICLE,0,0,
48.3109,-1826.9198,0.2062,184.4587,0.00,VEHICLE,0,0,
48.5116,-1829.4012,0.0543,184.5070,0.00,VEHICLE,0,0,
48.7078,-1831.8340,-0.1223,184.6612,0.00,VEHICLE,0,0,
48.8719,-1833.8755,-0.2712,184.9502,0.00,VEHICLE,0,0,
49.0796,-1836.4210,-0.4397,185.5716,0.00,VEHICLE,0,0,
49.2850,-1838.8036,-0.5612,186.5032,0.00,VEHICLE,0,0,
49.4883,-1840.9232,-0.6253,187.7015,0.00,VEHICLE,0,0,
49.9456,-1844.6193,-0.5815,190.8771,0.00,VEHICLE,0,0,
50.5237,-1847.7620,-0.3471,193.8992,0.00,VEHICLE,0,0,
51.2331,-1850.6980,-0.0425,196.1953,0.00,VEHICLE,0,0,
52.1095,-1853.7966,0.1864,197.9887,0.00,VEHICLE,0,0,
53.1646,-1857.1678,0.2379,199.3831,0.00,VEHICLE,0,0,
54.3343,-1860.6276,0.1062,200.4052,0.00,VEHICLE,0,0,
55.6915,-1864.3859,-0.1299,201.1929,0.00,VEHICLE,0,0,
56.4309,-1866.3472,-0.2294,201.5129,0.00,VEHICLE,0,0,
57.1580,-1868.2314,-0.2949,201.7821,0.00,VEHICLE,0,0,
57.9136,-1870.1520,-0.3274,202.0263,0.00,VEHICLE,0,0,
59.4044,-1873.8641,-0.3041,202.4048,0.00,VEHICLE,0,0,
60.9252,-1877.5815,-0.2106,202.6492,0.00,VEHICLE,0,0,
61.7127,-1879.4869,-0.1572,202.7347,0.00,VEHICLE,0,0,
62.5027,-1881.3867,-0.1127,202.8028,0.00,VEHICLE,0,0,
63.3115,-1883.3214,-0.0760,202.8589,0.00,VEHICLE,0,0,
64.1575,-1885.3363,-0.0389,202.9065,0.00,VEHICLE,0,0,
65.0023,-1887.3412,-0.0004,202.9474,0.00,VEHICLE,0,0,
65.8760,-1889.4091,0.0436,202.9867,0.00,VEHICLE,0,0,
66.7317,-1891.4297,0.0895,203.0218,0.00,VEHICLE,0,0,
67.6070,-1893.4932,0.1309,203.0529,0.00,VEHICLE,0,0,
68.4912,-1895.5743,0.1595,203.0788,0.00,VEHICLE,0,0,
69.3889,-1897.6849,0.1686,203.1013,0.00,VEHICLE,0,0,
70.4271,-1900.1239,0.1508,203.1289,0.00,VEHICLE,0,0,
71.5601,-1902.7859,0.1010,203.2112,0.00,VEHICLE,0,0,
72.6289,-1905.2972,0.0280,203.4048,0.00,VEHICLE,0,0,
73.6908,-1907.7878,-0.0676,203.7765,0.00,VEHICLE,0,0,
74.7774,-1910.3167,-0.1738,204.3649,0.00,VEHICLE,0,0,
75.7862,-1912.6244,-0.2617,204.9553,0.00,VEHICLE,0,0,
76.7908,-1914.8702,-0.3246,205.4958,0.00,VEHICLE,0,0,
77.8038,-1917.0748,-0.3512,205.9613,0.00,VEHICLE,0,0,
78.7729,-1919.1267,-0.3368,206.3400,0.00,VEHICLE,0,0,
79.6978,-1921.0365,-0.2869,206.6517,0.00,VEHICLE,0,0,
80.6198,-1922.8997,-0.2086,206.9263,0.00,VEHICLE,0,0,
81.5655,-1924.7784,-0.1138,207.1771,0.00,VEHICLE,0,0,
82.5657,-1926.7397,-0.0102,207.4028,0.00,VEHICLE,0,0,
83.6569,-1928.8583,0.0845,207.6014,0.00,VEHICLE,0,0,
84.8293,-1931.1169,0.1508,207.7856,0.00,VEHICLE,0,0,
85.9557,-1933.2742,0.1654,208.0020,0.00,VEHICLE,0,0,
87.1506,-1935.5494,0.1282,208.4001,0.00,VEHICLE,0,0,
88.3066,-1937.7318,0.0549,209.0770,0.00,VEHICLE,0,0,
89.4977,-1939.9430,-0.0382,210.0986,0.00,VEHICLE,0,0,
90.6789,-1942.0787,-0.1384,211.3893,0.00,VEHICLE,0,0,
91.9176,-1944.2382,-0.2458,212.9787,0.00,VEHICLE,0,0,
93.1551,-1946.2996,-0.3487,214.7478,0.00,VEHICLE,0,0,
94.4615,-1948.3567,-0.4414,216.7736,0.00,VEHICLE,0,0,
95.6300,-1950.0823,-0.4972,218.6996,0.00,VEHICLE,0,0,
97.8130,-1952.9696,-0.4813,222.3294,0.00,VEHICLE,0,0,
99.8004,-1955.2236,-0.3143,225.0034,0.00,VEHICLE,0,0,
101.8749,-1957.3236,-0.0706,227.0546,0.00,VEHICLE,0,0,
104.0652,-1959.3918,0.1070,228.6124,0.00,VEHICLE,0,0,
106.7746,-1961.8207,0.1330,229.9347,0.00,VEHICLE,0,0,
109.4620,-1964.1199,-0.0163,230.7935,0.00,VEHICLE,0,0,
111.0222,-1965.4121,-0.1318,231.1439,0.00,VEHICLE,0,0,
114.1954,-1967.9756,-0.3016,231.8204,0.00,VEHICLE,0,0,
115.7809,-1969.2336,-0.3444,232.3139,0.00,VEHICLE,0,0,
117.4067,-1970.5092,-0.3650,233.0349,0.00,VEHICLE,0,0,
120.2491,-1972.6787,-0.3472,234.5741,0.00,VEHICLE,0,0,
123.1889,-1974.8097,-0.2536,236.0063,0.00,VEHICLE,0,0,
126.1332,-1976.8322,-0.1132,237.1450,0.00,VEHICLE,0,0,
129.1826,-1978.8335,0.0375,238.0463,0.00,VEHICLE,0,0,
132.4705,-1980.9163,0.1635,238.7789,0.00,VEHICLE,0,0,
134.2811,-1982.0399,0.2033,239.1309,0.00,VEHICLE,0,0,
136.2689,-1983.2605,0.2159,239.5962,0.00,VEHICLE,0,0,
138.2478,-1984.4634,0.1887,240.2366,0.00,VEHICLE,0,0,
140.3092,-1985.6997,0.1141,241.1368,0.00,VEHICLE,0,0,
142.2828,-1986.8612,0.0052,242.2386,0.00,VEHICLE,0,0,
144.2387,-1987.9817,-0.1211,243.5634,0.00,VEHICLE,0,0,
146.1861,-1989.0533,-0.2426,244.9331,0.00,VEHICLE,0,0,
148.1761,-1990.0922,-0.3465,246.2275,0.00,VEHICLE,0,0,
150.0681,-1991.0219,-0.4170,247.3232,0.00,VEHICLE,0,0,
151.9227,-1991.8754,-0.4504,248.2828,0.00,VEHICLE,0,0,
155.2851,-1993.2826,-0.3971,249.7181,0.00,VEHICLE,0,0,
158.4801,-1994.4877,-0.2184,250.7197,0.00,VEHICLE,0,0,
161.6735,-1995.6187,0.0066,251.3939,0.00,VEHICLE,0,0,
164.7870,-1996.6819,0.1736,251.8119,0.00,VEHICLE,0,0,
166.6863,-1997.3163,0.2381,251.9851,0.00,VEHICLE,0,0,
168.7005,-1997.9788,0.2660,252.1560,0.00,VEHICLE,0,0,
170.7187,-1998.6332,0.2543,252.3880,0.00,VEHICLE,0,0,
172.9171,-1999.3342,0.1971,252.7884,0.00,VEHICLE,0,0,
175.0656,-2000.0051,0.1001,253.3889,0.00,VEHICLE,0,0,
177.2638,-2000.6732,-0.0274,254.2732,0.00,VEHICLE,0,0,
179.5981,-2001.3555,-0.1735,255.5174,0.00,VEHICLE,0,0,
181.7432,-2001.9513,-0.3054,256.9199,0.00,VEHICLE,0,0,
184.0899,-2002.5582,-0.4309,258.7377,0.00,VEHICLE,0,0,
186.1019,-2003.0302,-0.5071,260.4342,0.00,VEHICLE,0,0,
189.7841,-2003.7319,-0.5206,263.4163,0.00,VEHICLE,0,0,
193.0980,-2004.1587,-0.3775,265.6244,0.00,VEHICLE,0,0,
196.3432,-2004.4196,-0.1432,267.2370,0.00,VEHICLE,0,0,
199.8391,-2004.5970,0.0860,268.4303,0.00,VEHICLE,0,0,
203.3912,-2004.7163,0.2043,269.2542,0.00,VEHICLE,0,0,
207.1014,-2004.7927,0.2142,269.8523,0.00,VEHICLE,0,0,
211.1147,-2004.8259,0.1415,270.3130,0.00,VEHICLE,0,0,
213.1649,-2004.8252,0.0849,270.4967,0.00,VEHICLE,0,0,
215.2951,-2004.8134,0.0143,270.6531,0.00,VEHICLE,0,0,
217.4748,-2004.7911,-0.0659,270.7774,0.00,VEHICLE,0,0,
219.5959,-2004.7620,-0.1417,270.8695,0.00,VEHICLE,0,0,
221.8346,-2004.7249,-0.2111,270.9449,0.00,VEHICLE,0,0,
224.0617,-2004.6836,-0.2646,271.0078,0.00,VEHICLE,0,0,
226.4014,-2004.6377,-0.2987,271.0704,0.00,VEHICLE,0,0,
228.6871,-2004.5918,-0.3089,271.1257,0.00,VEHICLE,0,0,
230.8793,-2004.5477,-0.2983,271.1675,0.00,VEHICLE,0,0,
233.1192,-2004.5028,-0.2690,271.1975,0.00,VEHICLE,0,0,
235.3438,-2004.4580,-0.2256,271.2159,0.00,VEHICLE,0,0,
237.5880,-2004.4125,-0.1720,271.2286,0.00,VEHICLE,0,0,
239.8576,-2004.3657,-0.1122,271.2420,0.00,VEHICLE,0,0,
242.2518,-2004.3153,-0.0461,271.2599,0.00,VEHICLE,0,0,
244.5502,-2004.2659,0.0183,271.2797,0.00,VEHICLE,0,0,
246.9894,-2004.2125,0.0862,271.3012,0.00,VEHICLE,0,0,
249.3724,-2004.1600,0.1496,271.3223,0.00,VEHICLE,0,0,
251.7660,-2004.1072,0.2024,271.3461,0.00,VEHICLE,0,0,
254.2706,-2004.0521,0.2390,271.3775,0.00,VEHICLE,0,0,
256.7756,-2003.9973,0.2490,271.4161,0.00,VEHICLE,0,0,
259.5524,-2003.9369,0.2248,271.4664,0.00,VEHICLE,0,0,
262.1644,-2003.8800,0.1690,271.5187,0.00,VEHICLE,0,0,
264.8792,-2003.8202,0.0834,271.5764,0.00,VEHICLE,0,0,
267.5738,-2003.7592,-0.0111,271.6356,0.00,VEHICLE,0,0,
270.3869,-2003.6924,-0.1061,271.6941,0.00,VEHICLE,0,0,
273.1743,-2003.6224,-0.1916,271.7468,0.00,VEHICLE,0,0,
275.8705,-2003.5505,-0.2632,271.7963,0.00,VEHICLE,0,0,
278.8486,-2003.4662,-0.3277,271.8539,0.00,VEHICLE,0,0,
280.9336,-2003.4039,-0.3607,271.9020,0.00,VEHICLE,0,0,
283.7824,-2003.3156,-0.3819,272.0350,0.00,VEHICLE,0,0,
286.7369,-2003.2195,-0.3758,272.3300,0.00,VEHICLE,0,0,
289.3617,-2003.1265,-0.3420,272.8497,0.00,VEHICLE,0,0,
291.6349,-2003.0316,-0.2869,273.4416,0.00,VEHICLE,0,0,
294.0165,-2002.9091,-0.2003,274.0792,0.00,VEHICLE,0,0,
298.2733,-2002.6232,0.0055,275.0860,0.00,VEHICLE,0,0,
300.5788,-2002.4358,0.1148,275.5474,0.00,VEHICLE,0,0,
303.0251,-2002.2164,0.1962,275.9746,0.00,VEHICLE,0,0,
305.4559,-2001.9816,0.2264,276.3419,0.00,VEHICLE,0,0,
307.8653,-2001.7350,0.2026,276.6573,0.00,VEHICLE,0,0,
310.2882,-2001.4751,0.1361,276.9349,0.00,VEHICLE,0,0,
313.0432,-2001.1655,0.0362,277.2096,0.00,VEHICLE,0,0,
315.7635,-2000.8458,-0.0603,277.4395,0.00,VEHICLE,0,0,
317.8182,-2000.5955,-0.1255,277.5857,0.00,VEHICLE,0,0,
320.2811,-2000.2854,-0.1926,277.7261,0.00,VEHICLE,0,0,
322.4332,-2000.0063,-0.2412,277.7994,0.00,VEHICLE,0,0,
324.4491,-1999.7383,-0.2816,277.7957,0.00,VEHICLE,0,0,
327.4369,-1999.3331,-0.3344,277.6215,0.00,VEHICLE,0,0,
330.3593,-1998.9381,-0.3645,277.3719,0.00,VEHICLE,0,0,
333.0248,-1998.5851,-0.3601,277.1470,0.00,VEHICLE,0,0,
335.5128,-1998.2646,-0.3249,276.9684,0.00,VEHICLE,0,0,
338.0741,-1997.9448,-0.2567,276.8245,0.00,VEHICLE,0,0,
340.3518,-1997.6678,-0.1742,276.7199,0.00,VEHICLE,0,0,
342.6285,-1997.3971,-0.0786,276.6284,0.00,VEHICLE,0,0,
344.9021,-1997.1312,0.0205,276.5430,0.00,VEHICLE,0,0,
347.6154,-1996.8184,0.1290,276.4512,0.00,VEHICLE,0,0,
350.0300,-1996.5428,0.1955,276.3831,0.00,VEHICLE,0,0,
354.5956,-1996.0277,0.2268,276.2815,0.00,VEHICLE,0,0,
356.7732,-1995.7845,0.2150,276.2105,0.00,VEHICLE,0,0,
359.4875,-1995.4844,0.1934,276.0688,0.00,VEHICLE,0,0,
362.1545,-1995.1952,0.1647,275.9102,0.00,VEHICLE,0,0,
364.8096,-1994.9147,0.1337,275.7589,0.00,VEHICLE,0,0,
367.5454,-1994.6333,0.0986,275.6222,0.00,VEHICLE,0,0,
370.2829,-1994.3590,0.0538,275.5108,0.00,VEHICLE,0,0,
372.9285,-1994.0999,-0.0019,275.4263,0.00,VEHICLE,0,0,
375.8580,-1993.8188,-0.0758,275.3553,0.00,VEHICLE,0,0,
378.6383,-1993.5564,-0.1457,275.3037,0.00,VEHICLE,0,0,
381.3599,-1993.3026,-0.2071,275.2619,0.00,VEHICLE,0,0,
384.4164,-1993.0204,-0.2579,275.2206,0.00,VEHICLE,0,0,
386.9273,-1992.7902,-0.2798,275.1894,0.00,VEHICLE,0,0,
389.3800,-1992.5664,-0.2804,275.1619,0.00,VEHICLE,0,0,
392.1286,-1992.3168,-0.2536,275.1335,0.00,VEHICLE,0,0,
394.6740,-1992.0861,-0.2071,275.0801,0.00,VEHICLE,0,0,
397.2321,-1991.8550,-0.1462,274.9489,0.00,VEHICLE,0,0,
399.6155,-1991.6429,-0.0796,274.7783,0.00,VEHICLE,0,0,
401.8838,-1991.4463,-0.0089,274.6077,0.00,VEHICLE,0,0,
404.1119,-1991.2592,0.0648,274.4465,0.00,VEHICLE,0,0,
406.4680,-1991.0681,0.1432,274.2893,0.00,VEHICLE,0,0,
408.8238,-1990.8837,0.2129,274.1483,0.00,VEHICLE,0,0,
411.1362,-1990.7083,0.2615,274.0261,0.00,VEHICLE,0,0,
413.8474,-1990.5089,0.2882,273.9027,0.00,VEHICLE,0,0,
416.3734,-1990.3282,0.2753,273.8044,0.00,VEHICLE,0,0,
418.7430,-1990.1624,0.2285,273.7246,0.00,VEHICLE,0,0,
421.1961,-1989.9939,0.1473,273.6521,0.00,VEHICLE,0,0,
423.6553,-1989.8279,0.0433,273.5868,0.00,VEHICLE,0,0,
426.1602,-1989.6617,-0.0675,273.5273,0.00,VEHICLE,0,0,
428.6919,-1989.4967,-0.1716,273.4763,0.00,VEHICLE,0,0,
431.6508,-1989.3075,-0.2737,273.4290,0.00,VEHICLE,0,0,
434.1894,-1989.1484,-0.3390,273.3958,0.00,VEHICLE,0,0,
436.7041,-1988.9941,-0.3786,273.3678,0.00,VEHICLE,0,0,
439.5331,-1988.8240,-0.3861,273.3461,0.00,VEHICLE,0,0,
441.9450,-1988.6812,-0.3558,273.3394,0.00,VEHICLE,0,0,
444.1245,-1988.5533,-0.2980,273.3413,0.00,VEHICLE,0,0,
446.5195,-1988.4135,-0.2043,273.3489,0.00,VEHICLE,0,0,
448.7148,-1988.2849,-0.1002,273.3574,0.00,VEHICLE,0,0,
450.9190,-1988.1555,0.0128,273.3640,0.00,VEHICLE,0,0,
455.6607,-1987.8759,0.2501,273.3783,0.00,VEHICLE,0,0,
458.1146,-1987.7313,0.3312,273.3915,0.00,VEHICLE,0,0,
460.5587,-1987.5879,0.3632,273.4073,0.00,VEHICLE,0,0,
462.9149,-1987.4501,0.3460,273.4244,0.00,VEHICLE,0,0,
465.1544,-1987.3197,0.2867,273.4415,0.00,VEHICLE,0,0,
467.6118,-1987.1766,0.1807,273.4620,0.00,VEHICLE,0,0,
470.2183,-1987.0245,0.0463,273.4865,0.00,VEHICLE,0,0,
472.7207,-1986.8774,-0.0791,273.5099,0.00,VEHICLE,0,0,
475.4815,-1986.7133,-0.2010,273.5332,0.00,VEHICLE,0,0,
478.3445,-1986.5406,-0.3041,273.5574,0.00,VEHICLE,0,0,
480.8928,-1986.3848,-0.3755,273.5821,0.00,VEHICLE,0,0,
483.4076,-1986.2289,-0.4241,273.6099,0.00,VEHICLE,0,0,
485.9250,-1986.0713,-0.4481,273.6391,0.00,VEHICLE,0,0,
488.3471,-1985.9186,-0.4411,273.6722,0.00,VEHICLE,0,0,
490.6437,-1985.7728,-0.4037,273.7180,0.00,VEHICLE,0,0,
492.7906,-1985.6356,-0.3427,273.7751,0.00,VEHICLE,0,0,
494.9628,-1985.4954,-0.2581,273.8458,0.00,VEHICLE,0,0,
497.0840,-1985.3562,-0.1594,273.9157,0.00,VEHICLE,0,0,
499.2069,-1985.2147,-0.0521,273.9760,0.00,VEHICLE,0,0,
501.3301,-1985.0707,0.0555,274.0237,0.00,VEHICLE,0,0,
503.6723,-1984.9091,0.1583,274.0646,0.00,VEHICLE,0,0,
506.1197,-1984.7378,0.2269,274.1003,0.00,VEHICLE,0,0,
508.5515,-1984.5658,0.2453,274.1324,0.00,VEHICLE,0,0,
510.9676,-1984.3939,0.2176,274.1622,0.00,VEHICLE,0,0,
513.3233,-1984.2258,0.1549,274.1899,0.00,VEHICLE,0,0,
515.7459,-1984.0524,0.0741,274.2162,0.00,VEHICLE,0,0,
518.5449,-1983.8512,-0.0134,274.2403,0.00,VEHICLE,0,0,
521.0310,-1983.6716,-0.0807,274.2552,0.00,VEHICLE,0,0,
523.5632,-1983.4877,-0.1387,274.2708,0.00,VEHICLE,0,0,
526.0576,-1983.3052,-0.1890,274.2918,0.00,VEHICLE,0,0,
528.6008,-1983.1176,-0.2372,274.3204,0.00,VEHICLE,0,0,
531.1752,-1982.9259,-0.2823,274.3539,0.00,VEHICLE,0,0,
533.7598,-1982.7317,-0.3231,274.3882,0.00,VEHICLE,0,0,
536.4210,-1982.5298,-0.3539,274.4216,0.00,VEHICLE,0,0,
539.1539,-1982.3206,-0.3638,274.4527,0.00,VEHICLE,0,0,
541.8169,-1982.1150,-0.3439,274.4771,0.00,VEHICLE,0,0,
544.2617,-1981.9249,-0.2975,274.4938,0.00,VEHICLE,0,0,
546.5087,-1981.7490,-0.2326,274.5039,0.00,VEHICLE,0,0,
548.7572,-1981.5719,-0.1504,274.5111,0.00,VEHICLE,0,0,
550.9882,-1981.3954,-0.0586,274.5194,0.00,VEHICLE,0,0,
553.3040,-1981.2113,0.0384,274.5329,0.00,VEHICLE,0,0,
555.5427,-1981.0331,0.1193,274.5490,0.00,VEHICLE,0,0,
557.9101,-1980.8444,0.1852,274.5681,0.00,VEHICLE,0,0,
560.1343,-1980.6671,0.2262,274.5865,0.00,VEHICLE,0,0,
562.4100,-1980.4858,0.2445,274.6046,0.00,VEHICLE,0,0,
564.7708,-1980.2981,0.2475,274.6217,0.00,VEHICLE,0,0,
567.2764,-1980.0990,0.2404,274.6398,0.00,VEHICLE,0,0,
569.8407,-1979.8953,0.2179,274.6626,0.00,VEHICLE,0,0,
572.3446,-1979.6963,0.1766,274.6895,0.00,VEHICLE,0,0,
574.8948,-1979.4934,0.1106,274.7215,0.00,VEHICLE,0,0,
577.4908,-1979.2861,0.0192,274.7573,0.00,VEHICLE,0,0,
580.0670,-1979.0793,-0.0888,274.7949,0.00,VEHICLE,0,0,
582.7587,-1978.8613,-0.2035,274.8344,0.00,VEHICLE,0,0,
585.4343,-1978.6421,-0.3034,274.8671,0.00,VEHICLE,0,0,
588.4172,-1978.3944,-0.3812,274.8941,0.00,VEHICLE,0,0,
590.8587,-1978.1891,-0.4106,274.9142,0.00,VEHICLE,0,0,
593.1713,-1977.9926,-0.4019,274.9359,0.00,VEHICLE,0,0,
595.5554,-1977.7881,-0.3517,274.9667,0.00,VEHICLE,0,0,
597.8619,-1977.5894,-0.2722,275.0411,0.00,VEHICLE,0,0,
600.1498,-1977.3926,-0.1795,275.2869,0.00,VEHICLE,0,0,
602.5401,-1977.1848,-0.0874,275.9100,0.00,VEHICLE,0,0,
604.7062,-1976.9852,-0.0139,276.8047,0.00,VEHICLE,0,0,
606.7766,-1976.7715,0.0566,277.7548,0.00,VEHICLE,0,0,
609.0029,-1976.5088,0.1363,278.7380,0.00,VEHICLE,0,0,
611.1678,-1976.2194,0.2113,279.6016,0.00,VEHICLE,0,0,
613.3207,-1975.8990,0.2773,280.3620,0.00,VEHICLE,0,0,
615.5981,-1975.5287,0.3239,281.0794,0.00,VEHICLE,0,0,
617.7747,-1975.1492,0.3339,281.6975,0.00,VEHICLE,0,0,
620.1222,-1974.7150,0.3025,282.2982,0.00,VEHICLE,0,0,
622.3356,-1974.2850,0.2343,282.8096,0.00,VEHICLE,0,0,
624.7119,-1973.8021,0.1264,283.3062,0.00,VEHICLE,0,0,
627.1696,-1973.2797,-0.0037,283.7687,0.00,VEHICLE,0,0,
629.5526,-1972.7501,-0.1266,284.1664,0.00,VEHICLE,0,0,
631.8904,-1972.2086,-0.2329,284.4918,0.00,VEHICLE,0,0,
634.2913,-1971.6295,-0.3176,284.7640,0.00,VEHICLE,0,0,
636.5975,-1971.0521,-0.3694,284.9947,0.00,VEHICLE,0,0,
638.7939,-1970.4846,-0.3908,285.2072,0.00,VEHICLE,0,0,
640.9380,-1969.9164,-0.3842,285.4106,0.00,VEHICLE,0,0,
643.1270,-1969.3245,-0.3518,285.6118,0.00,VEHICLE,0,0,
645.2925,-1968.7300,-0.3030,285.7914,0.00,VEHICLE,0,0,
647.4739,-1968.1235,-0.2402,285.9470,0.00,VEHICLE,0,0,
649.6624,-1967.5083,-0.1694,286.0822,0.00,VEHICLE,0,0,
651.8909,-1966.8751,-0.0933,286.2025,0.00,VEHICLE,0,0,
654.1370,-1966.2303,-0.0140,286.3095,0.00,VEHICLE,0,0,
656.5496,-1965.5308,0.0728,286.4114,0.00,VEHICLE,0,0,
658.9488,-1964.8287,0.1582,286.4967,0.00,VEHICLE,0,0,
661.3085,-1964.1331,0.2392,286.5613,0.00,VEHICLE,0,0,
663.7164,-1963.4191,0.3038,286.6049,0.00,VEHICLE,0,0,
668.4717,-1962.0006,0.3409,286.6497,0.00,VEHICLE,0,0,
671.1935,-1961.1864,0.2631,286.6663,0.00,VEHICLE,0,0,
673.9802,-1960.3533,0.0926,286.6812,0.00,VEHICLE,0,0,
676.7209,-1959.5361,-0.0745,286.7169,0.00,VEHICLE,0,0,
679.2545,-1958.7804,-0.1158,286.7691,0.00,VEHICLE,0,0,
681.8049,-1958.0173,-0.2066,286.8091,0.00,VEHICLE,0,0,
684.2402,-1957.2866,-0.3222,286.8080,0.00,VEHICLE,0,0,
686.4344,-1956.6270,-0.4316,286.7542,0.00,VEHICLE,0,0,
688.3922,-1956.0383,-0.5187,286.6522,0.00,VEHICLE,0,0,
691.5800,-1955.0853,-0.6182,286.4417,0.00,VEHICLE,0,0,
694.0774,-1954.3459,-0.6663,286.3442,0.00,VEHICLE,0,0,
696.4091,-1953.6605,-0.6883,286.4750,0.00,VEHICLE,0,0,
699.0430,-1952.8846,-0.6619,287.4630,0.00,VEHICLE,0,0,
701.1979,-1952.2192,-0.5913,289.1414,0.00,VEHICLE,0,0,
703.0952,-1951.5800,-0.5057,291.1517,0.00,VEHICLE,0,0,
705.5031,-1950.6608,-0.4099,294.1675,0.00,VEHICLE,0,0,
707.9256,-1949.6040,-0.3860,299.0380,0.00,VEHICLE,0,0,
709.7133,-1948.6827,-0.3847,305.1266,0.00,VEHICLE,0,0,
711.5555,-1947.4893,-0.3619,312.9616,0.00,VEHICLE,0,0,
713.3458,-1945.9615,-0.3268,322.1782,0.00,VEHICLE,0,0,
714.9536,-1944.0863,-0.3024,332.2201,0.00,VEHICLE,0,0,
716.1804,-1942.0753,-0.3522,340.5242,0.00,VEHICLE,0,0,
716.9922,-1940.1543,-0.4529,346.4867,0.00,VEHICLE,0,0,
717.6782,-1937.4940,-0.5198,352.5807,0.00,VEHICLE,0,0,
718.0296,-1934.8622,-0.3095,356.3150,0.00,VEHICLE,0,0,
718.1922,-1932.8088,-0.1086,357.8989,0.00,VEHICLE,0,0,
718.3016,-1930.4258,0.0037,358.9191,0.00,VEHICLE,0,0,
718.3537,-1928.1818,-0.0005,359.4590,0.00,VEHICLE,0,0,
718.3851,-1925.0516,-0.0895,359.8958,0.00,VEHICLE,0,0,
718.3966,-1921.7832,-0.1727,0.1696,0.00,VEHICLE,0,0,
718.3937,-1918.3903,-0.1766,0.3599,0.00,VEHICLE,0,0,
718.3764,-1915.2007,-0.1306,0.5460,0.00,VEHICLE,0,0,
718.3461,-1911.9015,-0.0913,0.7772,0.00,VEHICLE,0,0,
718.3096,-1908.9565,-0.0917,0.9261,0.00,VEHICLE,0,0,
718.2488,-1905.0591,-0.1493,0.6087,0.00,VEHICLE,0,0,
718.2183,-1902.8293,-0.1912,0.1792,0.00,VEHICLE,0,0,
718.1945,-1898.7949,-0.2339,359.3888,0.00,VEHICLE,0,0,
718.2028,-1896.3458,-0.2375,358.9792,0.00,VEHICLE,0,0,
718.2275,-1893.9413,-0.2279,358.6332,0.00,VEHICLE,0,0,
718.2701,-1891.4070,-0.2081,358.3139,0.00,VEHICLE,0,0,
718.3292,-1888.8468,-0.1829,358.0196,0.00,VEHICLE,0,0,
718.4039,-1886.2413,-0.1607,357.7336,0.00,VEHICLE,0,0,
718.4724,-1884.1838,-0.1478,357.5162,0.00,VEHICLE,0,0,
718.5853,-1881.1787,-0.1320,357.2226,0.00,VEHICLE,0,0,
718.7081,-1878.2635,-0.1210,356.9716,0.00,VEHICLE,0,0,
718.8030,-1876.1879,-0.1133,356.8174,0.00,VEHICLE,0,0,
719.0447,-1871.3524,-0.0896,356.4920,0.00,VEHICLE,0,0,
719.1980,-1868.5538,-0.0718,356.3157,0.00,VEHICLE,0,0,
719.5028,-1863.4703,-0.0333,356.0366,0.00,VEHICLE,0,0,
719.6410,-1861.3257,-0.0177,355.9319,0.00,VEHICLE,0,0,
719.8327,-1858.4698,0.0013,355.8054,0.00,VEHICLE,0,0,
720.0427,-1855.4734,0.0196,355.6917,0.00,VEHICLE,0,0,
720.2640,-1852.4305,0.0388,355.5960,0.00,VEHICLE,0,0,
720.5032,-1849.2462,0.0612,355.5153,0.00,VEHICLE,0,0,
720.6736,-1847.0295,0.0792,355.4700,0.00,VEHICLE,0,0,
720.8508,-1844.7625,0.0987,355.4411,0.00,VEHICLE,0,0,
721.0384,-1842.4045,0.1188,355.4696,0.00,VEHICLE,0,0,
721.2953,-1839.2069,0.1415,355.6315,0.00,VEHICLE,0,0,
721.5789,-1835.6158,0.1616,355.8773,0.00,VEHICLE,0,0,
721.8233,-1832.4069,0.1697,356.0989,0.00,VEHICLE,0,0,
722.0626,-1829.1256,0.1684,356.3096,0.00,VEHICLE,0,0,
722.2903,-1825.8577,0.1583,356.4994,0.00,VEHICLE,0,0,
722.5109,-1822.5443,0.1419,356.6697,0.00,VEHICLE,0,0,
722.7231,-1819.2054,0.1200,356.8207,0.00,VEHICLE,0,0,
722.9296,-1815.8074,0.0911,356.9594,0.00,VEHICLE,0,0,
723.0654,-1813.4839,0.0666,357.0479,0.00,VEHICLE,0,0,
723.2985,-1809.3256,0.0123,357.1950,0.00,VEHICLE,0,0,
723.4392,-1806.7069,-0.0269,357.2798,0.00,VEHICLE,0,0,
723.5804,-1803.9967,-0.0679,357.3851,0.00,VEHICLE,0,0,
723.7225,-1801.1842,-0.1101,357.5576,0.00,VEHICLE,0,0,
723.8968,-1797.5526,-0.1653,357.8941,0.00,VEHICLE,0,0,
723.9999,-1795.2134,-0.1967,358.1332,0.00,VEHICLE,0,0,
724.1030,-1792.6316,-0.2241,358.3926,0.00,VEHICLE,0,0,
724.2250,-1789.0952,-0.2513,358.7248,0.00,VEHICLE,0,0,
724.3219,-1785.6567,-0.2593,359.0075,0.00,VEHICLE,0,0,
724.4030,-1781.9764,-0.2407,359.2606,0.00,VEHICLE,0,0,
724.4579,-1778.7349,-0.2006,359.4446,0.00,VEHICLE,0,0,
724.4916,-1776.1855,-0.1548,359.5673,0.00,VEHICLE,0,0,
724.5314,-1772.2360,-0.0696,359.7258,0.00,VEHICLE,0,0,
724.5551,-1768.9993,0.0017,359.8291,0.00,VEHICLE,0,0,
724.5680,-1766.6217,0.0503,359.8902,0.00,VEHICLE,0,0,
724.5805,-1763.3939,0.1065,359.9557,0.00,VEHICLE,0,0,
724.5860,-1761.1370,0.1355,359.9913,0.00,VEHICLE,0,0,
724.5891,-1758.9155,0.1564,0.0200,0.00,VEHICLE,0,0,
724.5897,-1755.2738,0.1768,0.0560,0.00,VEHICLE,0,0,
724.5856,-1751.7141,0.1830,0.0800,0.00,VEHICLE,0,0,
724.5785,-1748.3285,0.1797,0.0942,0.00,VEHICLE,0,0,
724.5687,-1744.8102,0.1673,0.0994,0.00,VEHICLE,0,0,
724.5576,-1741.2324,0.1465,0.0961,0.00,VEHICLE,0,0,
724.5462,-1737.6381,0.1179,0.0856,0.00,VEHICLE,0,0,
724.5389,-1735.2134,0.0960,0.0760,0.00,VEHICLE,0,0,
724.5322,-1732.7708,0.0735,0.0663,0.00,VEHICLE,0,0,
724.5234,-1729.0593,0.0413,0.0525,0.00,VEHICLE,0,0,
724.5169,-1725.4998,0.0161,0.0388,0.00,VEHICLE,0,0,
724.5125,-1721.9390,-0.0037,0.0220,0.00,VEHICLE,0,0,
724.5098,-1718.4598,-0.0194,0.0032,0.00,VEHICLE,0,0,
724.5087,-1714.9480,-0.0339,359.9863,0.00,VEHICLE,0,0,
724.5089,-1711.4457,-0.0468,359.9736,0.00,VEHICLE,0,0,
724.5100,-1707.9879,-0.0565,359.9641,0.00,VEHICLE,0,0,
724.5112,-1705.6338,-0.0608,359.9584,0.00,VEHICLE,0,0,
724.5137,-1701.9410,-0.0639,359.9502,0.00,VEHICLE,0,0,
724.5167,-1698.5076,-0.0648,359.9440,0.00,VEHICLE,0,0,
724.5204,-1694.9250,-0.0665,359.9409,0.00,VEHICLE,0,0,
724.5245,-1691.4542,-0.0708,359.9414,0.00,VEHICLE,0,0,
724.5287,-1687.9028,-0.0777,359.9437,0.00,VEHICLE,0,0,
724.5331,-1684.3157,-0.0858,359.9463,0.00,VEHICLE,0,0,
724.5361,-1681.6826,-0.0907,359.9476,0.00,VEHICLE,0,0,
724.5386,-1679.3522,-0.0937,359.9488,0.00,VEHICLE,0,0,
724.5425,-1675.4253,-0.0954,359.9520,0.00,VEHICLE,0,0,
724.5448,-1672.9111,-0.0947,359.9550,0.00,VEHICLE,0,0,
724.5477,-1669.3501,-0.0926,359.9598,0.00,VEHICLE,0,0,
724.5500,-1665.8300,-0.0891,359.9646,0.00,VEHICLE,0,0,
724.5520,-1662.4132,-0.0824,359.9693,0.00,VEHICLE,0,0,
724.5538,-1658.9508,-0.0706,359.9746,0.00,VEHICLE,0,0,
724.5551,-1655.5350,-0.0535,359.9797,0.00,VEHICLE,0,0,
724.5560,-1652.8202,-0.0364,359.9831,0.00,VEHICLE,0,0,
724.5568,-1649.8777,-0.0165,359.9852,0.00,VEHICLE,0,0,
724.5577,-1646.3707,0.0069,359.9856,0.00,VEHICLE,0,0,
724.5582,-1643.9432,0.0217,359.9844,0.00,VEHICLE,0,0,
724.5590,-1640.4323,0.0407,359.9816,0.00,VEHICLE,0,0,
724.5599,-1636.8916,0.0577,359.9775,0.00,VEHICLE,0,0,
724.5607,-1634.3602,0.0686,359.9739,0.00,VEHICLE,0,0,
724.5616,-1631.8643,0.0779,359.9702,0.00,VEHICLE,0,0,
724.5630,-1628.2594,0.0883,359.9652,0.00,VEHICLE,0,0,
724.5648,-1624.5364,0.0921,359.9607,0.00,VEHICLE,0,0,
724.5670,-1620.6256,0.0865,359.9569,0.00,VEHICLE,0,0,
724.5684,-1618.1346,0.0775,359.9548,0.00,VEHICLE,0,0,
724.5700,-1615.3184,0.0630,359.9528,0.00,VEHICLE,0,0,
724.5717,-1612.4739,0.0451,359.9515,0.00,VEHICLE,0,0,
724.5735,-1609.6455,0.0251,359.9509,0.00,VEHICLE,0,0,
724.5753,-1606.7806,0.0033,359.9509,0.00,VEHICLE,0,0,
724.5771,-1603.8777,-0.0211,359.9510,0.00,VEHICLE,0,0,
724.5791,-1600.9423,-0.0486,359.9508,0.00,VEHICLE,0,0,
724.5812,-1597.9758,-0.0798,359.9504,0.00,VEHICLE,0,0,
724.5837,-1594.6812,-0.1165,359.9503,0.00,VEHICLE,0,0,
724.5861,-1591.6941,-0.1488,359.9501,0.00,VEHICLE,0,0,
724.5887,-1588.6799,-0.1774,359.9496,0.00,VEHICLE,0,0,
724.5916,-1585.7188,-0.1987,359.9476,0.00,VEHICLE,0,0,
724.5947,-1582.4625,-0.2131,359.9428,0.00,VEHICLE,0,0,
724.5979,-1579.3615,-0.2167,359.9355,0.00,VEHICLE,0,0,
724.6017,-1575.8121,-0.2034,359.9214,0.00,VEHICLE,0,0,
724.6055,-1572.4825,-0.1717,359.9008,0.00,VEHICLE,0,0,
724.6103,-1569.0039,-0.1175,359.8699,0.00,VEHICLE,0,0,
724.6160,-1565.7870,-0.0521,359.8358,0.00,VEHICLE,0,0,
724.6233,-1562.6125,0.0196,359.8005,0.00,VEHICLE,0,0,
724.6323,-1559.4695,0.0721,359.7681,0.00,VEHICLE,0,0,
724.6428,-1556.3397,0.0494,359.7410,0.00,VEHICLE,0,0,
724.6540,-1553.2694,-0.0431,359.7221,0.00,VEHICLE,0,0,
724.6661,-1550.1570,-0.0624,359.7197,0.00,VEHICLE,0,0,
725.2127,-1544.4696,1.6848,359.7381,0.00,VEHICLE,0,0,
725.2127,-1544.4696,-0.3663,359.7381,0.00,VEHICLE,0,0,
725.2127,-1544.4696,-0.3663,359.7381,0.00,VEHICLE,0,0,
