route,tuyen2.csv,-1586.9786,73.6285,3.5391,122.6465,0.00,VEHICLE,0,0,
-1586.9786,73.6285,3.5391,122.6465,0.00,VEHICLE,0,0,
-1588.9470,72.3674,3.5497,122.6465,0.00,VEHICLE,0,0,
-1590.7035,71.2418,3.5492,122.6465,0.00,VEHICLE,0,0,
-1592.4487,70.1167,3.5566,122.6420,0.00,VEHICLE,0,0,
-1594.4189,68.8539,3.5507,122.6469,0.00,VEHICLE,0,0,
-1596.6932,67.3925,3.5530,122.6521,0.00,VEHICLE,0,0,
-1598.4248,66.1857,3.5491,124.2918,0.00,VEHICLE,0,0,
-1600.3395,64.6258,3.5801,128.5183,0.00,VEHICLE,0,0,
-1602.3065,63.0103,3.5636,129.3669,0.00,VEHICLE,0,0,
-1604.4257,61.2439,3.5653,129.4855,0.00,VEHICLE,0,0,
-1606.5596,59.4574,3.5512,129.4831,0.00,VEHICLE,0,0,
-1608.1027,58.1681,3.5484,129.4801,0.00,VEHICLE,0,0,
-1609.6708,56.8658,3.5478,129.4809,0.00,VEHICLE,0,0,
-1611.2531,55.5595,3.5476,129.4840,0.00,VEHICLE,0,0,
-1612.9027,54.2032,3.5477,129.4881,0.00,VEHICLE,0,0,
-1614.5952,52.8144,3.5478,129.4914,0.00,VEHICLE,0,0,
-1616.3025,51.4131,3.5478,129.4934,0.00,VEHICLE,0,0,
-1617.9987,50.0191,3.5473,129.4942,0.00,VEHICLE,0,0,
-1619.6404,48.6677,3.5462,129.4945,0.00,VEHICLE,0,0,
-1621.2894,47.3082,3.5453,129.4938,0.00,VEHICLE,0,0,
-1622.9435,45.9436,3.5454,129.4924,0.00,VEHICLE,0,0,
-1624.4753,44.6167,3.5462,130.3649,0.00,VEHICLE,0,0,
-1626.1643,43.0880,3.5469,131.7713,0.00,VEHICLE,0,0,
-1627.8772,41.5297,3.5472,132.1902,0.00,VEHICLE,0,0,
-1629.5558,39.9981,3.5474,132.2958,0.00,VEHICLE,0,0,
-1631.3406,38.3675,3.5471,132.3244,0.00,VEHICLE,0,0,
-1633.1289,36.7335,3.5470,132.3307,0.00,VEHICLE,0,0,
-1634.8623,35.1516,3.5470,132.3323,0.00,VEHICLE,0,0,
-1636.4904,33.6780,3.5469,132.2063,0.00,VEHICLE,0,0,
-1638.3041,32.1567,3.5468,130.5053,0.00,VEHICLE,0,0,
-1640.2534,30.5688,3.5466,129.3185,0.00,VEHICLE,0,0,
-1642.1660,29.0274,3.5460,128.9909,0.00,VEHICLE,0,0,
-1644.0195,27.5388,3.5453,128.9085,0.00,VEHICLE,0,0,
-1645.8860,26.0406,3.5449,128.8880,0.00,VEHICLE,0,0,
-1647.6707,24.6038,3.5446,128.9196,0.00,VEHICLE,0,0,
-1649.2788,23.2415,3.5445,129.8898,0.00,VEHICLE,0,0,
-1650.8560,21.8747,3.5444,130.6934,0.00,VEHICLE,0,0,
-1652.5208,20.4239,3.5447,130.9509,0.00,VEHICLE,0,0,
-1654.1260,19.0217,3.5455,131.0161,0.00,VEHICLE,0,0,
-1655.8246,17.5371,3.5462,131.0336,0.00,VEHICLE,0,0,
-1657.5514,16.0291,3.5466,131.0377,0.00,VEHICLE,0,0,
-1659.3037,14.5013,3.5468,131.0391,0.00,VEHICLE,0,0,
-1661.0814,12.9533,3.5469,131.0403,0.00,VEHICLE,0,0,
-1662.8977,11.3731,3.5469,131.0415,0.00,VEHICLE,0,0,
-1664.7006,9.8051,3.5470,131.0424,0.00,VEHICLE,0,0,
-1666.5499,8.1965,3.5470,131.0430,0.00,VEHICLE,0,0,
-1668.4355,6.5560,3.5470,131.0432,0.00,VEHICLE,0,0,
-1670.3622,4.8790,3.5470,131.0431,0.00,VEHICLE,0,0,
-1672.2518,3.2337,3.5470,131.0428,0.00,VEHICLE,0,0,
-1674.1621,1.5702,3.5470,131.0425,0.00,VEHICLE,0,0,
-1676.1047,-0.1245,3.5511,131.0392,0.00,VEHICLE,0,0,
-1678.0392,-1.8103,3.5569,131.0400,0.00,VEHICLE,0,0,
-1680.0319,-3.5448,3.5545,131.0412,0.00,VEHICLE,0,0,
-1682.0205,-5.2743,3.5493,131.0425,0.00,VEHICLE,0,0,
-1683.9628,-6.9634,3.5474,131.0434,0.00,VEHICLE,0,0,
-1686.0623,-8.7488,3.5470,130.5261,0.00,VEHICLE,0,0,
-1688.1755,-10.4492,3.5469,129.0692,0.00,VEHICLE,0,0,
-1690.2365,-12.0871,3.5483,128.5415,0.00,VEHICLE,0,0,
-1692.2423,-13.6667,3.5535,128.3994,0.00,VEHICLE,0,0,
-1694.2538,-15.2452,3.5584,128.3636,0.00,VEHICLE,0,0,
-1696.2296,-16.8010,3.5506,128.3547,0.00,VEHICLE,0,0,
-1698.1780,-18.3424,3.5461,128.3495,0.00,VEHICLE,0,0,
-1700.1525,-19.9097,3.5447,128.3444,0.00,VEHICLE,0,0,
-1702.0907,-21.4498,3.5445,128.3396,0.00,VEHICLE,0,0,
-1703.9548,-22.9300,3.5444,128.3363,0.00,VEHICLE,0,0,
-1705.7448,-24.3490,3.5444,128.3346,0.00,VEHICLE,0,0,
-1707.5178,-25.7461,3.5525,128.3426,0.00,VEHICLE,0,0,
-1709.4064,-27.2181,3.5558,128.1580,0.00,VEHICLE,0,0,
-1711.2401,-28.4920,3.5536,125.8628,0.00,VEHICLE,0,0,
-1713.0858,-29.5701,3.5472,121.8033,0.00,VEHICLE,0,0,
-1714.9275,-30.4186,3.5444,116.7578,0.00,VEHICLE,0,0,
-1716.9037,-31.1818,3.5432,112.2747,0.00,VEHICLE,0,0,
-1718.8633,-31.9026,3.5583,110.6960,0.00,VEHICLE,0,0,
-1720.8097,-32.5982,3.5575,110.3118,0.00,VEHICLE,0,0,
-1723.6322,-33.4493,3.5655,107.5222,0.00,VEHICLE,0,0,
-1726.3528,-33.9221,3.5482,101.0925,0.00,VEHICLE,0,0,
-1728.9711,-34.2773,3.5445,98.3628,0.00,VEHICLE,0,0,
-1731.7330,-34.6415,3.5447,97.9240,0.00,VEHICLE,0,0,
-1734.2606,-34.7795,3.5445,94.2392,0.00,VEHICLE,0,0,
-1736.6481,-34.5248,3.5436,86.2552,0.00,VEHICLE,0,0,
-1738.8163,-33.8675,3.5442,76.6736,0.00,VEHICLE,0,0,
-1740.8508,-32.8273,3.5476,66.4640,0.00,VEHICLE,0,0,
-1742.6505,-31.4041,3.5516,55.5325,0.00,VEHICLE,0,0,
-1744.0585,-29.7140,3.5482,44.2491,0.00,VEHICLE,0,0,
-1745.0919,-27.7368,3.5439,32.2284,0.00,VEHICLE,0,0,
-1745.7762,-25.5302,3.5433,20.9200,0.00,VEHICLE,0,0,
-1746.4417,-23.2334,3.5455,17.3620,0.00,VEHICLE,0,0,
-1747.1563,-20.7704,3.5467,16.9067,0.00,VEHICLE,0,0,
-1747.8949,-18.1596,3.5472,16.1397,0.00,VEHICLE,0,0,
-1748.3918,-15.4104,3.5473,10.9942,0.00,VEHICLE,0,0,
-1748.6395,-12.6849,3.5466,6.0384,0.00,VEHICLE,0,0,
-1748.8710,-9.8685,3.5468,5.0343,0.00,VEHICLE,0,0,
-1749.0995,-6.9768,3.5473,4.8902,0.00,VEHICLE,0,0,
-1749.2609,-4.9563,3.5475,4.8729,0.00,VEHICLE,0,0,
-1749.4266,-2.9309,3.5476,4.8674,0.00,VEHICLE,0,0,
-1749.6001,-0.8640,3.5476,4.8639,0.00,VEHICLE,0,0,
-1749.7794,1.2354,3.5476,4.8607,0.00,VEHICLE,0,0,
-1749.9678,3.4146,3.5475,4.8580,0.00,VEHICLE,0,0,
-1750.1672,5.7175,3.5472,4.8559,0.00,VEHICLE,0,0,
-1750.3649,8.0085,3.5470,4.8547,0.00,VEHICLE,0,0,
-1750.5593,10.2769,3.5469,4.8545,0.00,VEHICLE,0,0,
-1750.7583,12.6145,3.5469,4.8550,0.00,VEHICLE,0,0,
-1750.9509,14.8860,3.5469,4.8557,0.00,VEHICLE,0,0,
-1751.1445,17.1735,3.5469,4.8565,0.00,VEHICLE,0,0,
-1751.3462,19.5572,3.5469,4.8571,0.00,VEHICLE,0,0,
-1751.5531,21.9990,3.5469,4.8573,0.00,VEHICLE,0,0,
-1751.7585,24.4197,3.5469,4.8573,0.00,VEHICLE,0,0,
-1751.9700,26.9914,3.5469,4.7500,0.00,VEHICLE,0,0,
-1752.0731,29.6982,3.5469,2.6301,0.00,VEHICLE,0,0,
-1752.0804,32.2126,3.5467,0.4932,0.00,VEHICLE,0,0,
-1752.0657,34.7342,3.5465,359.7736,0.00,VEHICLE,0,0,
-1752.0404,37.2884,3.5465,359.5731,0.00,VEHICLE,0,0,
-1752.0110,39.8502,3.5467,359.5187,0.00,VEHICLE,0,0,
-1751.9802,42.5086,3.5468,359.5048,0.00,VEHICLE,0,0,
-1751.9518,45.1511,3.5469,359.5014,0.00,VEHICLE,0,0,
-1751.9257,47.8154,3.5469,359.4998,0.00,VEHICLE,0,0,
-1751.9019,50.5146,3.5469,359.4980,0.00,VEHICLE,0,0,
-1751.8794,53.2572,3.5469,359.4960,0.00,VEHICLE,0,0,
-1751.8573,56.0716,3.5469,359.4944,0.00,VEHICLE,0,0,
-1751.8353,58.8467,3.5469,359.4934,0.00,VEHICLE,0,0,
-1751.8114,61.6755,3.5469,359.4931,0.00,VEHICLE,0,0,
-1751.7866,64.5157,3.5469,359.4933,0.00,VEHICLE,0,0,
-1751.7615,67.3413,3.5470,359.4937,0.00,VEHICLE,0,0,
-1751.7360,70.1921,3.5470,359.4943,0.00,VEHICLE,0,0,
-1751.7106,73.0190,3.5470,359.4947,0.00,VEHICLE,0,0,
-1751.6847,75.9019,3.5469,359.4949,0.00,VEHICLE,0,0,
-1751.6588,78.8051,3.5468,359.4950,0.00,VEHICLE,0,0,
-1751.6338,81.6410,3.5467,359.4949,0.00,VEHICLE,0,0,
-1751.6085,84.4953,3.5467,359.4948,0.00,VEHICLE,0,0,
-1751.5826,87.4330,3.5467,359.4946,0.00,VEHICLE,0,0,
-1751.5571,90.3475,3.5467,359.4945,0.00,VEHICLE,0,0,
-1751.5313,93.2844,3.5467,359.4944,0.00,VEHICLE,0,0,
-1751.5439,96.3646,3.5467,0.1562,0.00,VEHICLE,0,0,
-1751.6655,99.3320,3.5466,2.1562,0.00,VEHICLE,0,0,
-1751.8334,102.4641,3.5464,3.0964,0.00,VEHICLE,0,0,
-1752.0084,105.3998,3.5458,3.3515,0.00,VEHICLE,0,0,
-1752.1869,108.2914,3.5452,3.4212,0.00,VEHICLE,0,0,
-1752.3624,111.0985,3.5448,3.4387,0.00,VEHICLE,0,0,
-1752.5376,113.9164,3.5445,3.4418,0.00,VEHICLE,0,0,
-1752.7152,116.8111,3.5444,3.4418,0.00,VEHICLE,0,0,
-1752.8901,119.7021,3.5444,3.4423,0.00,VEHICLE,0,0,
-1753.0652,122.6339,3.5446,3.4365,0.00,VEHICLE,0,0,
-1753.2007,125.5372,3.5453,2.8045,0.00,VEHICLE,0,0,
-1753.3167,128.3806,3.5459,2.3915,0.00,VEHICLE,0,0,
-1753.4252,131.1631,3.5458,2.2726,0.00,VEHICLE,0,0,
-1753.5272,133.8305,3.5452,2.2399,0.00,VEHICLE,0,0,
-1753.6317,136.5716,3.5448,2.2308,0.00,VEHICLE,0,0,
-1753.7161,139.3782,3.5445,1.8325,0.00,VEHICLE,0,0,
-1753.7277,141.9606,3.5445,0.5374,0.00,VEHICLE,0,0,
-1753.7264,144.5775,3.5445,0.0252,0.00,VEHICLE,0,0,
-1753.7189,147.1391,3.5446,359.8862,0.00,VEHICLE,0,0,
-1753.7087,149.6856,3.5445,359.8487,0.00,VEHICLE,0,0,
-1753.6986,152.1475,3.5448,359.8401,0.00,VEHICLE,0,0,
-1753.6890,154.6599,3.5456,359.8380,0.00,VEHICLE,0,0,
-1753.6809,157.1463,3.5463,359.8372,0.00,VEHICLE,0,0,
-1753.6736,159.6543,3.5467,359.8365,0.00,VEHICLE,0,0,
-1753.6669,162.1353,3.5469,359.8357,0.00,VEHICLE,0,0,
-1753.6602,164.6778,3.5469,359.8351,0.00,VEHICLE,0,0,
-1753.6790,167.4693,3.5469,0.2639,0.00,VEHICLE,0,0,
-1753.8452,170.2554,3.5468,2.9433,0.00,VEHICLE,0,0,
-1754.0991,172.8704,3.5465,5.2625,0.00,VEHICLE,0,0,
-1754.3877,175.5458,3.5463,6.0524,0.00,VEHICLE,0,0,
-1754.6854,178.1887,3.5464,6.2614,0.00,VEHICLE,0,0,
-1755.0093,181.0449,3.5522,6.2376,0.00,VEHICLE,0,0,
-1755.3296,184.0044,3.5791,6.0647,0.00,VEHICLE,0,0,
-1755.7506,186.9308,3.5976,8.4102,0.00,VEHICLE,0,0,
-1756.3080,189.6847,3.5862,11.4819,0.00,VEHICLE,0,0,
-1756.9352,192.4342,3.5702,12.9226,0.00,VEHICLE,0,0,
-1757.6652,195.4600,3.5670,13.3285,0.00,VEHICLE,0,0,
-1758.4312,198.5674,3.5818,13.4146,0.00,VEHICLE,0,0,
-1759.1414,201.4461,3.5957,13.4268,0.00,VEHICLE,0,0,
-1759.8704,204.4317,3.6080,13.4221,0.00,VEHICLE,0,0,
-1760.5393,207.4023,3.6186,12.6615,0.00,VEHICLE,0,0,
-1761.0574,210.4760,3.6385,9.7518,0.00,VEHICLE,0,0,
-1761.2834,213.4193,3.9996,4.6313,0.00,VEHICLE,0,0,
-1761.1771,216.2560,4.4780,358.0776,0.00,VEHICLE,0,0,
-1760.7827,218.9714,5.0061,351.9961,0.00,VEHICLE,0,0,
-1760.1202,221.6834,5.4962,345.9816,0.00,VEHICLE,0,0,
-1759.3055,224.2212,5.9398,341.3148,0.00,VEHICLE,0,0,
-1758.3795,226.7552,6.2803,338.6800,0.00,VEHICLE,0,0,
-1757.3090,229.3359,6.4495,337.7138,0.00,VEHICLE,0,0,
-1756.2280,231.9431,6.4133,337.2752,0.00,VEHICLE,0,0,
-1755.3052,234.3811,6.3576,338.0591,0.00,VEHICLE,0,0,
-1754.3501,236.8148,6.3973,339.0847,0.00,VEHICLE,0,0,
-1753.4175,239.2387,6.4694,339.4962,0.00,VEHICLE,0,0,
-1752.4888,241.7087,6.5381,339.6098,0.00,VEHICLE,0,0,
-1751.5323,244.2969,6.6056,339.6332,0.00,VEHICLE,0,0,
-1750.6080,246.8227,6.6704,339.6311,0.00,VEHICLE,0,0,
-1749.6602,249.4189,6.7362,339.6252,0.00,VEHICLE,0,0,
-1748.7128,252.0045,6.8007,339.6221,0.00,VEHICLE,0,0,
-1747.7518,254.6116,6.8650,339.6223,0.00,VEHICLE,0,0,
-1746.7742,257.2492,6.9298,339.6250,0.00,VEHICLE,0,0,
-1745.7811,259.9164,6.9956,339.6289,0.00,VEHICLE,0,0,
-1744.8079,262.5262,7.0598,339.6314,0.00,VEHICLE,0,0,
-1743.8492,265.0966,7.1225,339.6340,0.00,VEHICLE,0,0,
-1742.8760,267.7098,7.1691,339.6349,0.00,VEHICLE,0,0,
-1741.9004,270.3458,7.1900,339.7092,0.00,VEHICLE,0,0,
-1741.0490,272.9332,7.1849,341.4598,0.00,VEHICLE,0,0,
-1740.3280,275.3537,7.1797,343.1849,0.00,VEHICLE,0,0,
-1739.6093,277.8427,7.1779,343.7625,0.00,VEHICLE,0,0,
-1738.9774,280.2515,7.1774,344.7258,0.00,VEHICLE,0,0,
-1738.4641,282.8084,7.1773,347.8154,0.00,VEHICLE,0,0,
-1738.1820,285.2767,7.1769,352.3110,0.00,VEHICLE,0,0,
-1738.1437,287.5986,7.1762,357.4669,0.00,VEHICLE,0,0,
-1738.3309,289.8637,7.1755,3.1324,0.00,VEHICLE,0,0,
-1738.7490,292.0833,7.1753,9.0760,0.00,VEHICLE,0,0,
-1739.4324,294.3289,7.1750,15.4375,0.00,VEHICLE,0,0,
-1740.3478,296.4538,7.1735,21.7317,0.00,VEHICLE,0,0,
-1741.4578,298.4088,7.1714,27.8544,0.00,VEHICLE,0,0,
-1742.7662,300.2777,7.1392,33.4459,0.00,VEHICLE,0,0,
-1744.2339,302.1396,7.0993,37.2920,0.00,VEHICLE,0,0,
-1745.6670,303.9445,7.0391,40.0357,0.00,VEHICLE,0,0,
-1747.1714,305.7036,7.0226,42.0759,0.00,VEHICLE,0,0,
-1748.8085,307.4895,7.0219,42.4724,0.00,VEHICLE,0,0,
-1750.4657,309.2954,7.0228,42.5038,0.00,VEHICLE,0,0,
-1752.1150,311.0953,7.0232,42.5122,0.00,VEHICLE,0,0,
-1753.7474,312.8782,7.0234,42.5156,0.00,VEHICLE,0,0,
-1755.4360,314.7227,7.0235,42.5173,0.00,VEHICLE,0,0,
-1757.1465,316.5902,7.0235,42.5181,0.00,VEHICLE,0,0,
-1758.8475,318.4466,7.0235,42.5182,0.00,VEHICLE,0,0,
-1760.5508,320.3048,7.0670,42.5120,0.00,VEHICLE,0,0,
-1762.2767,322.1890,7.2213,42.4957,0.00,VEHICLE,0,0,
-1763.9999,324.0709,7.4833,42.4911,0.00,VEHICLE,0,0,
-1765.7477,325.9807,7.7921,42.4895,0.00,VEHICLE,0,0,
-1767.4586,327.8515,8.1509,42.4744,0.00,VEHICLE,0,0,
-1769.1613,329.7138,8.5533,42.4670,0.00,VEHICLE,0,0,
-1770.8698,331.5826,8.9894,42.4652,0.00,VEHICLE,0,0,
-1772.5284,333.3985,9.5050,42.4348,0.00,VEHICLE,0,0,
-1774.1660,335.1923,10.0739,42.4135,0.00,VEHICLE,0,0,
-1775.8125,336.9965,10.6988,42.4140,0.00,VEHICLE,0,0,
-1777.3536,338.6879,11.3764,42.3746,0.00,VEHICLE,0,0,
-1778.8491,340.3305,12.0817,42.3267,0.00,VEHICLE,0,0,
-1780.3500,341.9809,12.8791,42.3235,0.00,VEHICLE,0,0,
-1781.7898,343.5625,13.6268,42.3306,0.00,VEHICLE,0,0,
-1783.2281,345.1399,14.3069,42.3556,0.00,VEHICLE,0,0,
-1784.6550,346.7044,14.9452,42.3699,0.00,VEHICLE,0,0,
-1786.1417,348.3384,15.5264,42.2768,0.00,VEHICLE,0,0,
-1787.5498,349.9283,15.9902,41.6716,0.00,VEHICLE,0,0,
-1788.8339,351.4645,16.3452,40.2537,0.00,VEHICLE,0,0,
-1790.5924,353.7443,16.6230,37.6378,0.00,VEHICLE,0,0,
-1792.0641,356.0058,16.8045,33.5828,0.00,VEHICLE,0,0,
-1793.3898,358.2513,16.9470,30.7465,0.00,VEHICLE,0,0,
-1794.7721,360.6964,17.0586,29.9581,0.00,VEHICLE,0,0,
-1796.0098,363.2609,17.1032,26.3549,0.00,VEHICLE,0,0,
-1796.9733,365.9880,17.0940,20.0824,0.00,VEHICLE,0,0,
-1797.5322,368.8421,17.0995,12.1945,0.00,VEHICLE,0,0,
-1797.6320,371.6949,17.0972,3.3396,0.00,VEHICLE,0,0,
-1797.2584,374.4316,17.0863,353.9824,0.00,VEHICLE,0,0,
-1796.4274,376.9809,17.0737,344.0854,0.00,VEHICLE,0,0,
-1795.1394,379.3326,17.0684,333.5251,0.00,VEHICLE,0,0,
-1793.4235,381.3995,17.0591,322.5759,0.00,VEHICLE,0,0,
-1791.4575,383.2799,17.0378,315.0711,0.00,VEHICLE,0,0,
-1789.4094,385.1698,17.0681,313.6302,0.00,VEHICLE,0,0,
-1787.9883,386.6210,17.1484,315.2774,0.00,VEHICLE,0,0,
-1786.1343,388.8376,17.3601,319.6293,0.00,VEHICLE,0,0,
-1784.8302,390.4380,17.5177,320.4518,0.00,VEHICLE,0,0,
-1783.5663,392.0412,17.6679,321.0427,0.00,VEHICLE,0,0,
-1782.3512,393.7047,17.8496,322.6984,0.00,VEHICLE,0,0,
-1781.1292,395.3794,18.0449,323.3279,0.00,VEHICLE,0,0,
-1779.8666,397.1071,18.2751,323.5094,0.00,VEHICLE,0,0,
-1778.5994,398.8349,18.5055,323.5604,0.00,VEHICLE,0,0,
-1777.2059,400.6909,18.7572,323.2149,0.00,VEHICLE,0,0,
-1775.8894,402.3474,19.0849,322.0011,0.00,VEHICLE,0,0,
-1774.5177,404.0669,19.4743,321.5510,0.00,VEHICLE,0,0,
-1773.1639,405.7602,19.9291,321.4214,0.00,VEHICLE,0,0,
-1771.7579,407.5154,20.3962,321.3839,0.00,VEHICLE,0,0,
-1770.3933,409.2794,20.8589,322.0838,0.00,VEHICLE,0,0,
-1769.0710,411.0266,21.3710,322.7701,0.00,VEHICLE,0,0,
-1767.7885,412.7299,21.8969,322.9915,0.00,VEHICLE,0,0,
-1766.5654,414.3607,22.4384,323.0439,0.00,VEHICLE,0,0,
-1764.8738,416.6191,23.1827,323.0638,0.00,VEHICLE,0,0,
-1763.1434,418.9284,23.9887,323.1075,0.00,VEHICLE,0,0,
-1761.9741,420.4904,24.5853,323.1649,0.00,VEHICLE,0,0,
-1760.7572,422.1176,25.2597,323.1819,0.00,VEHICLE,0,0,
-1759.5272,423.7657,25.9486,323.1784,0.00,VEHICLE,0,0,
-1758.2817,425.4352,26.6305,323.1768,0.00,VEHICLE,0,0,
-1757.0331,427.1104,27.3054,323.1809,0.00,VEHICLE,0,0,
-1755.7233,428.8667,28.0264,323.2047,0.00,VEHICLE,0,0,
-1754.3829,430.5989,28.7526,322.4914,0.00,VEHICLE,0,0,
-1752.9652,432.2460,29.4761,319.9752,0.00,VEHICLE,0,0,
-1751.5033,433.7830,30.1708,317.1382,0.00,VEHICLE,0,0,
-1750.0385,435.2904,30.8498,316.0191,0.00,VEHICLE,0,0,
-1748.5466,436.8082,31.5133,315.6988,0.00,VEHICLE,0,0,
-1747.0642,438.3072,32.1395,315.6008,0.00,VEHICLE,0,0,
-1745.5945,439.7911,32.7258,315.5791,0.00,VEHICLE,0,0,
-1744.1093,441.2941,33.3105,315.5768,0.00,VEHICLE,0,0,
-1742.6458,442.7804,33.8928,315.5757,0.00,VEHICLE,0,0,
-1741.0253,444.3898,34.5338,315.0435,0.00,VEHICLE,0,0,
-1739.4071,445.8743,35.0704,313.0870,0.00,VEHICLE,0,0,
-1737.7832,447.3141,35.4892,311.8501,0.00,VEHICLE,0,0,
-1736.1272,448.7816,35.8378,311.1126,0.00,VEHICLE,0,0,
-1734.5081,450.1873,36.1240,310.4440,0.00,VEHICLE,0,0,
-1732.8136,451.6187,36.4717,310.3677,0.00,VEHICLE,0,0,
-1731.1498,453.1040,36.8278,311.5291,0.00,VEHICLE,0,0,
-1729.5149,454.5983,37.0996,312.4095,0.00,VEHICLE,0,0,
-1727.8672,456.1148,37.3311,312.6659,0.00,VEHICLE,0,0,
-1726.1996,457.6591,37.5042,312.7593,0.00,VEHICLE,0,0,
-1724.4822,459.2557,37.6890,312.7752,0.00,VEHICLE,0,0,
-1722.8231,460.8113,37.8786,312.9245,0.00,VEHICLE,0,0,
-1721.0754,462.6010,38.0734,314.9833,0.00,VEHICLE,0,0,
-1719.4404,464.4065,38.1746,317.2849,0.00,VEHICLE,0,0,
-1717.7634,466.2908,38.2141,318.2632,0.00,VEHICLE,0,0,
-1716.0726,468.2116,38.2099,318.6328,0.00,VEHICLE,0,0,
-1714.4407,470.1938,38.2240,320.0570,0.00,VEHICLE,0,0,
-1712.8511,472.3635,38.2530,323.1366,0.00,VEHICLE,0,0,
-1711.4392,474.5564,38.2735,326.5646,0.00,VEHICLE,0,0,
-1710.0363,476.8368,38.2827,328.1364,0.00,VEHICLE,0,0,
-1708.6040,479.2066,38.2791,328.5741,0.00,VEHICLE,0,0,
-1707.1547,481.6194,38.2745,328.6889,0.00,VEHICLE,0,0,
-1705.6863,484.0640,38.2690,328.7188,0.00,VEHICLE,0,0,
-1704.1646,486.5894,38.2628,328.7274,0.00,VEHICLE,0,0,
-1702.6157,489.1503,38.2551,328.7368,0.00,VEHICLE,0,0,
-1701.0446,491.7384,38.2496,328.7355,0.00,VEHICLE,0,0,
-1699.4447,494.3661,38.2463,328.7366,0.00,VEHICLE,0,0,
-1697.7334,497.1715,38.2469,328.7420,0.00,VEHICLE,0,0,
-1696.1595,499.7389,38.2488,328.6301,0.00,VEHICLE,0,0,
-1694.3413,502.5283,38.2519,327.0300,0.00,VEHICLE,0,0,
-1692.4646,505.2721,38.2527,325.6070,0.00,VEHICLE,0,0,
-1690.6276,507.9195,38.2505,325.2045,0.00,VEHICLE,0,0,
-1688.7555,510.6022,38.2458,325.0925,0.00,VEHICLE,0,0,
-1686.8008,513.3952,38.2399,325.0625,0.00,VEHICLE,0,0,
-1684.8875,516.1257,38.2355,325.0513,0.00,VEHICLE,0,0,
-1682.8439,518.9699,38.2342,324.3717,0.00,VEHICLE,0,0,
-1680.7448,521.6575,38.2347,322.0593,0.00,VEHICLE,0,0,
-1678.5656,524.3469,38.2349,320.9050,0.00,VEHICLE,0,0,
-1676.3798,527.0060,38.2349,320.5933,0.00,VEHICLE,0,0,
-1674.1990,529.6439,38.2350,320.5114,0.00,VEHICLE,0,0,
-1671.9314,532.3810,38.2352,320.4911,0.00,VEHICLE,0,0,
-1669.6256,535.1643,38.2353,320.4779,0.00,VEHICLE,0,0,
-1667.1958,537.9832,38.2330,319.2775,0.00,VEHICLE,0,0,
-1664.7208,540.6188,38.2282,316.7166,0.00,VEHICLE,0,0,
-1662.2518,543.1487,38.2230,315.5791,0.00,VEHICLE,0,0,
-1660.1564,545.2653,38.2465,315.2903,0.00,VEHICLE,0,0,
-1657.6267,547.8038,38.3622,315.1849,0.00,VEHICLE,0,0,
-1655.0852,550.3470,38.5332,315.1598,0.00,VEHICLE,0,0,
-1652.5173,552.9149,38.7021,315.1492,0.00,VEHICLE,0,0,
-1650.0883,555.3544,38.8569,315.2546,0.00,VEHICLE,0,0,
-1647.6672,557.8859,39.0090,316.3767,0.00,VEHICLE,0,0,
-1645.1377,560.6033,39.1697,317.1343,0.00,VEHICLE,0,0,
-1642.8752,563.1261,39.3154,318.0582,0.00,VEHICLE,0,0,
-1640.6924,565.7719,39.4603,320.3735,0.00,VEHICLE,0,0,
-1638.6422,568.5363,39.6051,323.3760,0.00,VEHICLE,0,0,
-1636.7346,571.4506,39.7407,326.7650,0.00,VEHICLE,0,0,
-1634.7926,574.8121,39.9033,330.3997,0.00,VEHICLE,0,0,
-1632.9636,578.1528,40.1033,332.1442,0.00,VEHICLE,0,0,
-1631.2574,581.3431,40.3580,332.4257,0.00,VEHICLE,0,0,
-1629.6320,584.4161,40.5964,332.4440,0.00,VEHICLE,0,0,
-1627.8413,587.6660,40.7909,331.0382,0.00,VEHICLE,0,0,
-1626.0183,590.8089,40.8662,329.0193,0.00,VEHICLE,0,0,
-1624.1602,593.9059,40.7795,327.5621,0.00,VEHICLE,0,0,
-1622.2577,596.9221,40.7504,325.4535,0.00,VEHICLE,0,0,
-1620.2184,599.8724,40.8689,324.4028,0.00,VEHICLE,0,0,
-1618.1147,602.7874,41.0150,324.3087,0.00,VEHICLE,0,0,
-1616.0088,605.6429,41.1526,324.0781,0.00,VEHICLE,0,0,
-1613.8822,608.3329,41.2805,322.2685,0.00,VEHICLE,0,0,
-1611.5503,610.9969,41.4092,319.1672,0.00,VEHICLE,0,0,
-1609.0618,613.6271,41.5332,316.6758,0.00,VEHICLE,0,0,
-1606.5591,616.2042,41.6493,315.9128,0.00,VEHICLE,0,0,
-1604.0521,618.7656,41.7665,315.7112,0.00,VEHICLE,0,0,
-1601.5074,621.3602,41.8860,315.6567,0.00,VEHICLE,0,0,
-1599.0046,623.9128,42.0037,315.6424,0.00,VEHICLE,0,0,
-1596.4600,626.5107,42.1235,315.6376,0.00,VEHICLE,0,0,
-1593.9325,629.0942,42.2426,315.6352,0.00,VEHICLE,0,0,
-1591.4065,631.6897,42.3619,315.7635,0.00,VEHICLE,0,0,
-1588.8615,634.4559,42.4856,317.4396,0.00,VEHICLE,0,0,
-1586.4749,637.1552,42.6040,318.6016,0.00,VEHICLE,0,0,
-1584.0885,639.8939,42.7235,318.9424,0.00,VEHICLE,0,0,
-1581.7203,642.6283,42.8426,319.0343,0.00,VEHICLE,0,0,
-1579.2727,645.4609,42.9661,319.0578,0.00,VEHICLE,0,0,
-1576.8026,648.3193,43.0906,319.0629,0.00,VEHICLE,0,0,
-1574.4994,650.9457,43.2057,318.6821,0.00,VEHICLE,0,0,
-1571.9988,653.7045,43.3255,317.7397,0.00,VEHICLE,0,0,
-1569.4904,656.4387,43.4386,317.4194,0.00,VEHICLE,0,0,
-1566.8772,659.2708,43.5500,317.3306,0.00,VEHICLE,0,0,
-1564.3121,662.0438,43.6593,317.3102,0.00,VEHICLE,0,0,
-1561.6897,664.8779,43.7718,317.3064,0.00,VEHICLE,0,0,
-1559.1127,667.6642,43.8828,317.3059,0.00,VEHICLE,0,0,
-1556.9753,669.9775,43.9749,317.3052,0.00,VEHICLE,0,0,
-1554.4214,672.7446,44.0851,317.3039,0.00,VEHICLE,0,0,
-1551.8456,675.5370,44.1963,317.3025,0.00,VEHICLE,0,0,
-1549.3014,678.2966,44.3062,317.3013,0.00,VEHICLE,0,0,
-1546.6705,681.1503,44.4199,317.3006,0.00,VEHICLE,0,0,
-1545.3099,682.6257,44.4787,317.3004,0.00,VEHICLE,0,0,
-1543.9502,684.0999,44.5374,317.3004,0.00,VEHICLE,0,0,
-1542.5752,685.5904,44.5968,317.3005,0.00,VEHICLE,0,0,
-1539.9215,688.4665,44.7114,317.3010,0.00,VEHICLE,0,0,
-1538.5326,689.9715,44.7714,317.3012,0.00,VEHICLE,0,0,
-1537.1686,691.4495,44.8303,317.3015,0.00,VEHICLE,0,0,
-1534.4978,694.3434,44.9331,317.3018,0.00,VEHICLE,0,0,
-1531.8121,697.2538,45.0133,317.3018,0.00,VEHICLE,0,0,
-1529.0841,700.2104,45.0853,317.3020,0.00,VEHICLE,0,0,
-1526.3591,703.1635,45.1595,317.3022,0.00,VEHICLE,0,0,
-1523.7164,706.0270,45.2332,317.3020,0.00,VEHICLE,0,0,
-1521.1038,708.8583,45.3066,317.3020,0.00,VEHICLE,0,0,
-1519.7144,710.3642,45.3458,317.3020,0.00,VEHICLE,0,0,
-1517.0883,713.2102,45.4198,317.3020,0.00,VEHICLE,0,0,
-1514.4644,716.0540,45.4937,317.3020,0.00,VEHICLE,0,0,
-1511.8217,718.9183,45.5680,317.3019,0.00,VEHICLE,0,0,
-1510.4187,720.4389,45.6075,317.3019,0.00,VEHICLE,0,0,
-1509.0125,721.9629,45.6471,317.3019,0.00,VEHICLE,0,0,
-1507.6398,723.4506,45.6858,317.3019,0.00,VEHICLE,0,0,
-1506.2692,724.9360,45.7245,317.3020,0.00,VEHICLE,0,0,
-1503.6741,727.7486,45.7986,317.3020,0.00,VEHICLE,0,0,
-1501.1360,730.4992,45.8646,317.3020,0.00,VEHICLE,0,0,
-1498.6842,733.1562,45.9194,317.3020,0.00,VEHICLE,0,0,
-1496.0685,735.9909,45.9754,317.3020,0.00,VEHICLE,0,0,
-1493.3572,738.9293,46.0348,317.3021,0.00,VEHICLE,0,0,
-1490.6244,741.8912,46.0954,317.3021,0.00,VEHICLE,0,0,
-1489.2509,743.3798,46.1260,317.3021,0.00,VEHICLE,0,0,
-1486.6321,746.2178,46.1843,317.3021,0.00,VEHICLE,0,0,
-1485.2421,747.7242,46.2153,317.3021,0.00,VEHICLE,0,0,
-1483.8231,749.2621,46.2470,317.3021,0.00,VEHICLE,0,0,
-1481.2417,752.0508,46.3045,317.2067,0.00,VEHICLE,0,0,
-1478.6764,754.7391,46.3606,316.3038,0.00,VEHICLE,0,0,
-1476.1293,757.2316,46.4144,314.3151,0.00,VEHICLE,0,0,
-1474.6100,758.6461,46.4456,313.1149,0.00,VEHICLE,0,0,
-1473.1001,760.0239,46.4762,312.4149,0.00,VEHICLE,0,0,
-1471.5853,761.3886,46.5068,312.0484,0.00,VEHICLE,0,0,
-1468.5898,764.0607,46.5608,311.7809,0.00,VEHICLE,0,0,
-1465.7340,766.5971,46.6048,311.7620,0.00,VEHICLE,0,0,
-1462.8661,769.2398,46.6482,312.9102,0.00,VEHICLE,0,0,
-1461.4067,770.6489,46.6711,313.9233,0.00,VEHICLE,0,0,
-1459.9398,772.0888,46.6943,314.5680,0.00,VEHICLE,0,0,
-1458.4999,773.5192,46.7173,314.9033,0.00,VEHICLE,0,0,
-1457.0522,774.9683,46.7405,315.0735,0.00,VEHICLE,0,0,
-1455.6057,776.4239,46.7639,315.1588,0.00,VEHICLE,0,0,
-1452.8138,779.2464,46.8095,315.2166,0.00,VEHICLE,0,0,
-1451.3517,780.7281,46.8335,315.2243,0.00,VEHICLE,0,0,
-1449.9043,782.1957,46.8573,315.2270,0.00,VEHICLE,0,0,
-1448.4406,783.6794,46.8813,315.2273,0.00,VEHICLE,0,0,
-1445.7380,786.4160,46.9255,315.2266,0.00,VEHICLE,0,0,
-1442.8850,789.2990,46.9720,315.2273,0.00,VEHICLE,0,0,
-1441.4253,790.7717,46.9957,315.2285,0.00,VEHICLE,0,0,
-1440.0145,792.1937,47.0187,315.2296,0.00,VEHICLE,0,0,
-1437.1724,795.0560,47.0650,315.2323,0.00,VEHICLE,0,0,
-1434.5214,797.7607,47.1013,315.6478,0.00,VEHICLE,0,0,
-1432.0481,800.3290,47.1283,316.1490,0.00,VEHICLE,0,0,
-1429.4238,803.0730,47.1560,316.3281,0.00,VEHICLE,0,0,
-1426.6632,805.9703,47.1862,316.3803,0.00,VEHICLE,0,0,
-1424.0046,808.7650,47.2161,316.3922,0.00,VEHICLE,0,0,
-1421.5704,811.3250,47.2439,316.3945,0.00,VEHICLE,0,0,
-1418.7421,814.2988,47.2762,316.3951,0.00,VEHICLE,0,0,
-1416.0977,817.0769,47.3066,316.3947,0.00,VEHICLE,0,0,
-1414.5829,818.6841,47.3242,316.5686,0.00,VEHICLE,0,0,
-1412.0031,821.5797,47.3552,318.4173,0.00,VEHICLE,0,0,
-1410.6561,823.1734,47.3718,319.6053,0.00,VEHICLE,0,0,
-1408.2079,826.1430,47.4022,320.6680,0.00,VEHICLE,0,0,
-1405.7765,829.1411,47.4327,320.9646,0.00,VEHICLE,0,0,
-1404.5045,830.7183,47.4475,321.0190,0.00,VEHICLE,0,0,
-1402.1066,833.6985,47.4477,321.0419,0.00,VEHICLE,0,0,
-1399.7882,836.5170,47.4167,320.3944,0.00,VEHICLE,0,0,
-1397.3063,839.3214,47.3798,318.2474,0.00,VEHICLE,0,0,
-1395.9323,840.8093,47.3615,317.2961,0.00,VEHICLE,0,0,
-1393.1814,843.7219,47.3278,316.4916,0.00,VEHICLE,0,0,
-1390.5272,846.4919,47.2971,316.2880,0.00,VEHICLE,0,0,
-1387.8369,849.2839,47.2668,316.2362,0.00,VEHICLE,0,0,
-1386.4469,850.7246,47.2512,316.2289,0.00,VEHICLE,0,0,
-1385.0480,852.1744,47.2354,316.2264,0.00,VEHICLE,0,0,
-1382.3878,854.9359,47.2053,316.2253,0.00,VEHICLE,0,0,
-1379.7003,857.7322,47.1746,316.2242,0.00,VEHICLE,0,0,
-1377.0326,860.5149,47.1440,316.2217,0.00,VEHICLE,0,0,
-1374.2773,863.3934,47.1125,316.2183,0.00,VEHICLE,0,0,
-1371.5675,866.2269,47.0812,316.2153,0.00,VEHICLE,0,0,
-1368.8727,869.0438,47.0423,316.2135,0.00,VEHICLE,0,0,
-1366.1860,871.8500,46.9970,316.2129,0.00,VEHICLE,0,0,
-1363.5216,874.6308,46.9522,316.2132,0.00,VEHICLE,0,0,
-1360.7847,877.5271,46.9067,316.6728,0.00,VEHICLE,0,0,
-1358.2355,880.2978,46.8639,317.4561,0.00,VEHICLE,0,0,
-1355.7151,883.0637,46.8214,317.7120,0.00,VEHICLE,0,0,
-1353.1781,885.8599,46.7785,317.7835,0.00,VEHICLE,0,0,
-1350.6696,888.6303,46.7362,317.8015,0.00,VEHICLE,0,0,
-1348.1549,891.4095,46.6938,317.8050,0.00,VEHICLE,0,0,
-1345.5900,894.2438,46.6506,317.8051,0.00,VEHICLE,0,0,
-1343.0298,897.0702,46.6074,317.8011,0.00,VEHICLE,0,0,
-1340.4487,899.8738,46.5642,317.3241,0.00,VEHICLE,0,0,
-1337.8911,902.6031,46.5147,316.8220,0.00,VEHICLE,0,0,
-1335.3590,905.2879,46.4612,316.6723,0.00,VEHICLE,0,0,
-1332.8307,907.9620,46.4046,316.6317,0.00,VEHICLE,0,0,
-1330.3138,910.6210,46.3492,316.6214,0.00,VEHICLE,0,0,
-1327.7988,913.2776,46.2944,316.6193,0.00,VEHICLE,0,0,
-1325.2784,915.9411,46.2397,316.6190,0.00,VEHICLE,0,0,
-1322.7761,918.5875,46.1853,316.6187,0.00,VEHICLE,0,0,
-1320.3226,921.1836,46.1320,316.6180,0.00,VEHICLE,0,0,
-1317.8613,923.7887,46.0784,316.6172,0.00,VEHICLE,0,0,
-1315.3845,926.4105,46.0245,316.6165,0.00,VEHICLE,0,0,
-1312.9108,929.0291,45.9707,316.6161,0.00,VEHICLE,0,0,
-1310.4690,931.6133,45.9176,316.6160,0.00,VEHICLE,0,0,
-1308.0321,934.1918,45.8646,316.6160,0.00,VEHICLE,0,0,
-1305.5142,936.8558,45.8103,316.6162,0.00,VEHICLE,0,0,
-1303.0104,939.5049,45.7496,316.6166,0.00,VEHICLE,0,0,
-1300.5195,942.1401,45.6816,316.6168,0.00,VEHICLE,0,0,
-1298.0460,944.7571,45.6113,316.6168,0.00,VEHICLE,0,0,
-1295.5618,947.3856,45.5415,316.6168,0.00,VEHICLE,0,0,
-1293.0487,950.0446,45.4716,316.6168,0.00,VEHICLE,0,0,
-1290.5321,952.7075,45.4018,316.6167,0.00,VEHICLE,0,0,
-1287.9985,955.3882,45.3316,316.6166,0.00,VEHICLE,0,0,
-1285.4741,958.0593,45.2616,316.6166,0.00,VEHICLE,0,0,
-1282.8939,960.7894,45.1900,316.6165,0.00,VEHICLE,0,0,
-1280.2603,963.5762,45.1170,316.6165,0.00,VEHICLE,0,0,
-1277.7979,966.1817,45.0487,316.6165,0.00,VEHICLE,0,0,
-1275.3574,968.7642,44.9811,316.6165,0.00,VEHICLE,0,0,
-1272.9263,971.3362,44.9134,316.6165,0.00,VEHICLE,0,0,
-1270.5608,973.8391,44.8332,316.6166,0.00,VEHICLE,0,0,
-1268.1730,976.3657,44.7327,316.6169,0.00,VEHICLE,0,0,
-1265.8710,978.8016,44.6280,316.6170,0.00,VEHICLE,0,0,
-1263.6337,981.1689,44.5285,316.6165,0.00,VEHICLE,0,0,
-1261.4908,983.4359,44.4349,316.6165,0.00,VEHICLE,0,0,
-1259.3568,985.6938,44.3423,316.6165,0.00,VEHICLE,0,0,
-1257.3402,987.8274,44.2549,316.6165,0.00,VEHICLE,0,0,
-1255.2158,990.0753,44.1629,316.6165,0.00,VEHICLE,0,0,
-1253.2671,992.1371,44.0785,316.6165,0.00,VEHICLE,0,0,
-1251.1342,994.3939,43.9861,316.6165,0.00,VEHICLE,0,0,
-1249.1265,996.5181,43.8992,316.6164,0.00,VEHICLE,0,0,
-1247.2826,998.4693,43.8194,316.6164,0.00,VEHICLE,0,0,
-1245.3202,1000.5457,43.7344,316.6164,0.00,VEHICLE,0,0,
-1243.4851,1002.4873,43.6549,316.6164,0.00,VEHICLE,0,0,
-1241.6202,1004.4607,43.5745,316.6164,0.00,VEHICLE,0,0,
-1239.6958,1006.4966,43.4920,316.6164,0.00,VEHICLE,0,0,
-1237.7834,1008.5200,43.4099,316.6163,0.00,VEHICLE,0,0,
-1235.8390,1010.5773,43.3229,316.6163,0.00,VEHICLE,0,0,
-1233.8748,1012.6555,43.2310,316.6167,0.00,VEHICLE,0,0,
-1231.8788,1014.7676,43.1328,316.6170,0.00,VEHICLE,0,0,
-1229.8910,1016.8711,43.0358,316.6170,0.00,VEHICLE,0,0,
-1227.8947,1018.9833,42.9389,316.6165,0.00,VEHICLE,0,0,
-1225.8596,1021.1364,42.8404,316.6165,0.00,VEHICLE,0,0,
-1223.8340,1023.2795,42.7423,316.6166,0.00,VEHICLE,0,0,
-1221.7791,1025.4537,42.6428,316.6166,0.00,VEHICLE,0,0,
-1219.7371,1027.6144,42.5438,316.6166,0.00,VEHICLE,0,0,
-1217.6942,1029.7760,42.4448,316.6165,0.00,VEHICLE,0,0,
-1215.6051,1031.9865,42.3436,316.6165,0.00,VEHICLE,0,0,
-1213.5309,1034.1812,42.2432,316.6165,0.00,VEHICLE,0,0,
-1211.4043,1036.4313,42.1402,316.6165,0.00,VEHICLE,0,0,
-1209.3640,1038.5900,42.0409,316.6164,0.00,VEHICLE,0,0,
-1207.2350,1040.8427,41.9371,316.6164,0.00,VEHICLE,0,0,
-1205.1144,1043.0593,41.8351,316.3104,0.00,VEHICLE,0,0,
-1202.9198,1045.1902,41.7339,314.3194,0.00,VEHICLE,0,0,
-1200.7306,1047.2306,41.6347,312.9919,0.00,VEHICLE,0,0,
-1198.4979,1049.2819,41.5342,312.6099,0.00,VEHICLE,0,0,
-1196.2365,1051.3474,41.4303,312.5133,0.00,VEHICLE,0,0,
-1193.9843,1053.4012,41.3217,312.4899,0.00,VEHICLE,0,0,
-1191.7871,1055.4064,41.2109,312.4853,0.00,VEHICLE,0,0,
-1189.6302,1057.3773,41.1014,312.4853,0.00,VEHICLE,0,0,
-1187.5626,1059.2694,40.9973,312.4854,0.00,VEHICLE,0,0,
-1185.4132,1061.2394,40.8901,312.4848,0.00,VEHICLE,0,0,
-1183.2446,1063.2275,40.7822,312.4841,0.00,VEHICLE,0,0,
-1181.0776,1065.2144,40.6742,312.4835,0.00,VEHICLE,0,0,
-1178.9242,1067.1887,40.5662,312.4829,0.00,VEHICLE,0,0,
-1176.8389,1069.0994,40.4612,312.4830,0.00,VEHICLE,0,0,
-1174.8224,1070.9459,40.3598,312.4836,0.00,VEHICLE,0,0,
-1172.8197,1072.7794,40.2594,312.4844,0.00,VEHICLE,0,0,
-1170.7158,1074.7053,40.1547,312.4854,0.00,VEHICLE,0,0,
-1168.6802,1076.5690,40.0539,312.4863,0.00,VEHICLE,0,0,
-1166.6409,1078.4365,39.9526,312.4868,0.00,VEHICLE,0,0,
-1164.5739,1080.3297,39.8497,312.4872,0.00,VEHICLE,0,0,
-1162.4507,1082.2748,39.7437,312.4874,0.00,VEHICLE,0,0,
-1160.3979,1084.1553,39.6411,312.4877,0.00,VEHICLE,0,0,
-1158.2957,1086.0814,39.5319,312.4880,0.00,VEHICLE,0,0,
-1156.1227,1088.0730,39.4096,312.4893,0.00,VEHICLE,0,0,
-1154.0566,1089.9670,39.2853,312.4885,0.00,VEHICLE,0,0,
-1151.9789,1091.8718,39.1587,312.4880,0.00,VEHICLE,0,0,
-1149.9138,1093.7660,39.0356,312.5182,0.00,VEHICLE,0,0,
-1147.8672,1095.6555,38.9224,312.6704,0.00,VEHICLE,0,0,
-1145.7772,1097.6025,38.8149,312.7336,0.00,VEHICLE,0,0,
-1143.6996,1099.5536,38.7095,312.7644,0.00,VEHICLE,0,0,
-1141.6523,1101.4885,38.6035,312.7884,0.00,VEHICLE,0,0,
-1139.5527,1103.4810,38.4926,312.8099,0.00,VEHICLE,0,0,
-1137.4253,1105.5055,38.3808,312.8575,0.00,VEHICLE,0,0,
-1135.2772,1107.5443,38.2849,312.6190,0.00,VEHICLE,0,0,
-1133.1460,1109.5573,38.2079,312.5751,0.00,VEHICLE,0,0,
-1130.9624,1111.6030,38.1290,312.6974,0.00,VEHICLE,0,0,
-1128.8416,1113.5677,38.0631,312.8553,0.00,VEHICLE,0,0,
-1126.6541,1115.5577,37.9978,312.7620,0.00,VEHICLE,0,0,
-1124.4225,1117.5488,37.9246,312.8252,0.00,VEHICLE,0,0,
-1122.1484,1119.5667,37.8311,312.9420,0.00,VEHICLE,0,0,
-1119.8900,1121.5731,37.7511,313.0474,0.00,VEHICLE,0,0,
-1117.6429,1123.5924,37.6993,313.1528,0.00,VEHICLE,0,0,
-1115.4077,1125.6248,37.6280,313.0162,0.00,VEHICLE,0,0,
-1113.1439,1127.7075,37.5308,312.9366,0.00,VEHICLE,0,0,
-1110.8691,1129.8329,37.4197,312.9062,0.00,VEHICLE,0,0,
-1108.6537,1131.9231,37.3513,312.9270,0.00,VEHICLE,0,0,
-1106.4248,1134.0413,37.2814,312.9018,0.00,VEHICLE,0,0,
-1104.2090,1136.1521,37.2698,312.8700,0.00,VEHICLE,0,0,
-1102.0043,1138.2490,37.3201,312.8590,0.00,VEHICLE,0,0,
-1099.7578,1140.3688,37.4039,312.8574,0.00,VEHICLE,0,0,
-1097.4950,1142.4833,37.4819,312.8610,0.00,VEHICLE,0,0,
-1095.2543,1144.5599,37.5547,312.8687,0.00,VEHICLE,0,0,
-1092.9836,1146.6534,37.6242,312.8781,0.00,VEHICLE,0,0,
-1090.7264,1148.7319,37.7023,312.8834,0.00,VEHICLE,0,0,
-1088.4473,1150.8326,37.8145,312.8792,0.00,VEHICLE,0,0,
-1086.2189,1152.8955,37.9632,312.8885,0.00,VEHICLE,0,0,
-1084.0386,1154.9359,38.1424,312.9268,0.00,VEHICLE,0,0,
-1081.8403,1156.9937,38.3389,312.9000,0.00,VEHICLE,0,0,
-1079.4885,1159.1698,38.5165,312.8853,0.00,VEHICLE,0,0,
-1077.1655,1161.2538,38.5695,312.3904,0.00,VEHICLE,0,0,
-1074.7301,1163.3066,38.5419,310.6365,0.00,VEHICLE,0,0,
-1072.3866,1165.1273,38.5319,308.2757,0.00,VEHICLE,0,0,
-1070.0446,1166.8997,38.5424,307.2624,0.00,VEHICLE,0,0,
-1067.7379,1168.6375,38.5708,306.9875,0.00,VEHICLE,0,0,
-1065.4353,1170.3617,38.6334,306.7097,0.00,VEHICLE,0,0,
-1062.9735,1172.0557,38.7326,304.5724,0.00,VEHICLE,0,0,
-1060.4824,1173.4930,38.8297,300.2587,0.00,VEHICLE,0,0,
-1057.9608,1174.6636,38.8874,295.3701,0.00,VEHICLE,0,0,
-1055.5106,1175.5508,38.9181,290.3482,0.00,VEHICLE,0,0,
-1052.9243,1176.2124,38.9224,284.8906,0.00,VEHICLE,0,0,
-1050.2906,1176.6459,38.8348,279.8752,0.00,VEHICLE,0,0,
-1047.7615,1176.9100,38.6810,276.3493,0.00,VEHICLE,0,0,
-1045.3231,1177.1229,38.4775,274.2523,0.00,VEHICLE,0,0,
-1042.6158,1177.2722,38.2403,273.0966,0.00,VEHICLE,0,0,
-1039.7518,1177.3240,37.9395,271.6984,0.00,VEHICLE,0,0,
-1037.0835,1177.2695,37.5960,269.4970,0.00,VEHICLE,0,0,
-1034.3253,1177.1777,37.2190,268.3239,0.00,VEHICLE,0,0,
-1031.4999,1177.0671,36.8517,268.0003,0.00,VEHICLE,0,0,
-1028.6011,1176.9406,36.4973,267.8889,0.00,VEHICLE,0,0,
-1025.7065,1176.7639,36.1563,267.0934,0.00,VEHICLE,0,0,
-1022.6189,1176.4161,35.7892,264.1414,0.00,VEHICLE,0,0,
-1019.5519,1175.8492,35.4131,259.8807,0.00,VEHICLE,0,0,
-1016.6085,1175.0535,35.0389,255.1688,0.00,VEHICLE,0,0,
-1013.7607,1174.0200,34.6576,250.2755,0.00,VEHICLE,0,0,
-1010.9373,1172.7161,34.2500,245.1721,0.00,VEHICLE,0,0,
-1008.3201,1171.2203,33.8410,240.2847,0.00,VEHICLE,0,0,
-1005.7350,1169.4165,33.3996,235.0832,0.00,VEHICLE,0,0,
-1003.3660,1167.4797,32.9977,230.8603,0.00,VEHICLE,0,0,
-1000.9731,1165.3873,32.6383,228.9736,0.00,VEHICLE,0,0,
-998.6279,1163.2726,32.3288,228.5658,0.00,VEHICLE,0,0,
-996.2271,1161.1091,32.0682,228.4685,0.00,VEHICLE,0,0,
-993.7932,1158.9254,31.8566,228.4293,0.00,VEHICLE,0,0,
-991.3046,1156.7062,31.6652,228.4148,0.00,VEHICLE,0,0,
-988.8271,1154.5011,31.4872,228.3095,0.00,VEHICLE,0,0,
-986.3582,1152.1859,31.3431,226.7294,0.00,VEHICLE,0,0,
-984.1408,1149.7618,31.2441,222.2236,0.00,VEHICLE,0,0,
-982.1019,1146.9625,31.1372,216.0437,0.00,VEHICLE,0,0,
-980.3809,1144.1549,31.0467,211.6391,0.00,VEHICLE,0,0,
-978.7422,1141.2330,30.9208,209.2802,0.00,VEHICLE,0,0,
-977.1337,1138.1954,30.7565,208.5177,0.00,VEHICLE,0,0,
-975.6321,1135.3070,30.6056,208.3498,0.00,VEHICLE,0,0,
-974.0554,1132.3033,30.4566,208.3347,0.00,VEHICLE,0,0,
-972.4874,1129.3652,30.3047,208.3243,0.00,VEHICLE,0,0,
-970.8854,1126.4037,30.1160,208.2863,0.00,VEHICLE,0,0,
-969.2831,1123.4612,29.8958,208.2607,0.00,VEHICLE,0,0,
-967.6468,1120.4578,29.6709,208.2456,0.00,VEHICLE,0,0,
-965.9898,1117.4054,29.4459,208.2389,0.00,VEHICLE,0,0,
-964.3625,1114.3940,29.2269,208.2428,0.00,VEHICLE,0,0,
-962.6840,1111.2795,29.0045,208.2496,0.00,VEHICLE,0,0,
-960.9847,1108.1193,28.7432,208.2324,0.00,VEHICLE,0,0,
-959.3387,1105.0490,28.4446,208.2294,0.00,VEHICLE,0,0,
-957.6736,1101.9340,28.1317,208.2469,0.00,VEHICLE,0,0,
-956.0210,1098.8362,27.8235,208.2691,0.00,VEHICLE,0,0,
-954.3997,1095.7997,27.5003,208.2779,0.00,VEHICLE,0,0,
-952.7751,1092.7899,27.1208,208.2053,0.00,VEHICLE,0,0,
-951.1162,1089.7583,26.6994,208.1778,0.00,VEHICLE,0,0,
-949.5264,1086.8494,26.3387,208.1880,0.00,VEHICLE,0,0,
-948.0154,1084.0565,26.0843,208.1597,0.00,VEHICLE,0,0,
-946.4992,1081.2355,25.8540,207.9106,0.00,VEHICLE,0,0,
-944.9483,1078.3445,25.6191,207.9588,0.00,VEHICLE,0,0,
-943.4932,1075.6316,25.4205,207.9412,0.00,VEHICLE,0,0,
-942.0842,1073.0012,25.2525,207.9486,0.00,VEHICLE,0,0,
-940.7565,1070.5232,25.0762,207.9386,0.00,VEHICLE,0,0,
-939.4747,1068.1309,24.8879,207.9444,0.00,VEHICLE,0,0,
-938.2620,1065.8607,24.7024,207.9329,0.00,VEHICLE,0,0,
-937.1049,1063.6871,24.5262,207.9562,0.00,VEHICLE,0,0,
-936.0121,1061.6296,24.3621,207.9769,0.00,VEHICLE,0,0,
-934.9186,1059.5684,24.1983,207.9904,0.00,VEHICLE,0,0,
-933.8239,1057.5062,24.0339,208.0025,0.00,VEHICLE,0,0,
-932.6892,1055.3945,23.8644,208.1931,0.00,VEHICLE,0,0,
-931.4764,1053.3766,23.6929,210.3111,0.00,VEHICLE,0,0,
-930.0802,1051.3292,23.5059,213.6017,0.00,VEHICLE,0,0,
-928.6222,1049.2643,23.3134,215.0131,0.00,VEHICLE,0,0,
-927.1651,1047.2589,23.1215,215.6598,0.00,VEHICLE,0,0,
-925.6674,1045.3964,22.9497,217.9783,0.00,VEHICLE,0,0,
-923.9530,1043.5392,22.8023,222.1614,0.00,VEHICLE,0,0,
-922.1620,1041.7588,22.7109,225.4121,0.00,VEHICLE,0,0,
-920.3575,1040.0167,22.6219,226.4981,0.00,VEHICLE,0,0,
-918.5198,1038.2811,22.4346,226.9194,0.00,VEHICLE,0,0,
-916.6071,1036.5347,22.1545,227.2017,0.00,VEHICLE,0,0,
-914.6984,1034.9257,21.8588,228.5664,0.00,VEHICLE,0,0,
-912.6101,1033.3369,21.6028,231.1903,0.00,VEHICLE,0,0,
-910.4010,1031.8425,21.3702,234.5735,0.00,VEHICLE,0,0,
-908.0892,1030.4083,21.1359,237.3879,0.00,VEHICLE,0,0,
-905.7457,1028.9851,20.9008,238.3284,0.00,VEHICLE,0,0,
-903.3278,1027.5153,20.7025,238.5330,0.00,VEHICLE,0,0,
-900.9218,1026.0142,20.6627,238.4785,0.00,VEHICLE,0,0,
-898.6643,1024.6798,20.7584,239.8962,0.00,VEHICLE,0,0,
-896.2769,1023.4193,20.9072,242.6310,0.00,VEHICLE,0,0,
-893.7106,1022.2499,21.0627,245.8202,0.00,VEHICLE,0,0,
-891.1279,1021.1895,21.2150,248.1685,0.00,VEHICLE,0,0,
-888.4980,1020.1711,21.3725,249.1388,0.00,VEHICLE,0,0,
-885.8148,1019.1686,21.5429,249.3740,0.00,VEHICLE,0,0,
-883.0601,1018.1951,21.7649,250.0224,0.00,VEHICLE,0,0,
-880.1965,1017.3189,22.0492,252.3089,0.00,VEHICLE,0,0,
-877.4353,1016.6237,22.3539,255.2275,0.00,VEHICLE,0,0,
-874.7050,1016.0662,22.6586,257.9829,0.00,VEHICLE,0,0,
-872.0416,1015.5622,22.9670,259.1331,0.00,VEHICLE,0,0,
-869.3737,1015.0709,23.3376,259.3184,0.00,VEHICLE,0,0,
-866.7513,1014.5881,23.7539,259.3412,0.00,VEHICLE,0,0,
-864.2390,1014.1206,24.1706,259.3686,0.00,VEHICLE,0,0,
-861.7662,1013.6555,24.5763,259.3629,0.00,VEHICLE,0,0,
-859.3495,1013.1968,24.9591,259.3314,0.00,VEHICLE,0,0,
-856.9292,1012.7372,25.2260,259.4908,0.00,VEHICLE,0,0,
-854.4907,1012.2828,25.3077,259.6686,0.00,VEHICLE,0,0,
-852.0810,1011.8344,25.1193,259.8400,0.00,VEHICLE,0,0,
-849.6761,1011.4008,24.7998,260.0903,0.00,VEHICLE,0,0,
-847.2788,1010.9968,24.5859,260.5283,0.00,VEHICLE,0,0,
-844.8572,1010.6278,24.5286,260.6320,0.00,VEHICLE,0,0,
-842.4039,1010.2433,24.5854,260.5733,0.00,VEHICLE,0,0,
-839.9814,1009.8464,24.6810,260.5206,0.00,VEHICLE,0,0,
-837.5112,1009.4282,24.7525,260.5681,0.00,VEHICLE,0,0,
-835.0405,1009.0073,24.6569,260.7143,0.00,VEHICLE,0,0,
-832.5442,1008.5847,24.3159,260.9220,0.00,VEHICLE,0,0,
-830.0417,1008.1995,23.9154,261.6586,0.00,VEHICLE,0,0,
-827.5308,1007.8795,23.5854,262.0404,0.00,VEHICLE,0,0,
-825.0065,1007.5657,23.2472,261.9180,0.00,VEHICLE,0,0,
-822.5605,1007.2415,22.8652,261.7836,0.00,VEHICLE,0,0,
-820.1058,1006.8876,22.4409,261.6345,0.00,VEHICLE,0,0,
-817.5965,1006.4985,22.0172,261.6568,0.00,VEHICLE,0,0,
-815.0239,1006.0963,21.6738,261.7078,0.00,VEHICLE,0,0,
-812.4009,1005.6907,21.3580,261.7401,0.00,VEHICLE,0,0,
-809.6947,1005.2813,21.0555,261.7354,0.00,VEHICLE,0,0,
-806.9884,1004.8816,20.7248,261.7222,0.00,VEHICLE,0,0,
-804.2122,1004.4803,20.3650,261.7095,0.00,VEHICLE,0,0,
-801.3677,1004.0726,19.9910,261.7116,0.00,VEHICLE,0,0,
-798.4583,1003.6541,19.6479,261.7186,0.00,VEHICLE,0,0,
-795.4088,1003.2133,19.3228,261.7328,0.00,VEHICLE,0,0,
-792.4847,1002.8591,19.0225,262.9305,0.00,VEHICLE,0,0,
-789.4734,1002.6799,18.7310,266.3747,0.00,VEHICLE,0,0,
-786.5447,1002.6622,18.4657,269.5884,0.00,VEHICLE,0,0,
-783.6152,1002.6956,18.2142,270.6912,0.00,VEHICLE,0,0,
-780.6605,1002.7526,18.0070,270.9646,0.00,VEHICLE,0,0,
-777.7661,1002.8170,17.8487,271.0267,0.00,VEHICLE,0,0,
-774.9047,1002.8817,17.6983,271.0425,0.00,VEHICLE,0,0,
-772.2134,1002.9351,17.5595,271.0096,0.00,VEHICLE,0,0,
-769.7371,1002.9706,17.4341,270.9768,0.00,VEHICLE,0,0,
-767.4358,1002.9891,17.3073,270.9899,0.00,VEHICLE,0,0,
-765.0486,1003.0029,17.1448,271.0498,0.00,VEHICLE,0,0,
-762.6987,1003.0166,16.9546,271.0828,0.00,VEHICLE,0,0,
-760.3527,1003.0407,16.7542,271.0736,0.00,VEHICLE,0,0,
-758.1255,1003.0736,16.5686,271.0603,0.00,VEHICLE,0,0,
-755.8029,1003.1141,16.3831,271.0145,0.00,VEHICLE,0,0,
-753.5202,1003.1406,16.2250,270.8271,0.00,VEHICLE,0,0,
-751.2390,1003.1620,16.0471,270.8965,0.00,VEHICLE,0,0,
-748.9750,1003.1970,15.7814,271.5722,0.00,VEHICLE,0,0,
-746.4662,1003.2785,15.3893,272.2821,0.00,VEHICLE,0,0,
-743.9663,1003.4275,14.9516,273.4470,0.00,VEHICLE,0,0,
-741.5299,1003.6822,14.5546,275.2679,0.00,VEHICLE,0,0,
-739.1077,1004.0605,14.2708,277.7023,0.00,VEHICLE,0,0,
-736.6814,1004.6096,14.0837,281.1839,0.00,VEHICLE,0,0,
-734.2324,1005.3324,13.9611,285.3118,0.00,VEHICLE,0,0,
-731.8744,1006.1323,13.7290,288.1126,0.00,VEHICLE,0,0,
-729.5201,1006.9574,13.2845,290.5222,0.00,VEHICLE,0,0,
-727.0275,1007.8395,12.6553,292.7676,0.00,VEHICLE,0,0,
-724.6370,1008.7827,12.2647,295.2988,0.00,VEHICLE,0,0,
-722.3347,1009.9304,12.0878,299.4761,0.00,VEHICLE,0,0,
-720.3159,1011.3513,12.0817,303.8603,0.00,VEHICLE,0,0,
-718.1977,1012.9851,12.1026,306.8278,0.00,VEHICLE,0,0,
-716.2036,1014.5479,12.1173,307.6124,0.00,VEHICLE,0,0,
-714.1802,1016.1436,12.1403,307.8330,0.00,VEHICLE,0,0,
-712.1491,1017.7495,12.1845,307.9347,0.00,VEHICLE,0,0,
-710.0779,1019.3900,12.2492,307.9705,0.00,VEHICLE,0,0,
-707.9868,1021.0392,12.3238,307.9789,0.00,VEHICLE,0,0,
-705.8707,1022.6989,12.3880,307.9797,0.00,VEHICLE,0,0,
-703.7029,1024.3893,12.4301,307.9610,0.00,VEHICLE,0,0,
-701.6564,1025.9656,12.4471,307.8401,0.00,VEHICLE,0,0,
-699.4883,1027.5366,12.4551,306.6299,0.00,VEHICLE,0,0,
-697.2669,1029.0096,12.4562,304.4530,0.00,VEHICLE,0,0,
-694.8561,1030.4772,12.4541,302.0839,0.00,VEHICLE,0,0,
-692.4816,1031.8944,12.4525,301.2477,0.00,VEHICLE,0,0,
-690.0234,1033.3573,12.4521,301.0178,0.00,VEHICLE,0,0,
-687.5619,1034.8252,12.4496,300.9547,0.00,VEHICLE,0,0,
-685.1240,1036.2808,12.4410,300.9388,0.00,VEHICLE,0,0,
-682.6522,1037.7625,12.4302,300.9393,0.00,VEHICLE,0,0,
-680.1542,1039.2720,12.4246,300.8987,0.00,VEHICLE,0,0,
-677.6213,1040.8176,12.4126,300.9298,0.00,VEHICLE,0,0,
-675.1150,1042.3549,12.3869,300.9523,0.00,VEHICLE,0,0,
-672.5492,1043.9196,12.3463,300.9495,0.00,VEHICLE,0,0,
-669.9562,1045.4874,12.3009,300.9514,0.00,VEHICLE,0,0,
-667.3900,1047.0273,12.2529,300.9648,0.00,VEHICLE,0,0,
-664.7426,1048.6096,12.2047,300.9808,0.00,VEHICLE,0,0,
-662.0631,1050.2076,12.1601,300.9886,0.00,VEHICLE,0,0,
-659.4262,1051.7732,12.1287,300.9932,0.00,VEHICLE,0,0,
-656.7203,1053.3746,12.1184,301.0000,0.00,VEHICLE,0,0,
-653.9919,1054.9921,12.1200,301.0070,0.00,VEHICLE,0,0,
-651.2604,1056.6206,12.1230,301.0084,0.00,VEHICLE,0,0,
-648.4949,1058.2793,12.1242,301.0052,0.00,VEHICLE,0,0,
-645.6720,1059.9794,12.1254,300.9936,0.00,VEHICLE,0,0,
-642.8687,1061.6663,12.1303,300.9622,0.00,VEHICLE,0,0,
-640.5587,1063.0511,12.1372,300.9587,0.00,VEHICLE,0,0,
-638.7759,1064.1162,12.1428,300.9595,0.00,VEHICLE,0,0,
-635.9242,1065.8136,12.1421,300.9692,0.00,VEHICLE,0,0,
-633.0737,1067.5061,12.1186,300.9797,0.00,VEHICLE,0,0,
-630.1987,1069.2145,12.0774,300.9772,0.00,VEHICLE,0,0,
-627.2824,1070.9528,12.0274,300.9716,0.00,VEHICLE,0,0,
-624.4198,1072.6672,11.9435,300.9826,0.00,VEHICLE,0,0,
-621.6098,1074.3403,11.8348,300.7200,0.00,VEHICLE,0,0,
-618.7924,1075.9218,11.6894,299.1764,0.00,VEHICLE,0,0,
-615.7775,1077.5389,11.5076,297.7249,0.00,VEHICLE,0,0,
-612.6642,1079.1758,11.3881,297.2647,0.00,VEHICLE,0,0,
-609.5671,1080.7794,11.3652,297.1647,0.00,VEHICLE,0,0,
-606.4114,1082.3959,11.3768,297.1381,0.00,VEHICLE,0,0,
-603.3180,1083.9639,11.3979,297.1196,0.00,VEHICLE,0,0,
-600.3618,1085.3947,11.4272,296.2054,0.00,VEHICLE,0,0,
-597.3817,1086.6705,11.4704,293.4957,0.00,VEHICLE,0,0,
-594.4136,1087.7593,11.5348,290.1022,0.00,VEHICLE,0,0,
-591.0665,1088.7709,11.5904,286.2449,0.00,VEHICLE,0,0,
-587.8560,1089.6213,11.6087,283.9392,0.00,VEHICLE,0,0,
-584.7916,1090.3567,11.6089,282.8117,0.00,VEHICLE,0,0,
-581.8603,1090.9969,11.5782,282.4970,0.00,VEHICLE,0,0,
-578.8577,1091.6246,11.4359,282.4091,0.00,VEHICLE,0,0,
-575.9174,1092.2134,11.2030,282.4861,0.00,VEHICLE,0,0,
-573.0402,1092.7826,11.1291,282.2886,0.00,VEHICLE,0,0,
-569.8448,1093.4061,11.2526,281.8036,0.00,VEHICLE,0,0,
-566.7111,1093.9210,11.3931,279.8197,0.00,VEHICLE,0,0,
-563.5521,1094.3463,11.4118,277.5490,0.00,VEHICLE,0,0,
-560.4927,1094.6868,11.2463,275.4359,0.00,VEHICLE,0,0,
-557.5319,1094.9491,11.0723,273.1699,0.00,VEHICLE,0,0,
-554.6323,1095.0280,10.9735,269.7329,0.00,VEHICLE,0,0,
-551.7065,1094.8241,10.9876,266.0134,0.00,VEHICLE,0,0,
-548.8337,1094.3945,11.0105,261.7384,0.00,VEHICLE,0,0,
-545.9936,1093.7306,11.0236,257.1613,0.00,VEHICLE,0,0,
-543.3208,1092.8608,11.0252,252.7457,0.00,VEHICLE,0,0,
-540.6328,1091.7490,11.0189,248.2656,0.00,VEHICLE,0,0,
-537.9498,1090.5269,11.0185,245.7418,0.00,VEHICLE,0,0,
-535.2416,1089.2280,11.0211,244.9486,0.00,VEHICLE,0,0,
-532.6631,1087.9838,11.0225,244.7789,0.00,VEHICLE,0,0,
-530.0818,1086.7462,11.0228,244.7288,0.00,VEHICLE,0,0,
-527.4365,1085.4882,11.0228,244.7095,0.00,VEHICLE,0,0,
-524.8419,1084.2632,11.0229,244.6989,0.00,VEHICLE,0,0,
-522.1577,1083.0011,11.0231,244.6906,0.00,VEHICLE,0,0,
-519.5071,1081.7566,11.0232,244.6845,0.00,VEHICLE,0,0,
-516.7134,1080.4337,11.0233,244.5335,0.00,VEHICLE,0,0,
-513.8965,1078.9961,11.0232,242.9688,0.00,VEHICLE,0,0,
-511.2441,1077.5602,11.0230,241.5472,0.00,VEHICLE,0,0,
-508.4643,1076.0223,11.0228,241.0578,0.00,VEHICLE,0,0,
-505.8466,1074.5604,11.0229,240.9310,0.00,VEHICLE,0,0,
-503.1122,1073.0282,11.0230,240.8950,0.00,VEHICLE,0,0,
-500.4733,1071.5490,11.0232,240.8870,0.00,VEHICLE,0,0,
-497.7217,1070.0089,11.0232,240.8854,0.00,VEHICLE,0,0,
-494.9349,1068.4530,11.0232,240.8843,0.00,VEHICLE,0,0,
-492.1151,1066.8708,11.0233,240.7279,0.00,VEHICLE,0,0,
-489.3011,1065.2115,11.0229,239.4860,0.00,VEHICLE,0,0,
-486.5994,1063.5681,11.0222,238.6134,0.00,VEHICLE,0,0,
-484.0940,1062.0254,11.0216,238.3534,0.00,VEHICLE,0,0,
-481.4110,1060.3650,11.0213,238.2712,0.00,VEHICLE,0,0,
-478.7714,1058.7271,11.0215,238.2509,0.00,VEHICLE,0,0,
-476.0462,1057.0349,11.0222,238.2470,0.00,VEHICLE,0,0,
-473.5273,1055.4717,11.0228,238.2467,0.00,VEHICLE,0,0,
-470.8694,1053.8241,11.0231,238.2465,0.00,VEHICLE,0,0,
-468.3254,1052.2487,11.0230,238.2463,0.00,VEHICLE,0,0,
-465.6103,1050.5513,11.0224,237.9983,0.00,VEHICLE,0,0,
-463.0041,1048.7865,11.0217,235.9888,0.00,VEHICLE,0,0,
-460.5069,1046.9915,11.0212,234.2520,0.00,VEHICLE,0,0,
-458.1139,1045.2338,11.0211,233.7234,0.00,VEHICLE,0,0,
-455.6628,1043.4178,11.0211,233.5766,0.00,VEHICLE,0,0,
-453.3010,1041.6620,11.0207,233.5390,0.00,VEHICLE,0,0,
-451.0941,1040.0211,11.0184,233.5347,0.00,VEHICLE,0,0,
-449.0564,1038.5089,11.0165,233.5378,0.00,VEHICLE,0,0,
-447.1093,1037.0680,11.0174,233.5381,0.00,VEHICLE,0,0,
-445.1635,1035.6311,11.0190,233.5366,0.00,VEHICLE,0,0,
-443.1883,1034.1746,11.0201,233.5343,0.00,VEHICLE,0,0,
-441.4251,1032.8925,11.0205,233.7791,0.00,VEHICLE,0,0,
-439.6499,1031.7378,11.0210,235.9403,0.00,VEHICLE,0,0,
-437.5456,1030.5242,11.0215,239.2474,0.00,VEHICLE,0,0,
-435.4939,1029.3718,11.0221,240.4248,0.00,VEHICLE,0,0,
-433.5078,1028.2687,11.0227,240.7259,0.00,VEHICLE,0,0,
-431.5141,1027.1654,11.0231,240.8061,0.00,VEHICLE,0,0,
-429.4706,1026.0343,11.0233,240.8276,0.00,VEHICLE,0,0,
-427.4574,1024.9174,11.0234,240.8333,0.00,VEHICLE,0,0,
-425.3951,1023.7805,11.0234,240.9821,0.00,VEHICLE,0,0,
-423.2878,1022.7362,11.0231,242.9781,0.00,VEHICLE,0,0,
-421.0525,1021.8217,11.0221,246.8255,0.00,VEHICLE,0,0,
-418.5334,1020.9228,11.0212,250.0777,0.00,VEHICLE,0,0,
-416.1613,1020.1136,11.0215,250.9386,0.00,VEHICLE,0,0,
-413.8024,1019.3306,11.0223,251.2523,0.00,VEHICLE,0,0,
-411.3085,1018.6384,11.0229,253.5896,0.00,VEHICLE,0,0,
-408.6816,1018.1237,11.0228,257.9265,0.00,VEHICLE,0,0,
-406.2855,1017.8707,11.0112,262.6982,0.00,VEHICLE,0,0,
-403.8963,1017.8325,10.9988,268.0250,0.00,VEHICLE,0,0,
-401.6680,1017.9959,11.0170,273.3099,0.00,VEHICLE,0,0,
-399.3762,1018.3760,11.0808,278.6873,0.00,VEHICLE,0,0,
-397.2538,1018.9307,11.1731,283.4559,0.00,VEHICLE,0,0,
-395.1736,1019.7003,11.4545,289.2810,0.00,VEHICLE,0,0,
-393.2417,1020.7126,11.7906,296.5322,0.00,VEHICLE,0,0,
-391.5961,1021.8300,12.1866,303.4316,0.00,VEHICLE,0,0,
-390.0240,1023.1675,12.6297,309.2236,0.00,VEHICLE,0,0,
-388.4189,1024.5863,13.0441,312.8019,0.00,VEHICLE,0,0,
-386.9668,1025.9443,13.4261,315.1544,0.00,VEHICLE,0,0,
-384.9222,1028.0438,14.0012,317.1345,0.00,VEHICLE,0,0,
-382.9280,1030.2324,14.5929,317.3379,0.00,VEHICLE,0,0,
-381.0734,1032.4376,15.2154,319.0860,0.00,VEHICLE,0,0,
-379.9054,1034.0723,15.6833,322.3264,0.00,VEHICLE,0,0,
-378.7633,1035.7925,16.1556,324.6513,0.00,VEHICLE,0,0,
-377.6398,1037.5026,16.5733,325.2907,0.00,VEHICLE,0,0,
-376.1471,1039.9142,17.0604,326.9161,0.00,VEHICLE,0,0,
-375.1898,1041.6808,17.3727,329.7429,0.00,VEHICLE,0,0,
-374.3091,1043.4973,17.6816,332.7816,0.00,VEHICLE,0,0,
-373.4015,1045.3784,18.0043,333.9451,0.00,VEHICLE,0,0,
-372.5092,1047.2362,18.3231,334.2798,0.00,VEHICLE,0,0,
-371.6506,1049.0746,18.6336,334.6947,0.00,VEHICLE,0,0,
-370.5780,1051.7670,19.0186,337.8593,0.00,VEHICLE,0,0,
-369.7108,1054.3550,19.1609,340.7379,0.00,VEHICLE,0,0,
-368.8929,1056.9474,19.1802,342.9985,0.00,VEHICLE,0,0,
-368.2419,1059.6776,19.1419,346.7253,0.00,VEHICLE,0,0,
-367.9168,1062.3440,19.1078,352.0063,0.00,VEHICLE,0,0,
-367.9376,1064.8594,19.0544,358.3885,0.00,VEHICLE,0,0,
-368.1773,1067.4359,19.0567,3.6664,0.00,VEHICLE,0,0,
-368.4285,1069.9894,19.1047,4.7699,0.00,VEHICLE,0,0,
-368.6443,1072.6332,19.2182,4.2383,0.00,VEHICLE,0,0,
-368.6743,1075.1515,19.2891,1.4354,0.00,VEHICLE,0,0,
-368.4783,1077.7551,19.4033,356.9415,0.00,VEHICLE,0,0,
-368.2192,1080.2582,19.5252,354.9300,0.00,VEHICLE,0,0,
-367.9741,1082.5737,19.6581,354.6865,0.00,VEHICLE,0,0,
-367.6837,1084.6097,19.7174,353.0359,0.00,VEHICLE,0,0,
-367.1973,1086.7677,19.7421,348.9960,0.00,VEHICLE,0,0,
-366.6884,1088.9796,19.7347,347.7506,0.00,VEHICLE,0,0,
-366.1980,1091.1479,19.7314,347.5970,0.00,VEHICLE,0,0,
-365.7350,1093.2378,19.7302,347.5756,0.00,VEHICLE,0,0,
-365.2422,1095.3571,19.7314,347.0421,0.00,VEHICLE,0,0,
-364.6237,1097.3174,19.7311,343.7966,0.00,VEHICLE,0,0,
-363.4027,1099.6438,19.7294,334.3018,0.00,VEHICLE,0,0,
-361.6795,1101.3397,19.7276,319.4353,0.00,VEHICLE,0,0,
-359.8843,1102.6965,19.7310,310.9910,0.00,VEHICLE,0,0,
-358.2263,1104.0315,19.7321,310.2770,0.00,VEHICLE,0,0,
-356.3878,1105.2168,19.7339,304.8917,0.00,VEHICLE,0,0,
-354.2226,1106.1687,19.7164,296.4561,0.00,VEHICLE,0,0,
-351.6837,1106.8053,19.6767,287.1656,0.00,VEHICLE,0,0,
-349.4167,1107.0177,19.6331,278.8643,0.00,VEHICLE,0,0,
-347.3237,1106.8673,19.5849,269.9244,0.00,VEHICLE,0,0,
-345.3628,1106.3010,19.5811,258.9323,0.00,VEHICLE,0,0,
-343.1029,1104.8793,19.5810,241.7486,0.00,VEHICLE,0,0,
-341.6442,1103.2544,19.5816,227.4733,0.00,VEHICLE,0,0,
-340.6501,1101.3134,19.5816,212.9611,0.00,VEHICLE,0,0,
-340.2613,1099.3514,19.5808,198.5142,0.00,VEHICLE,0,0,
-340.5579,1096.7361,19.5806,178.8272,0.00,VEHICLE,0,0,
-341.6223,1094.5083,19.6292,160.4534,0.00,VEHICLE,0,0,
-343.3246,1092.4032,19.6778,145.1760,0.00,VEHICLE,0,0,
-344.7294,1090.6224,19.7270,143.1696,0.00,VEHICLE,0,0,
-346.2439,1088.6586,19.7351,142.8935,0.00,VEHICLE,0,0,
-347.8152,1086.5670,19.7352,143.0459,0.00,VEHICLE,0,0,
-349.2970,1084.2883,19.7349,146.1719,0.00,VEHICLE,0,0,
-350.5432,1081.8955,19.7342,151.2861,0.00,VEHICLE,0,0,
-351.6466,1079.4089,19.7340,155.0317,0.00,VEHICLE,0,0,
-352.7923,1076.8131,19.7346,155.7102,0.00,VEHICLE,0,0,
-353.9872,1074.1151,19.7350,155.8065,0.00,VEHICLE,0,0,
-354.8098,1072.2703,19.7350,155.8194,0.00,VEHICLE,0,0,
-355.6421,1070.4141,19.7351,155.8251,0.00,VEHICLE,0,0,
-356.5187,1068.4655,19.7351,155.8290,0.00,VEHICLE,0,0,
-357.4118,1066.4839,19.7434,155.8296,0.00,VEHICLE,0,0,
-358.3034,1064.5220,19.7515,155.8312,0.00,VEHICLE,0,0,
-359.1948,1062.5834,19.7567,155.8440,0.00,VEHICLE,0,0,
-360.0813,1060.6699,19.7446,155.8494,0.00,VEHICLE,0,0,
-360.9331,1058.8408,19.7231,155.8611,0.00,VEHICLE,0,0,
-362.1359,1056.2236,19.6779,155.8628,0.00,VEHICLE,0,0,
-363.2921,1053.6589,19.6384,155.8483,0.00,VEHICLE,0,0,
-364.5471,1050.9324,19.5965,155.1621,0.00,VEHICLE,0,0,
-365.9290,1048.4497,19.5391,151.2320,0.00,VEHICLE,0,0,
-367.5044,1045.8622,19.3150,149.0281,0.00,VEHICLE,0,0,
-368.6472,1044.0675,18.9973,148.4516,0.00,VEHICLE,0,0,
-369.7551,1042.3365,18.5909,148.1370,0.00,VEHICLE,0,0,
-370.9239,1040.5369,18.1600,147.8167,0.00,VEHICLE,0,0,
-372.0968,1038.7340,17.7845,147.7966,0.00,VEHICLE,0,0,
-373.2328,1036.9613,17.4207,147.8111,0.00,VEHICLE,0,0,
-374.3031,1035.3075,17.0263,147.3916,0.00,VEHICLE,0,0,
-375.4139,1033.6725,16.5782,146.1554,0.00,VEHICLE,0,0,
-376.6388,1032.0134,16.0570,143.7148,0.00,VEHICLE,0,0,
-378.0124,1030.3447,15.4884,140.6945,0.00,VEHICLE,0,0,
-379.4791,1028.6287,14.9038,139.3720,0.00,VEHICLE,0,0,
-380.9502,1026.9728,14.3444,138.6778,0.00,VEHICLE,0,0,
-382.5724,1025.3236,13.7998,136.2130,0.00,VEHICLE,0,0,
-384.3191,1023.7700,13.3047,132.4350,0.00,VEHICLE,0,0,
-386.1261,1022.3940,12.8706,128.0872,0.00,VEHICLE,0,0,
-388.1231,1021.1210,12.4456,123.3022,0.00,VEHICLE,0,0,
-390.0665,1020.0717,12.0681,119.0583,0.00,VEHICLE,0,0,
-392.1994,1018.9902,11.6699,116.7899,0.00,VEHICLE,0,0,
-394.5231,1017.9106,11.2871,115.5669,0.00,VEHICLE,0,0,
-396.8458,1017.0090,11.0491,112.8925,0.00,VEHICLE,0,0,
-399.1502,1016.3112,10.9310,108.9189,0.00,VEHICLE,0,0,
-401.6216,1015.8265,10.9153,103.3346,0.00,VEHICLE,0,0,
-404.1655,1015.6441,10.9348,96.4134,0.00,VEHICLE,0,0,
-406.4702,1015.7569,10.9841,89.6573,0.00,VEHICLE,0,0,
-408.9427,1016.1698,11.0161,82.2804,0.00,VEHICLE,0,0,
-411.1521,1016.8005,11.0264,75.7604,0.00,VEHICLE,0,0,
-413.4641,1017.7526,11.0231,68.8043,0.00,VEHICLE,0,0,
-415.6905,1018.9089,11.0209,63.1479,0.00,VEHICLE,0,0,
-417.8217,1020.1001,11.0213,60.9719,0.00,VEHICLE,0,0,
-419.9893,1021.3574,11.0223,60.4608,0.00,VEHICLE,0,0,
-422.2364,1022.6614,11.0230,60.3495,0.00,VEHICLE,0,0,
-424.5159,1023.9763,11.0232,60.3204,0.00,VEHICLE,0,0,
-426.8298,1025.3009,11.0233,60.3093,0.00,VEHICLE,0,0,
-429.1643,1026.6298,11.0234,60.3019,0.00,VEHICLE,0,0,
-431.5392,1027.9774,11.0235,60.2960,0.00,VEHICLE,0,0,
-433.9611,1029.3513,11.0235,60.2922,0.00,VEHICLE,0,0,
-436.3019,1030.6792,11.0236,60.3226,0.00,VEHICLE,0,0,
-438.7496,1032.0490,11.0235,60.6624,0.00,VEHICLE,0,0,
-441.2411,1033.4419,11.0235,60.7873,0.00,VEHICLE,0,0,
-443.7036,1034.8181,11.0235,60.8206,0.00,VEHICLE,0,0,
-446.2435,1036.2371,11.0235,60.8298,0.00,VEHICLE,0,0,
-448.8363,1037.6849,11.0236,60.8321,0.00,VEHICLE,0,0,
-451.3966,1039.1141,11.0236,60.8324,0.00,VEHICLE,0,0,
-454.0228,1040.5796,11.0236,60.8322,0.00,VEHICLE,0,0,
-456.6540,1042.0477,11.0236,60.8319,0.00,VEHICLE,0,0,
-459.2873,1043.5172,11.0236,60.8317,0.00,VEHICLE,0,0,
-461.8999,1044.9752,11.0236,60.8317,0.00,VEHICLE,0,0,
-464.5564,1046.4579,11.0236,60.8317,0.00,VEHICLE,0,0,
-467.3061,1047.9927,11.0235,60.8318,0.00,VEHICLE,0,0,
-470.0459,1049.5221,11.0234,60.8319,0.00,VEHICLE,0,0,
-472.6509,1050.9761,11.0234,60.8320,0.00,VEHICLE,0,0,
-475.1725,1052.3837,11.0233,60.8321,0.00,VEHICLE,0,0,
-477.8189,1053.8608,11.0233,60.8321,0.00,VEHICLE,0,0,
-480.4827,1055.3478,11.0233,60.8320,0.00,VEHICLE,0,0,
-483.2284,1056.8804,11.0233,60.8320,0.00,VEHICLE,0,0,
-486.0320,1058.4452,11.0233,60.8320,0.00,VEHICLE,0,0,
-488.7115,1059.9407,11.0233,60.8320,0.00,VEHICLE,0,0,
-491.5522,1061.5262,11.0233,60.8320,0.00,VEHICLE,0,0,
-494.3545,1063.0903,11.0233,60.8320,0.00,VEHICLE,0,0,
-497.1907,1064.6733,11.0233,60.8320,0.00,VEHICLE,0,0,
-500.0354,1066.2611,11.0233,60.8320,0.00,VEHICLE,0,0,
-502.7617,1067.8113,11.0233,60.4217,0.00,VEHICLE,0,0,
-505.4576,1069.4956,11.0232,58.1325,0.00,VEHICLE,0,0,
-508.1586,1071.2775,11.0229,56.5190,0.00,VEHICLE,0,0,
-510.8215,1073.0731,11.0225,56.0340,0.00,VEHICLE,0,0,
-513.4890,1074.8871,11.0219,55.9079,0.00,VEHICLE,0,0,
-516.0969,1076.6649,11.0217,55.8799,0.00,VEHICLE,0,0,
-518.6962,1078.4354,11.0221,55.8745,0.00,VEHICLE,0,0,
-521.3364,1080.2307,11.0227,55.8729,0.00,VEHICLE,0,0,
-523.9645,1082.0138,11.0230,55.8712,0.00,VEHICLE,0,0,
-526.6819,1083.8535,11.0232,55.8812,0.00,VEHICLE,0,0,
-529.3093,1085.5457,11.0232,57.0585,0.00,VEHICLE,0,0,
-532.0259,1087.1012,11.0230,60.0055,0.00,VEHICLE,0,0,
-534.9941,1088.5460,11.0223,63.9809,0.00,VEHICLE,0,0,
-537.9478,1089.7111,11.0212,68.3341,0.00,VEHICLE,0,0,
-540.9606,1090.6246,11.0199,73.1312,0.00,VEHICLE,0,0,
-543.9727,1091.2581,11.0190,78.0965,0.00,VEHICLE,0,0,
-547.0690,1091.7335,11.0191,81.5466,0.00,VEHICLE,0,0,
-550.1481,1092.1135,11.0190,82.7238,0.00,VEHICLE,0,0,
-553.1038,1092.4512,11.0175,82.9550,0.00,VEHICLE,0,0,
-556.0322,1092.7554,11.0498,83.6469,0.00,VEHICLE,0,0,
-559.0760,1092.9749,11.1420,85.9620,0.00,VEHICLE,0,0,
-561.9977,1093.0446,11.2843,88.7924,0.00,VEHICLE,0,0,
-565.0997,1092.9503,11.3959,91.8616,0.00,VEHICLE,0,0,
-568.1328,1092.6982,11.3872,94.4394,0.00,VEHICLE,0,0,
-571.2480,1092.2875,11.2659,96.7074,0.00,VEHICLE,0,0,
-574.2637,1091.7385,11.1036,99.2908,0.00,VEHICLE,0,0,
-577.1575,1090.9969,11.0903,103.2024,0.00,VEHICLE,0,0,
-579.9990,1089.9895,11.2074,108.2431,0.00,VEHICLE,0,0,
-582.7173,1088.7179,11.3934,113.9396,0.00,VEHICLE,0,0,
-585.1445,1087.2943,11.5625,119.2975,0.00,VEHICLE,0,0,
-587.5424,1085.6146,11.6926,124.4220,0.00,VEHICLE,0,0,
-589.9447,1083.7745,11.7641,128.1427,0.00,VEHICLE,0,0,
-592.3351,1081.8627,11.7724,130.0951,0.00,VEHICLE,0,0,
-594.6652,1079.9154,11.7336,131.1986,0.00,VEHICLE,0,0,
-597.0043,1077.8839,11.6948,131.5349,0.00,VEHICLE,0,0,
-599.3333,1075.8433,11.6663,131.5612,0.00,VEHICLE,0,0,
-601.7625,1073.8121,11.6445,130.2253,0.00,VEHICLE,0,0,
-604.2968,1071.8853,11.6172,127.4906,0.00,VEHICLE,0,0,
-606.8724,1070.1458,11.5892,124.2120,0.00,VEHICLE,0,0,
-609.5035,1068.6155,11.6148,120.3917,0.00,VEHICLE,0,0,
-612.2943,1067.1290,11.7060,117.9582,0.00,VEHICLE,0,0,
-615.1052,1065.6917,11.8150,117.2766,0.00,VEHICLE,0,0,
-617.8608,1064.2997,11.9169,117.1236,0.00,VEHICLE,0,0,
-620.5517,1062.9438,12.0055,117.0841,0.00,VEHICLE,0,0,
-623.2728,1061.5682,12.0770,117.0853,0.00,VEHICLE,0,0,
-625.9654,1060.1996,12.1358,117.0849,0.00,VEHICLE,0,0,
-628.6415,1058.8331,12.1896,117.0710,0.00,VEHICLE,0,0,
-631.4158,1057.4121,12.2433,117.0633,0.00,VEHICLE,0,0,
-634.2252,1055.9708,12.2717,117.0889,0.00,VEHICLE,0,0,
-637.0674,1054.5129,12.2750,117.0848,0.00,VEHICLE,0,0,
-639.9299,1053.0471,12.2766,117.0734,0.00,VEHICLE,0,0,
-642.6863,1051.6388,12.2866,117.0598,0.00,VEHICLE,0,0,
-645.5463,1050.1803,12.3107,117.0384,0.00,VEHICLE,0,0,
-648.4758,1048.6880,12.3467,117.0306,0.00,VEHICLE,0,0,
-651.3700,1047.1860,12.3844,117.4346,0.00,VEHICLE,0,0,
-654.3159,1045.5468,12.4233,119.0521,0.00,VEHICLE,0,0,
-657.1838,1043.8894,12.4374,119.7640,0.00,VEHICLE,0,0,
-659.9399,1042.2596,12.4019,119.9832,0.00,VEHICLE,0,0,
-662.7755,1040.5693,12.3380,120.0285,0.00,VEHICLE,0,0,
-665.6088,1038.8912,12.2716,120.0449,0.00,VEHICLE,0,0,
-668.5197,1037.1853,12.2149,120.0623,0.00,VEHICLE,0,0,
-671.3618,1035.5428,12.1922,120.0718,0.00,VEHICLE,0,0,
-674.1082,1033.9733,12.2094,120.0919,0.00,VEHICLE,0,0,
-676.7919,1032.4449,12.2432,120.1111,0.00,VEHICLE,0,0,
-679.4641,1030.9186,12.2745,120.1266,0.00,VEHICLE,0,0,
-682.0702,1029.4199,12.3014,120.1365,0.00,VEHICLE,0,0,
-684.8130,1027.8312,12.3282,120.1396,0.00,VEHICLE,0,0,
-687.4074,1026.3209,12.3498,120.1360,0.00,VEHICLE,0,0,
-690.0307,1024.7859,12.3602,120.1967,0.00,VEHICLE,0,0,
-692.6013,1023.2679,12.3599,120.4336,0.00,VEHICLE,0,0,
-695.1860,1021.7397,12.3611,120.5176,0.00,VEHICLE,0,0,
-697.7986,1020.1951,12.3709,120.5464,0.00,VEHICLE,0,0,
-700.4432,1018.6362,12.3886,120.5097,0.00,VEHICLE,0,0,
-703.1791,1017.1094,12.4151,119.2759,0.00,VEHICLE,0,0,
-706.0378,1015.6719,12.4444,116.8237,0.00,VEHICLE,0,0,
-708.8715,1014.4083,12.4262,114.2929,0.00,VEHICLE,0,0,
-711.8137,1013.1713,12.3215,112.8360,0.00,VEHICLE,0,0,
-714.6276,1012.0413,12.1772,112.1770,0.00,VEHICLE,0,0,
-717.5741,1010.9974,12.1070,109.9674,0.00,VEHICLE,0,0,
-720.7429,1010.1302,12.1072,105.5008,0.00,VEHICLE,0,0,
-723.7858,1009.5494,12.1817,100.9261,0.00,VEHICLE,0,0,
-726.9547,1009.0822,12.3206,98.0282,0.00,VEHICLE,0,0,
-729.9928,1008.6383,12.8516,97.7881,0.00,VEHICLE,0,0,
-732.8550,1008.2198,13.5819,98.0066,0.00,VEHICLE,0,0,
-735.5781,1007.8244,14.4645,97.8306,0.00,VEHICLE,0,0,
-738.3003,1007.4371,15.1934,97.6003,0.00,VEHICLE,0,0,
-740.9783,1007.0565,15.6697,97.3491,0.00,VEHICLE,0,0,
-743.7474,1006.6630,15.9015,97.0724,0.00,VEHICLE,0,0,
-746.5316,1006.2672,15.8780,96.8209,0.00,VEHICLE,0,0,
-749.1487,1005.9235,16.0186,96.7558,0.00,VEHICLE,0,0,
-751.5895,1005.7397,16.4100,94.9673,0.00,VEHICLE,0,0,
-753.9625,1005.6434,16.8492,92.5791,0.00,VEHICLE,0,0,
-756.3381,1005.5866,17.1295,90.7356,0.00,VEHICLE,0,0,
-758.7537,1005.5323,17.1751,88.9922,0.00,VEHICLE,0,0,
-761.1196,1005.4915,17.1107,87.4628,0.00,VEHICLE,0,0,
-763.3868,1005.5371,17.1669,85.3666,0.00,VEHICLE,0,0,
-765.7318,1005.7446,17.3720,83.1670,0.00,VEHICLE,0,0,
-768.0410,1006.0594,17.5588,82.5857,0.00,VEHICLE,0,0,
-770.3767,1006.3890,17.7013,82.5298,0.00,VEHICLE,0,0,
-772.7269,1006.7134,17.8117,82.5536,0.00,VEHICLE,0,0,
-775.1258,1007.0331,17.9258,82.5684,0.00,VEHICLE,0,0,
-777.5233,1007.3433,18.0427,82.5742,0.00,VEHICLE,0,0,
-779.9556,1007.6526,18.1622,82.5763,0.00,VEHICLE,0,0,
-782.3831,1007.9568,18.3075,82.6209,0.00,VEHICLE,0,0,
-784.7556,1008.2532,18.4779,82.7119,0.00,VEHICLE,0,0,
-787.1154,1008.5480,18.6814,82.7336,0.00,VEHICLE,0,0,
-789.5682,1008.8580,18.8932,82.7335,0.00,VEHICLE,0,0,
-792.0698,1009.1232,19.1111,83.7243,0.00,VEHICLE,0,0,
-794.6794,1009.2697,19.3449,86.4320,0.00,VEHICLE,0,0,
-797.2028,1009.2505,19.5834,89.8703,0.00,VEHICLE,0,0,
-799.6149,1009.0929,19.8116,93.1967,0.00,VEHICLE,0,0,
-801.9478,1008.8998,20.0717,94.5931,0.00,VEHICLE,0,0,
-804.2973,1008.6888,20.3549,95.0565,0.00,VEHICLE,0,0,
-806.7290,1008.4624,20.6815,95.1843,0.00,VEHICLE,0,0,
-809.1454,1008.2372,20.9927,95.2121,0.00,VEHICLE,0,0,
-811.5444,1008.0165,21.2829,95.2080,0.00,VEHICLE,0,0,
-813.9554,1007.7988,21.5562,95.2149,0.00,VEHICLE,0,0,
-816.4160,1007.5792,21.8517,95.2189,0.00,VEHICLE,0,0,
-818.8612,1007.3593,22.1922,95.2639,0.00,VEHICLE,0,0,
-821.4887,1007.1825,22.6096,94.1636,0.00,VEHICLE,0,0,
-824.0298,1007.1572,23.0213,91.1183,0.00,VEHICLE,0,0,
-826.3370,1007.2272,23.4739,88.6196,0.00,VEHICLE,0,0,
-828.6746,1007.3273,23.8523,87.6824,0.00,VEHICLE,0,0,
-831.0245,1007.4417,24.1556,87.4297,0.00,VEHICLE,0,0,
-833.3448,1007.5580,24.2928,87.3015,0.00,VEHICLE,0,0,
-835.6701,1007.6709,24.3580,87.2514,0.00,VEHICLE,0,0,
-838.0571,1007.8314,24.5065,86.1980,0.00,VEHICLE,0,0,
-840.4002,1008.1285,24.6027,83.0764,0.00,VEHICLE,0,0,
-842.6381,1008.5192,24.6480,80.1171,0.00,VEHICLE,0,0,
-844.8326,1009.0152,24.6375,77.2900,0.00,VEHICLE,0,0,
-846.9904,1009.5449,24.6190,74.8197,0.00,VEHICLE,0,0,
-849.1178,1010.1773,24.6382,73.5464,0.00,VEHICLE,0,0,
-851.2461,1010.8546,24.6908,73.3902,0.00,VEHICLE,0,0,
-853.4031,1011.5341,24.7415,73.3734,0.00,VEHICLE,0,0,
-855.5535,1012.2051,24.8290,73.3298,0.00,VEHICLE,0,0,
-857.7410,1012.8754,24.9695,73.2483,0.00,VEHICLE,0,0,
-859.9270,1013.5385,25.0875,73.2585,0.00,VEHICLE,0,0,
-862.1620,1014.2086,25.0865,73.2592,0.00,VEHICLE,0,0,
-864.3727,1014.8652,24.8560,73.1829,0.00,VEHICLE,0,0,
-866.5906,1015.5240,24.3807,73.0869,0.00,VEHICLE,0,0,
-868.7944,1016.1739,23.7203,72.9988,0.00,VEHICLE,0,0,
-871.0129,1016.7986,23.1744,73.3190,0.00,VEHICLE,0,0,
-873.2881,1017.4123,22.8373,73.7080,0.00,VEHICLE,0,0,
-875.5569,1018.0282,22.6289,73.7696,0.00,VEHICLE,0,0,
-877.9186,1018.6892,22.4126,73.7528,0.00,VEHICLE,0,0,
-880.3163,1019.3817,22.1756,73.7668,0.00,VEHICLE,0,0,
-882.7413,1020.0867,21.9518,73.8820,0.00,VEHICLE,0,0,
-885.2365,1020.8091,21.7473,74.0395,0.00,VEHICLE,0,0,
-887.7120,1021.5174,21.5683,74.0804,0.00,VEHICLE,0,0,
-890.2646,1022.2438,21.3858,74.0893,0.00,VEHICLE,0,0,
-892.8063,1022.9650,21.2016,74.0996,0.00,VEHICLE,0,0,
-895.5945,1023.7768,21.0077,73.8253,0.00,VEHICLE,0,0,
-898.4467,1024.7090,20.8242,72.2188,0.00,VEHICLE,0,0,
-901.2147,1025.7545,20.6704,69.8545,0.00,VEHICLE,0,0,
-903.8530,1026.9604,20.7324,66.8723,0.00,VEHICLE,0,0,
-906.3506,1028.2427,20.8931,64.1829,0.00,VEHICLE,0,0,
-908.8693,1029.5828,21.1706,63.2397,0.00,VEHICLE,0,0,
-911.3730,1030.9102,21.4381,63.0006,0.00,VEHICLE,0,0,
-913.9628,1032.2605,21.6989,62.9078,0.00,VEHICLE,0,0,
-916.6870,1033.7043,21.9601,62.0811,0.00,VEHICLE,0,0,
-919.2912,1035.1801,22.1970,59.9435,0.00,VEHICLE,0,0,
-921.9489,1036.8385,22.3670,57.0041,0.00,VEHICLE,0,0,
-924.3848,1038.5380,22.5098,54.0872,0.00,VEHICLE,0,0,
-926.6375,1040.3458,22.7086,50.7788,0.00,VEHICLE,0,0,
-928.8130,1042.2372,22.9711,48.6623,0.00,VEHICLE,0,0,
-930.9276,1044.1862,23.2495,47.8942,0.00,VEHICLE,0,0,
-933.0406,1046.1798,23.5179,47.8254,0.00,VEHICLE,0,0,
-935.1799,1048.1936,23.7623,47.7864,0.00,VEHICLE,0,0,
-937.3824,1050.3500,24.0082,46.4086,0.00,VEHICLE,0,0,
-939.3634,1052.5120,24.2409,43.0646,0.00,VEHICLE,0,0,
-941.2343,1054.8759,24.4798,38.5755,0.00,VEHICLE,0,0,
-942.8316,1057.2740,24.6981,33.8999,0.00,VEHICLE,0,0,
-944.3541,1059.7576,24.9150,31.2782,0.00,VEHICLE,0,0,
-945.7987,1062.2242,25.1142,30.4794,0.00,VEHICLE,0,0,
-947.2252,1064.7002,25.3030,30.3050,0.00,VEHICLE,0,0,
-948.6791,1067.2299,25.4892,30.2532,0.00,VEHICLE,0,0,
-950.1516,1069.7843,25.6779,30.2331,0.00,VEHICLE,0,0,
-951.6587,1072.3842,25.8715,30.2185,0.00,VEHICLE,0,0,
-953.1509,1074.9448,26.0631,30.2043,0.00,VEHICLE,0,0,
-954.6931,1077.5815,26.2610,30.1924,0.00,VEHICLE,0,0,
-956.1594,1080.1689,26.4540,29.4887,0.00,VEHICLE,0,0,
-957.4854,1082.7925,26.6478,26.9244,0.00,VEHICLE,0,0,
-958.7536,1085.4369,26.8860,25.5262,0.00,VEHICLE,0,0,
-959.9790,1088.0564,27.1634,25.1271,0.00,VEHICLE,0,0,
-961.2141,1090.7253,27.4560,25.0232,0.00,VEHICLE,0,0,
-962.4568,1093.4214,27.7457,24.9960,0.00,VEHICLE,0,0,
-963.6996,1096.1172,28.0306,24.9853,0.00,VEHICLE,0,0,
-964.9522,1098.8286,28.3149,24.9807,0.00,VEHICLE,0,0,
-966.2204,1101.5651,28.6008,24.9813,0.00,VEHICLE,0,0,
-967.5446,1104.2469,28.8860,26.1692,0.00,VEHICLE,0,0,
-968.9093,1106.8041,29.1446,27.9780,0.00,VEHICLE,0,0,
-970.3172,1109.3792,29.3453,28.6414,0.00,VEHICLE,0,0,
-971.7038,1111.8887,29.4942,28.8004,0.00,VEHICLE,0,0,
-973.1002,1114.4100,29.6443,28.8323,0.00,VEHICLE,0,0,
-974.5416,1117.0123,29.8082,28.8437,0.00,VEHICLE,0,0,
-975.9332,1119.5247,29.9715,28.8507,0.00,VEHICLE,0,0,
-977.3212,1122.0305,30.1370,28.8455,0.00,VEHICLE,0,0,
-978.6785,1124.4824,30.3020,28.8424,0.00,VEHICLE,0,0,
-980.0257,1126.9186,30.4367,28.8522,0.00,VEHICLE,0,0,
-981.4059,1129.4197,30.5483,28.8605,0.00,VEHICLE,0,0,
-982.7635,1131.8846,30.6392,28.8593,0.00,VEHICLE,0,0,
-984.1693,1134.4390,30.7384,28.8613,0.00,VEHICLE,0,0,
-985.5538,1136.9513,30.8412,28.8613,0.00,VEHICLE,0,0,
-986.9585,1139.4944,30.9506,28.8609,0.00,VEHICLE,0,0,
-988.4102,1142.1189,31.0681,28.8608,0.00,VEHICLE,0,0,
-989.8889,1144.7939,31.1914,28.8591,0.00,VEHICLE,0,0,
-991.2452,1147.1788,31.3019,29.4548,0.00,VEHICLE,0,0,
-992.7155,1149.4962,31.4112,31.9581,0.00,VEHICLE,0,0,
-994.3835,1151.7810,31.5370,35.7272,0.00,VEHICLE,0,0,
-996.3156,1154.1831,31.7106,38.8630,0.00,VEHICLE,0,0,
-998.2562,1156.5026,31.9182,39.7972,0.00,VEHICLE,0,0,
-1000.1825,1158.7729,32.1228,40.0234,0.00,VEHICLE,0,0,
-1002.0519,1160.9681,32.3782,40.1210,0.00,VEHICLE,0,0,
-1004.0282,1163.2942,32.7099,40.1493,0.00,VEHICLE,0,0,
-1005.8026,1165.2947,33.0286,41.2448,0.00,VEHICLE,0,0,
-1007.7287,1167.2063,33.3991,44.7398,0.00,VEHICLE,0,0,
-1009.9098,1169.0249,33.8291,49.8722,0.00,VEHICLE,0,0,
-1012.2549,1170.6232,34.2506,55.4535,0.00,VEHICLE,0,0,
-1014.7341,1172.0403,34.6447,60.5368,0.00,VEHICLE,0,0,
-1017.2035,1173.3326,35.0127,62.8084,0.00,VEHICLE,0,0,
-1019.5044,1174.4525,35.3433,63.7021,0.00,VEHICLE,0,0,
-1021.8060,1175.4412,35.6574,65.8124,0.00,VEHICLE,0,0,
-1024.1434,1176.2922,35.9648,68.9745,0.00,VEHICLE,0,0,
-1026.7328,1177.0281,36.2918,73.2610,0.00,VEHICLE,0,0,
-1029.3658,1177.5574,36.6094,77.8790,0.00,VEHICLE,0,0,
-1032.0798,1178.0220,36.9278,80.3993,0.00,VEHICLE,0,0,
-1034.7871,1178.4401,37.2639,81.0824,0.00,VEHICLE,0,0,
-1037.3284,1178.8251,37.5895,81.2277,0.00,VEHICLE,0,0,
-1039.8815,1179.1588,37.9065,82.2603,0.00,VEHICLE,0,0,
-1042.6437,1179.3838,38.2098,85.0630,0.00,VEHICLE,0,0,
-1045.3009,1179.4406,38.4366,88.4544,0.00,VEHICLE,0,0,
-1047.8589,1179.3303,38.6158,92.0256,0.00,VEHICLE,0,0,
-1050.2491,1179.0614,38.7693,95.8020,0.00,VEHICLE,0,0,
-1052.5809,1178.6207,38.9039,99.8830,0.00,VEHICLE,0,0,
-1054.9325,1178.0197,38.9619,103.6185,0.00,VEHICLE,0,0,
-1057.4038,1177.2181,38.9500,107.1786,0.00,VEHICLE,0,0,
-1059.7832,1176.2582,38.8946,111.1894,0.00,VEHICLE,0,0,
-1062.3375,1175.1089,38.8212,114.0133,0.00,VEHICLE,0,0,
-1064.9052,1173.8937,38.7449,114.7223,0.00,VEHICLE,0,0,
-1067.4377,1172.6887,38.6720,114.8794,0.00,VEHICLE,0,0,
-1070.0662,1171.4363,38.6387,115.1511,0.00,VEHICLE,0,0,
-1072.5304,1170.2310,38.7072,115.5437,0.00,VEHICLE,0,0,
-1074.8102,1169.0938,38.7597,115.7599,0.00,VEHICLE,0,0,
-1077.0829,1167.9264,38.7489,116.7043,0.00,VEHICLE,0,0,
-1079.5206,1166.5966,38.6740,118.7138,0.00,VEHICLE,0,0,
-1081.8778,1165.2708,38.5681,120.1363,0.00,VEHICLE,0,0,
-1084.2745,1163.8899,38.4503,120.5605,0.00,VEHICLE,0,0,
-1086.6306,1162.5084,38.3100,120.6851,0.00,VEHICLE,0,0,
-1088.9531,1161.0886,38.1831,121.2626,0.00,VEHICLE,0,0,
-1091.3390,1159.4255,38.0661,124.1521,0.00,VEHICLE,0,0,
-1093.4301,1157.6732,37.9866,128.5517,0.00,VEHICLE,0,0,
-1095.3082,1155.7599,37.9239,133.8932,0.00,VEHICLE,0,0,
-1097.2419,1153.6390,37.8558,137.1598,0.00,VEHICLE,0,0,
-1099.0674,1151.6134,37.7846,138.1463,0.00,VEHICLE,0,0,
-1100.9355,1149.5458,37.7288,138.4357,0.00,VEHICLE,0,0,
-1102.7837,1147.5125,37.6413,138.4081,0.00,VEHICLE,0,0,
-1104.7078,1145.3949,37.5215,138.4138,0.00,VEHICLE,0,0,
-1106.7112,1143.1672,37.4129,138.4311,0.00,VEHICLE,0,0,
-1108.8376,1140.7703,37.3283,138.4787,0.00,VEHICLE,0,0,
-1110.9919,1138.3101,37.2636,138.4061,0.00,VEHICLE,0,0,
-1113.0610,1135.9224,37.2598,138.3890,0.00,VEHICLE,0,0,
-1115.0145,1133.6638,37.3249,138.3725,0.00,VEHICLE,0,0,
-1117.0392,1131.3619,37.3956,138.0905,0.00,VEHICLE,0,0,
-1119.1260,1129.1718,37.4583,136.2341,0.00,VEHICLE,0,0,
-1121.2648,1127.0104,37.5186,135.2415,0.00,VEHICLE,0,0,
-1123.4396,1124.8514,37.5798,134.9727,0.00,VEHICLE,0,0,
-1125.5996,1122.7220,37.6506,134.9106,0.00,VEHICLE,0,0,
-1127.7672,1120.5867,37.7342,134.8987,0.00,VEHICLE,0,0,
-1129.9272,1118.4521,37.8253,134.8974,0.00,VEHICLE,0,0,
-1132.0902,1116.3048,37.9166,134.8950,0.00,VEHICLE,0,0,
-1134.2117,1114.1904,38.0071,134.8917,0.00,VEHICLE,0,0,
-1136.3674,1112.0371,38.0985,134.8856,0.00,VEHICLE,0,0,
-1138.5281,1109.8784,38.1903,134.8820,0.00,VEHICLE,0,0,
-1140.6897,1107.7201,38.3029,134.8789,0.00,VEHICLE,0,0,
-1142.7910,1105.6250,38.4297,134.8781,0.00,VEHICLE,0,0,
-1144.8616,1103.5629,38.5626,134.8788,0.00,VEHICLE,0,0,
-1147.0250,1101.4095,38.6986,134.8798,0.00,VEHICLE,0,0,
-1149.1451,1099.2999,38.8302,134.8808,0.00,VEHICLE,0,0,
-1151.2805,1097.1749,38.9623,134.8811,0.00,VEHICLE,0,0,
-1153.4521,1095.0138,39.0969,134.8801,0.00,VEHICLE,0,0,
-1155.6157,1092.8602,39.2311,134.8798,0.00,VEHICLE,0,0,
-1157.7456,1090.7399,39.3633,134.8796,0.00,VEHICLE,0,0,
-1159.7990,1088.6957,39.4908,134.8785,0.00,VEHICLE,0,0,
-1161.9099,1086.5934,39.6142,134.8789,0.00,VEHICLE,0,0,
-1164.0062,1084.5051,39.7293,134.8811,0.00,VEHICLE,0,0,
-1166.0900,1082.4293,39.8349,134.8804,0.00,VEHICLE,0,0,
-1168.1439,1080.3828,39.9398,134.8797,0.00,VEHICLE,0,0,
-1170.2411,1078.2942,40.0485,134.8793,0.00,VEHICLE,0,0,
-1172.3273,1076.2166,40.1570,134.8792,0.00,VEHICLE,0,0,
-1174.3419,1074.2106,40.2620,134.8792,0.00,VEHICLE,0,0,
-1176.4241,1072.1373,40.3705,134.8792,0.00,VEHICLE,0,0,
-1178.5718,1069.9990,40.4824,134.8792,0.00,VEHICLE,0,0,
-1180.6484,1067.9313,40.5906,134.8791,0.00,VEHICLE,0,0,
-1182.5979,1065.9834,40.6923,134.9517,0.00,VEHICLE,0,0,
-1184.5156,1063.9712,40.7949,136.1779,0.00,VEHICLE,0,0,
-1186.4957,1061.8223,40.9027,137.3057,0.00,VEHICLE,0,0,
-1188.4452,1059.6827,41.0096,137.6323,0.00,VEHICLE,0,0,
-1190.3809,1057.5491,41.1162,137.7178,0.00,VEHICLE,0,0,
-1192.3315,1055.3953,41.2239,137.7395,0.00,VEHICLE,0,0,
-1194.3195,1053.2006,41.3335,137.7444,0.00,VEHICLE,0,0,
-1196.3290,1050.9840,41.4427,137.7459,0.00,VEHICLE,0,0,
-1198.1584,1048.9855,41.5365,137.5524,0.00,VEHICLE,0,0,
-1200.1675,1046.8594,41.6331,136.7179,0.00,VEHICLE,0,0,
-1202.1482,1044.7792,41.7274,136.4309,0.00,VEHICLE,0,0,
-1204.1653,1042.6676,41.8241,136.3529,0.00,VEHICLE,0,0,
-1206.1611,1040.5818,41.9200,136.3337,0.00,VEHICLE,0,0,
-1208.1329,1038.5215,42.0149,136.3294,0.00,VEHICLE,0,0,
-1210.1436,1036.4182,42.1117,136.3284,0.00,VEHICLE,0,0,
-1212.1582,1034.3091,42.2087,136.3278,0.00,VEHICLE,0,0,
-1214.1647,1032.2070,42.3053,136.3269,0.00,VEHICLE,0,0,
-1216.0963,1030.1831,42.3984,136.3261,0.00,VEHICLE,0,0,
-1218.0941,1028.0895,42.4946,136.3255,0.00,VEHICLE,0,0,
-1220.0676,1026.0216,42.5897,136.3251,0.00,VEHICLE,0,0,
-1222.0405,1023.9545,42.6847,136.3250,0.00,VEHICLE,0,0,
-1224.0253,1021.8757,42.7804,136.3248,0.00,VEHICLE,0,0,
-1226.0129,1019.7943,42.8762,136.3246,0.00,VEHICLE,0,0,
-1228.0026,1017.7109,42.9723,136.3248,0.00,VEHICLE,0,0,
-1230.0005,1015.6189,43.0687,136.3251,0.00,VEHICLE,0,0,
-1231.8890,1013.6413,43.1598,136.3252,0.00,VEHICLE,0,0,
-1233.8732,1011.5635,43.2555,136.3252,0.00,VEHICLE,0,0,
-1235.8446,1009.4984,43.3487,136.3255,0.00,VEHICLE,0,0,
-1237.8081,1007.4410,43.4368,136.3250,0.00,VEHICLE,0,0,
-1239.8253,1005.3279,43.5226,136.3247,0.00,VEHICLE,0,0,
-1241.8510,1003.2058,43.6090,136.3246,0.00,VEHICLE,0,0,
-1243.8502,1001.1118,43.6949,136.3246,0.00,VEHICLE,0,0,
-1245.8116,999.0575,43.7793,136.3247,0.00,VEHICLE,0,0,
-1247.7683,997.0084,43.8635,136.3248,0.00,VEHICLE,0,0,
-1249.6796,995.0068,43.9459,136.3248,0.00,VEHICLE,0,0,
-1251.6594,992.9334,44.0311,136.3249,0.00,VEHICLE,0,0,
-1253.6212,990.8789,44.1156,136.3249,0.00,VEHICLE,0,0,
-1255.6345,988.7703,44.2023,136.3248,0.00,VEHICLE,0,0,
-1257.6763,986.6319,44.2902,136.3248,0.00,VEHICLE,0,0,
-1259.7112,984.5005,44.3779,136.3247,0.00,VEHICLE,0,0,
-1261.7129,982.4041,44.4641,136.3246,0.00,VEHICLE,0,0,
-1263.7274,980.2943,44.5510,136.3240,0.00,VEHICLE,0,0,
-1265.6760,978.3006,44.6340,135.7733,0.00,VEHICLE,0,0,
-1267.7749,976.3511,44.7190,133.2232,0.00,VEHICLE,0,0,
-1269.9893,974.3933,44.8064,131.5100,0.00,VEHICLE,0,0,
-1272.2487,972.4322,44.8868,131.0231,0.00,VEHICLE,0,0,
-1274.5503,970.4484,44.9541,130.9019,0.00,VEHICLE,0,0,
-1276.8340,968.4838,45.0083,130.8737,0.00,VEHICLE,0,0,
-1279.1256,966.5109,45.0631,130.8673,0.00,VEHICLE,0,0,
-1281.3761,964.5697,45.1185,130.8650,0.00,VEHICLE,0,0,
-1283.6293,962.6220,45.1747,130.8628,0.00,VEHICLE,0,0,
-1285.8345,960.7113,45.2299,130.8787,0.00,VEHICLE,0,0,
-1288.1143,958.6169,45.2887,132.3793,0.00,VEHICLE,0,0,
-1290.2042,956.4591,45.3456,135.5988,0.00,VEHICLE,0,0,
-1292.0791,954.2286,45.4002,139.5491,0.00,VEHICLE,0,0,
-1293.8962,951.7462,45.4574,143.6481,0.00,VEHICLE,0,0,
-1295.6099,949.2665,45.5142,145.4686,0.00,VEHICLE,0,0,
-1297.3190,946.7079,45.5726,145.9231,0.00,VEHICLE,0,0,
-1299.0032,944.1709,45.6305,146.0162,0.00,VEHICLE,0,0,
-1300.7034,941.6155,45.6885,146.0382,0.00,VEHICLE,0,0,
-1302.4098,939.0637,45.7464,146.0456,0.00,VEHICLE,0,0,
-1304.1404,936.4903,45.8002,146.0513,0.00,VEHICLE,0,0,
-1305.8325,933.9825,45.8471,146.0564,0.00,VEHICLE,0,0,
-1307.5809,931.4994,45.8901,145.0751,0.00,VEHICLE,0,0,
-1309.4596,929.1077,45.9344,142.1904,0.00,VEHICLE,0,0,
-1311.5085,926.8433,45.9792,138.1782,0.00,VEHICLE,0,0,
-1313.6970,924.7905,46.0229,133.5790,0.00,VEHICLE,0,0,
-1315.9457,922.8754,46.0663,130.3055,0.00,VEHICLE,0,0,
-1318.2742,920.9884,46.1112,129.1385,0.00,VEHICLE,0,0,
-1320.6047,919.1360,46.1561,128.8957,0.00,VEHICLE,0,0,
-1322.9369,917.2846,46.2008,128.8415,0.00,VEHICLE,0,0,
-1325.2867,915.4119,46.2454,128.8278,0.00,VEHICLE,0,0,
-1327.5869,913.5692,46.2890,128.8215,0.00,VEHICLE,0,0,
-1329.8154,911.7538,46.3316,129.0919,0.00,VEHICLE,0,0,
-1332.0892,909.7207,46.3769,131.4484,0.00,VEHICLE,0,0,
-1334.0543,907.7271,46.4183,134.8706,0.00,VEHICLE,0,0,
-1335.9998,905.4862,46.4620,138.6957,0.00,VEHICLE,0,0,
-1337.8911,903.1992,46.5083,140.3990,0.00,VEHICLE,0,0,
-1339.7173,900.9339,46.5490,140.8220,0.00,VEHICLE,0,0,
-1341.6733,898.4961,46.5877,140.9255,0.00,VEHICLE,0,0,
-1343.3676,896.3871,46.6169,140.9463,0.00,VEHICLE,0,0,
-1345.1566,894.1740,46.6481,140.9013,0.00,VEHICLE,0,0,
-1347.0518,891.9805,46.6805,139.3556,0.00,VEHICLE,0,0,
-1349.0887,889.8657,46.7133,136.3655,0.00,VEHICLE,0,0,
-1351.0867,887.8728,46.7450,135.0618,0.00,VEHICLE,0,0,
-1353.1376,885.8593,46.7776,134.6878,0.00,VEHICLE,0,0,
-1355.2296,883.8157,46.8110,134.5907,0.00,VEHICLE,0,0,
-1357.3539,881.7407,46.8449,134.5668,0.00,VEHICLE,0,0,
-1359.5154,879.6237,46.8792,134.5606,0.00,VEHICLE,0,0,
-1361.6881,877.4887,46.9137,134.5571,0.00,VEHICLE,0,0,
-1363.8260,875.3815,46.9477,134.5612,0.00,VEHICLE,0,0,
-1366.0072,873.1634,46.9829,135.3599,0.00,VEHICLE,0,0,
-1368.1715,870.9223,47.0181,135.9289,0.00,VEHICLE,0,0,
-1370.4431,868.5583,47.0552,136.0825,0.00,VEHICLE,0,0,
-1372.5177,866.3967,47.0854,136.1154,0.00,VEHICLE,0,0,
-1374.6060,864.2211,47.1116,136.1237,0.00,VEHICLE,0,0,
-1376.7438,861.9811,47.1349,136.2915,0.00,VEHICLE,0,0,
-1378.6016,860.0297,47.1555,136.3916,0.00,VEHICLE,0,0,
-1380.8940,857.6203,47.1814,136.4285,0.00,VEHICLE,0,0,
-1383.2233,855.1719,47.2080,136.4375,0.00,VEHICLE,0,0,
-1385.4139,852.8686,47.2331,136.4393,0.00,VEHICLE,0,0,
-1387.6322,850.5358,47.2585,136.4397,0.00,VEHICLE,0,0,
-1390.0825,847.9589,47.2865,136.4396,0.00,VEHICLE,0,0,
-1392.3396,845.5854,47.3123,136.4395,0.00,VEHICLE,0,0,
-1394.5953,843.2133,47.3381,136.4394,0.00,VEHICLE,0,0,
-1396.8755,840.8154,47.3642,136.4394,0.00,VEHICLE,0,0,
-1399.1289,838.4457,47.3899,136.4394,0.00,VEHICLE,0,0,
-1401.3868,836.0715,47.4158,136.4390,0.00,VEHICLE,0,0,
-1403.6592,833.6823,47.4419,136.4391,0.00,VEHICLE,0,0,
-1405.9384,831.2855,47.4461,136.4396,0.00,VEHICLE,0,0,
-1408.4043,828.6923,47.4233,136.4395,0.00,VEHICLE,0,0,
-1410.5981,826.3853,47.3933,136.4395,0.00,VEHICLE,0,0,
-1412.8120,824.0574,47.3655,136.4395,0.00,VEHICLE,0,0,
-1414.9861,821.7713,47.3397,136.4394,0.00,VEHICLE,0,0,
-1417.1921,819.4515,47.3139,136.4395,0.00,VEHICLE,0,0,
-1419.3910,817.1393,47.2884,136.4395,0.00,VEHICLE,0,0,
-1421.6625,814.7509,47.2621,136.4395,0.00,VEHICLE,0,0,
-1424.0248,812.2668,47.2347,136.4395,0.00,VEHICLE,0,0,
-1426.2551,809.9213,47.2089,136.4396,0.00,VEHICLE,0,0,
-1428.6953,807.3554,47.1806,136.4395,0.00,VEHICLE,0,0,
-1431.0061,804.9255,47.1539,136.4395,0.00,VEHICLE,0,0,
-1433.3781,802.4315,47.1265,136.4389,0.00,VEHICLE,0,0,
-1435.7927,799.8926,47.0989,136.4383,0.00,VEHICLE,0,0,
-1438.3082,797.2478,47.0715,136.4392,0.00,VEHICLE,0,0,
-1440.5895,794.8494,47.0406,136.4397,0.00,VEHICLE,0,0,
-1442.8406,792.4819,47.0010,136.4396,0.00,VEHICLE,0,0,
-1444.8309,790.3887,46.9661,136.4394,0.00,VEHICLE,0,0,
-1446.6604,788.4647,46.9350,136.4393,0.00,VEHICLE,0,0,
-1448.9512,786.0557,46.8966,136.4392,0.00,VEHICLE,0,0,
-1451.2400,783.6487,46.8585,136.4392,0.00,VEHICLE,0,0,
-1453.3583,781.4213,46.8232,136.4393,0.00,VEHICLE,0,0,
-1455.4784,779.1918,46.7879,136.4395,0.00,VEHICLE,0,0,
-1457.6617,776.8961,46.7516,136.4395,0.00,VEHICLE,0,0,
-1459.9808,774.4111,46.7126,136.9285,0.00,VEHICLE,0,0,
-1462.0707,772.0707,46.6766,138.1956,0.00,VEHICLE,0,0,
-1464.0742,769.7952,46.6418,138.6977,0.00,VEHICLE,0,0,
-1466.1108,767.4648,46.6062,138.8355,0.00,VEHICLE,0,0,
-1468.2144,765.0506,46.5697,138.8686,0.00,VEHICLE,0,0,
-1470.2336,762.7307,46.5337,138.8743,0.00,VEHICLE,0,0,
-1472.3555,760.2941,46.4898,138.8752,0.00,VEHICLE,0,0,
-1474.4181,757.9280,46.4416,138.8759,0.00,VEHICLE,0,0,
-1476.5839,755.4468,46.3904,138.8773,0.00,VEHICLE,0,0,
-1478.6633,753.0663,46.3421,138.8789,0.00,VEHICLE,0,0,
-1480.8059,750.6147,46.2928,138.8803,0.00,VEHICLE,0,0,
-1482.8284,748.3003,46.2463,138.8809,0.00,VEHICLE,0,0,
-1484.7723,746.0748,46.2016,138.8809,0.00,VEHICLE,0,0,
-1487.1139,743.3930,46.1478,138.8804,0.00,VEHICLE,0,0,
-1489.5651,740.5851,46.0914,138.8797,0.00,VEHICLE,0,0,
-1492.0137,737.7798,46.0351,138.8790,0.00,VEHICLE,0,0,
-1494.4326,735.0083,45.9795,138.8786,0.00,VEHICLE,0,0,
-1496.8878,732.1957,45.9231,138.8784,0.00,VEHICLE,0,0,
-1498.2220,730.6693,45.8924,138.8616,0.00,VEHICLE,0,0,
-1500.4155,728.2348,45.8429,138.0426,0.00,VEHICLE,0,0,
-1502.8126,725.6449,45.7815,137.1641,0.00,VEHICLE,0,0,
-1505.1488,723.1445,45.7157,136.9395,0.00,VEHICLE,0,0,
-1507.3079,720.8417,45.6539,136.8884,0.00,VEHICLE,0,0,
-1509.4219,718.5899,45.5943,136.8760,0.00,VEHICLE,0,0,
-1511.5288,716.3457,45.5353,136.8735,0.00,VEHICLE,0,0,
-1513.6576,714.0768,45.4758,136.8730,0.00,VEHICLE,0,0,
-1515.8087,711.7818,45.4157,136.8722,0.00,VEHICLE,0,0,
-1517.8782,709.5726,45.3580,136.8712,0.00,VEHICLE,0,0,
-1520.1346,707.1631,45.2951,136.8704,0.00,VEHICLE,0,0,
-1522.3243,704.8246,45.2341,136.8697,0.00,VEHICLE,0,0,
-1524.4653,702.5385,45.1745,136.8691,0.00,VEHICLE,0,0,
-1526.6371,700.2197,45.1141,136.8687,0.00,VEHICLE,0,0,
-1528.8502,697.8574,45.0527,136.8686,0.00,VEHICLE,0,0,
-1531.0875,695.4694,44.9906,136.8686,0.00,VEHICLE,0,0,
-1533.2782,693.1312,44.9284,136.8687,0.00,VEHICLE,0,0,
-1535.5183,690.7397,44.8514,136.8694,0.00,VEHICLE,0,0,
-1537.6987,688.4119,44.7607,136.8692,0.00,VEHICLE,0,0,
-1539.8503,686.1147,44.6647,136.8691,0.00,VEHICLE,0,0,
-1542.0134,683.8055,44.5700,136.8690,0.00,VEHICLE,0,0,
-1544.2579,681.4097,44.4732,136.8690,0.00,VEHICLE,0,0,
-1546.3635,679.1620,44.3828,136.8691,0.00,VEHICLE,0,0,
-1548.4335,676.9526,44.2942,136.8689,0.00,VEHICLE,0,0,
-1551.0812,674.1266,44.1810,136.8686,0.00,VEHICLE,0,0,
-1553.5166,671.5270,44.0768,136.8687,0.00,VEHICLE,0,0,
-1555.9067,668.9760,43.9746,136.8687,0.00,VEHICLE,0,0,
-1558.3562,666.3618,43.8698,136.8685,0.00,VEHICLE,0,0,
-1560.4120,664.1675,43.7820,136.8682,0.00,VEHICLE,0,0,
-1562.9692,661.4380,43.6727,136.8681,0.00,VEHICLE,0,0,
-1565.1993,659.0574,43.5768,136.8680,0.00,VEHICLE,0,0,
-1567.4749,656.6283,43.4788,136.8679,0.00,VEHICLE,0,0,
-1569.6127,654.3459,43.3862,136.8678,0.00,VEHICLE,0,0,
-1571.5884,652.2365,43.2984,136.8686,0.00,VEHICLE,0,0,
-1573.3433,650.3628,43.2148,136.8684,0.00,VEHICLE,0,0,
-1575.3981,648.1689,43.1142,136.8680,0.00,VEHICLE,0,0,
-1577.1830,646.2635,43.0281,136.8679,0.00,VEHICLE,0,0,
-1578.7841,644.5546,42.9514,136.8679,0.00,VEHICLE,0,0,
-1580.8960,642.3003,42.8502,136.8680,0.00,VEHICLE,0,0,
-1582.6832,640.3926,42.7642,136.8680,0.00,VEHICLE,0,0,
-1584.3712,638.5909,42.6830,136.8677,0.00,VEHICLE,0,0,
-1586.0618,636.7866,42.6022,136.8675,0.00,VEHICLE,0,0,
-1587.8306,634.8988,42.5178,136.8676,0.00,VEHICLE,0,0,
-1589.5253,633.0899,42.4361,136.8677,0.00,VEHICLE,0,0,
-1591.2333,631.2669,42.3532,136.8677,0.00,VEHICLE,0,0,
-1592.8894,629.4991,42.2731,136.8677,0.00,VEHICLE,0,0,
-1594.5583,627.7182,42.1933,136.8673,0.00,VEHICLE,0,0,
-1596.2755,625.8855,42.1113,136.8670,0.00,VEHICLE,0,0,
-1597.9801,624.0662,42.0297,136.8669,0.00,VEHICLE,0,0,
-1599.7208,622.1995,41.9460,136.9591,0.00,VEHICLE,0,0,
-1601.4738,620.1874,41.8584,138.5651,0.00,VEHICLE,0,0,
-1603.0621,618.1036,41.7725,142.0417,0.00,VEHICLE,0,0,
-1604.4180,616.0157,41.6911,146.1640,0.00,VEHICLE,0,0,
-1605.6591,613.9577,41.6131,148.6487,0.00,VEHICLE,0,0,
-1606.8617,611.9138,41.5591,149.3208,0.00,VEHICLE,0,0,
-1608.1383,609.7722,41.5405,149.3880,0.00,VEHICLE,0,0,
-1609.3597,607.7551,41.5221,149.5860,0.00,VEHICLE,0,0,
-1610.9427,605.1603,41.4746,149.6817,0.00,VEHICLE,0,0,
-1612.3573,602.8212,41.4397,149.6261,0.00,VEHICLE,0,0,
-1613.6388,600.6279,41.4230,149.7128,0.00,VEHICLE,0,0,
-1614.8961,598.3955,41.3870,149.7200,0.00,VEHICLE,0,0,
-1616.1078,596.1781,41.2878,149.6913,0.00,VEHICLE,0,0,
-1617.3525,593.8709,41.0436,149.6185,0.00,VEHICLE,0,0,
-1618.5369,591.6722,40.7912,149.6499,0.00,VEHICLE,0,0,
-1619.7866,589.4635,40.6171,149.5442,0.00,VEHICLE,0,0,
-1621.0519,587.3494,40.5259,149.4905,0.00,VEHICLE,0,0,
-1622.2974,585.3332,40.4510,149.4849,0.00,VEHICLE,0,0,
-1623.5945,583.2462,40.3725,149.5110,0.00,VEHICLE,0,0,
-1625.0188,580.9977,40.2811,148.8836,0.00,VEHICLE,0,0,
-1626.5482,578.8571,40.1868,145.6659,0.00,VEHICLE,0,0,
-1628.2137,576.8586,40.0927,141.0705,0.00,VEHICLE,0,0,
-1629.9379,575.0336,40.0014,137.1004,0.00,VEHICLE,0,0,
-1631.8741,573.0508,39.9006,135.6080,0.00,VEHICLE,0,0,
-1634.2021,570.7115,39.7809,135.2171,0.00,VEHICLE,0,0,
-1636.0928,568.8259,39.6836,135.1602,0.00,VEHICLE,0,0,
-1637.9780,566.9471,39.5761,135.1488,0.00,VEHICLE,0,0,
-1639.7886,565.1131,39.4661,135.4644,0.00,VEHICLE,0,0,
-1641.4491,563.3487,39.3613,136.5625,0.00,VEHICLE,0,0,
-1643.1007,561.5764,39.2576,136.9821,0.00,VEHICLE,0,0,
-1644.9587,559.5696,39.1406,137.1127,0.00,VEHICLE,0,0,
-1647.0828,557.2675,39.0062,137.1445,0.00,VEHICLE,0,0,
-1648.8395,555.3643,38.8920,137.1580,0.00,VEHICLE,0,0,
-1650.5929,553.4677,38.7794,137.1545,0.00,VEHICLE,0,0,
-1652.5560,551.2728,38.6527,138.0328,0.00,VEHICLE,0,0,
-1654.3722,549.1403,38.5328,139.4754,0.00,VEHICLE,0,0,
-1656.1224,547.0609,38.4162,139.9214,0.00,VEHICLE,0,0,
-1657.8754,544.9673,38.2990,140.0439,0.00,VEHICLE,0,0,
-1659.6273,542.8695,38.2218,140.0774,0.00,VEHICLE,0,0,
-1661.5693,540.5413,38.1973,140.0855,0.00,VEHICLE,0,0,
-1663.6876,537.9835,38.2155,140.2663,0.00,VEHICLE,0,0,
-1665.2832,535.8940,38.2257,142.1336,0.00,VEHICLE,0,0,
-1666.7592,533.7387,38.2306,145.0923,0.00,VEHICLE,0,0,
-1668.2567,531.4863,38.2330,146.2777,0.00,VEHICLE,0,0,
-1669.6895,529.3031,38.2337,146.5811,0.00,VEHICLE,0,0,
-1671.1608,527.0504,38.2340,146.6631,0.00,VEHICLE,0,0,
-1672.6360,524.7903,38.2343,146.6834,0.00,VEHICLE,0,0,
-1674.0427,522.6383,38.2339,146.6875,0.00,VEHICLE,0,0,
-1675.4097,520.5521,38.2330,146.6881,0.00,VEHICLE,0,0,
-1676.8185,518.4073,38.2327,146.6900,0.00,VEHICLE,0,0,
-1678.2740,516.1949,38.2333,146.6925,0.00,VEHICLE,0,0,
-1679.7367,513.9775,38.2339,146.6590,0.00,VEHICLE,0,0,
-1681.2430,511.7587,38.2347,146.0199,0.00,VEHICLE,0,0,
-1682.6298,509.7291,38.2348,145.7320,0.00,VEHICLE,0,0,
-1684.0021,507.7245,38.2349,145.6407,0.00,VEHICLE,0,0,
-1685.3672,505.7317,38.2350,145.6128,0.00,VEHICLE,0,0,
-1686.7242,503.7513,38.2354,145.6050,0.00,VEHICLE,0,0,
-1688.1709,501.6713,38.2365,145.3054,0.00,VEHICLE,0,0,
-1689.7618,499.6204,38.2381,142.7916,0.00,VEHICLE,0,0,
-1691.3372,497.6988,38.2392,140.9063,0.00,VEHICLE,0,0,
-1692.8721,495.8578,38.2397,140.3340,0.00,VEHICLE,0,0,
-1694.3923,494.0463,38.2400,140.1824,0.00,VEHICLE,0,0,
-1695.8722,492.2862,38.2420,140.1435,0.00,VEHICLE,0,0,
-1697.3793,490.4915,38.2453,140.1345,0.00,VEHICLE,0,0,
-1698.8872,488.6916,38.2505,140.1318,0.00,VEHICLE,0,0,
-1700.3704,486.9173,38.2558,140.1298,0.00,VEHICLE,0,0,
-1701.8964,485.0892,38.2608,140.1278,0.00,VEHICLE,0,0,
-1703.5074,483.1571,38.2650,140.1269,0.00,VEHICLE,0,0,
-1705.1392,481.2052,38.2684,140.0663,0.00,VEHICLE,0,0,
-1706.9266,479.2283,38.2708,138.2330,0.00,VEHICLE,0,0,
-1708.6266,477.5132,38.2725,135.7390,0.00,VEHICLE,0,0,
-1710.3738,475.7902,38.2736,134.7321,0.00,VEHICLE,0,0,
-1712.0391,474.1660,38.2686,134.4583,0.00,VEHICLE,0,0,
-1713.6650,472.5862,38.2533,134.3850,0.00,VEHICLE,0,0,
-1715.2690,471.0270,38.2295,134.3656,0.00,VEHICLE,0,0,
-1716.9209,469.4188,38.1999,134.3634,0.00,VEHICLE,0,0,
-1718.6676,467.6935,38.1728,134.6097,0.00,VEHICLE,0,0,
-1720.2725,465.9768,38.1513,136.4125,0.00,VEHICLE,0,0,
-1721.8470,464.2690,38.1098,137.2252,0.00,VEHICLE,0,0,
-1723.4645,462.5014,37.9777,137.4635,0.00,VEHICLE,0,0,
-1725.0497,460.7631,37.7786,137.5258,0.00,VEHICLE,0,0,
-1726.6118,459.0476,37.5570,137.5386,0.00,VEHICLE,0,0,
-1728.1996,457.3059,37.3457,137.5390,0.00,VEHICLE,0,0,
-1729.8193,455.5322,37.1401,137.5384,0.00,VEHICLE,0,0,
-1731.4460,453.7534,36.8636,137.5449,0.00,VEHICLE,0,0,
-1733.1447,451.8988,36.5164,137.5547,0.00,VEHICLE,0,0,
-1734.8712,450.0150,36.0833,137.5537,0.00,VEHICLE,0,0,
-1736.6801,448.0438,35.6303,137.5480,0.00,VEHICLE,0,0,
-1738.4899,446.0726,35.1965,137.5452,0.00,VEHICLE,0,0,
-1740.3148,444.0834,34.6695,137.5708,0.00,VEHICLE,0,0,
-1742.0533,442.1879,34.0076,137.6293,0.00,VEHICLE,0,0,
-1743.8414,440.2364,33.2318,137.6906,0.00,VEHICLE,0,0,
-1745.6210,438.2831,32.4174,137.7317,0.00,VEHICLE,0,0,
-1747.5239,436.1885,31.6023,137.7338,0.00,VEHICLE,0,0,
-1749.4365,434.0816,30.7367,137.7698,0.00,VEHICLE,0,0,
-1751.4188,431.8948,29.7746,137.7837,0.00,VEHICLE,0,0,
-1753.3784,429.7274,28.7881,137.8019,0.00,VEHICLE,0,0,
-1755.2312,427.5902,27.8282,138.8147,0.00,VEHICLE,0,0,
-1757.1351,425.3112,26.8429,140.0124,0.00,VEHICLE,0,0,
-1759.1488,422.8711,25.8116,140.3801,0.00,VEHICLE,0,0,
-1761.1924,420.3829,24.7506,140.4717,0.00,VEHICLE,0,0,
-1762.7251,418.5157,23.9796,140.4808,0.00,VEHICLE,0,0,
-1764.8223,415.9649,23.0270,140.4633,0.00,VEHICLE,0,0,
-1766.9166,413.4242,22.1789,140.4603,0.00,VEHICLE,0,0,
-1768.9110,411.0101,21.3803,140.4624,0.00,VEHICLE,0,0,
-1771.1099,408.3631,20.5859,140.3261,0.00,VEHICLE,0,0,
-1773.2114,405.8624,19.9263,140.0125,0.00,VEHICLE,0,0,
-1775.3374,403.3409,19.2823,139.9149,0.00,VEHICLE,0,0,
-1777.3751,400.9265,18.7397,139.8870,0.00,VEHICLE,0,0,
-1779.2578,398.6938,18.3779,139.8707,0.00,VEHICLE,0,0,
-1781.0723,396.5392,18.1160,139.8723,0.00,VEHICLE,0,0,
-1782.7119,394.5893,17.8699,139.8690,0.00,VEHICLE,0,0,
-1784.2249,392.7907,17.6700,139.8640,0.00,VEHICLE,0,0,
-1786.0116,390.6683,17.4597,139.8604,0.00,VEHICLE,0,0,
-1787.5966,388.7870,17.2933,139.8688,0.00,VEHICLE,0,0,
-1788.8771,387.1584,17.1502,141.1375,0.00,VEHICLE,0,0,
-1790.1716,385.3023,17.0473,144.2041,0.00,VEHICLE,0,0,
-1791.6544,383.1475,17.0023,145.2983,0.00,VEHICLE,0,0,
-1792.9091,381.2729,17.0392,145.8252,0.00,VEHICLE,0,0,
-1794.0546,379.3283,17.0729,148.4275,0.00,VEHICLE,0,0,
-1795.2180,377.2599,17.0878,150.2353,0.00,VEHICLE,0,0,
-1796.3313,375.1501,17.0934,151.6610,0.00,VEHICLE,0,0,
-1797.2607,372.9635,17.0969,155.7111,0.00,VEHICLE,0,0,
-1798.0201,370.3303,17.0943,162.7062,0.00,VEHICLE,0,0,
-1798.3209,368.3122,17.0825,169.0029,0.00,VEHICLE,0,0,
-1798.3240,365.5235,17.0600,178.5846,0.00,VEHICLE,0,0,
-1797.7999,362.7174,17.0402,189.1239,0.00,VEHICLE,0,0,
-1796.7261,360.0436,17.0319,200.2979,0.00,VEHICLE,0,0,
-1795.3042,357.3437,16.9704,207.2751,0.00,VEHICLE,0,0,
-1794.2922,355.5487,16.8765,208.2661,0.00,VEHICLE,0,0,
-1793.1754,353.6656,16.7261,209.1547,0.00,VEHICLE,0,0,
-1791.9039,351.8004,16.5542,212.4209,0.00,VEHICLE,0,0,
-1790.3602,349.8078,16.2556,216.6831,0.00,VEHICLE,0,0,
-1788.7766,347.8628,15.8744,218.9948,0.00,VEHICLE,0,0,
-1787.5096,346.3081,15.4279,220.0408,0.00,VEHICLE,0,0,
-1786.1270,344.6904,14.8677,220.4408,0.00,VEHICLE,0,0,
-1784.2086,342.6344,14.0321,222.0869,0.00,VEHICLE,0,0,
-1782.5842,341.0640,13.2462,224.8242,0.00,VEHICLE,0,0,
-1780.9857,339.5760,12.4910,226.5214,0.00,VEHICLE,0,0,
-1779.2551,337.9807,11.6637,227.0484,0.00,VEHICLE,0,0,
-1777.5111,336.3753,10.9253,227.1540,0.00,VEHICLE,0,0,
-1775.7487,334.7501,10.2646,227.1500,0.00,VEHICLE,0,0,
-1773.9065,333.0476,9.6692,227.1570,0.00,VEHICLE,0,0,
-1771.9697,331.2544,9.0983,227.1547,0.00,VEHICLE,0,0,
-1769.9410,329.3572,8.5825,226.9397,0.00,VEHICLE,0,0,
-1767.9248,327.3203,8.1365,225.0042,0.00,VEHICLE,0,0,
-1766.0938,325.2638,7.7629,222.0318,0.00,VEHICLE,0,0,
-1764.2112,323.0781,7.4281,220.7910,0.00,VEHICLE,0,0,
-1762.0955,320.5817,7.1211,220.4061,0.00,VEHICLE,0,0,
-1760.0083,318.1027,6.9752,220.3247,0.00,VEHICLE,0,0,
-1758.0897,315.8221,6.9749,220.3106,0.00,VEHICLE,0,0,
-1756.2509,313.6392,7.0039,220.3071,0.00,VEHICLE,0,0,
-1754.4166,311.4675,7.0174,220.3064,0.00,VEHICLE,0,0,
-1752.5558,309.2709,7.0216,220.3047,0.00,VEHICLE,0,0,
-1750.6359,307.0078,7.0225,220.2790,0.00,VEHICLE,0,0,
-1748.7758,304.8145,7.0220,220.2363,0.00,VEHICLE,0,0,
-1746.9022,302.6048,7.0215,220.2205,0.00,VEHICLE,0,0,
-1744.9368,300.2245,7.0212,219.5686,0.00,VEHICLE,0,0,
-1743.2296,297.8388,7.0483,216.0110,0.00,VEHICLE,0,0,
-1741.9160,295.3874,7.0936,209.1930,0.00,VEHICLE,0,0,
-1740.9803,292.8569,7.1439,201.5129,0.00,VEHICLE,0,0,
-1740.3890,290.2832,7.1689,193.6933,0.00,VEHICLE,0,0,
-1740.0204,287.7068,7.1775,187.7421,0.00,VEHICLE,0,0,
-1739.7639,285.1905,7.1742,184.5200,0.00,VEHICLE,0,0,
-1739.6168,282.4178,7.1758,183.2095,0.00,VEHICLE,0,0,
-1739.5839,279.6386,7.1776,181.6511,0.00,VEHICLE,0,0,
-1739.7629,276.6856,7.1785,177.4217,0.00,VEHICLE,0,0,
-1740.2373,273.6495,7.1785,171.6780,0.00,VEHICLE,0,0,
-1740.8813,271.1272,7.1777,166.5190,0.00,VEHICLE,0,0,
-1741.6199,268.5872,7.1772,163.8000,0.00,VEHICLE,0,0,
-1742.3611,266.2115,7.1540,163.0855,0.00,VEHICLE,0,0,
-1743.2437,263.4261,7.1037,162.9109,0.00,VEHICLE,0,0,
-1744.1595,260.6133,7.0288,162.4409,0.00,VEHICLE,0,0,
-1745.1074,258.1743,6.9654,159.6054,0.00,VEHICLE,0,0,
-1746.3613,255.2603,6.8913,156.7437,0.00,VEHICLE,0,0,
-1747.5143,252.6572,6.8249,156.1025,0.00,VEHICLE,0,0,
-1748.5225,250.4031,6.7666,155.9835,0.00,VEHICLE,0,0,
-1749.5603,248.0887,6.7063,155.9538,0.00,VEHICLE,0,0,
-1750.6112,245.7448,6.6451,155.9485,0.00,VEHICLE,0,0,
-1751.5422,243.6658,6.5906,155.9482,0.00,VEHICLE,0,0,
-1752.4985,241.5256,6.5347,155.9482,0.00,VEHICLE,0,0,
-1753.3712,239.5696,6.4837,155.9476,0.00,VEHICLE,0,0,
-1754.1611,237.6792,6.4349,156.8035,0.00,VEHICLE,0,0,
-1754.8518,235.6402,6.3836,160.0208,0.00,VEHICLE,0,0,
-1755.4440,233.3483,6.3273,164.4202,0.00,VEHICLE,0,0,
-1755.9502,231.2365,6.2762,166.0759,0.00,VEHICLE,0,0,
-1756.4292,229.1699,6.2267,166.5003,0.00,VEHICLE,0,0,
-1757.0428,226.3950,6.1601,167.0704,0.00,VEHICLE,0,0,
-1757.4867,223.5904,5.9496,170.3292,0.00,VEHICLE,0,0,
-1757.7897,220.9879,5.6006,173.2731,0.00,VEHICLE,0,0,
-1757.9133,218.8810,5.2015,176.7322,0.00,VEHICLE,0,0,
-1757.9962,216.8272,4.7490,179.7599,0.00,VEHICLE,0,0,
-1757.9637,214.6281,4.2865,181.3141,0.00,VEHICLE,0,0,
-1757.8572,212.3366,3.8231,181.7636,0.00,VEHICLE,0,0,
-1757.5637,210.1620,3.6164,185.3987,0.00,VEHICLE,0,0,
-1757.0909,207.7492,3.4916,189.6982,0.00,VEHICLE,0,0,
-1756.6007,205.3105,3.5280,190.9005,0.00,VEHICLE,0,0,
-1756.0939,202.7868,3.5467,191.1807,0.00,VEHICLE,0,0,
-1755.6233,200.4155,3.5492,191.2423,0.00,VEHICLE,0,0,
-1755.1849,197.7121,3.5477,189.6883,0.00,VEHICLE,0,0,
-1754.9606,195.1485,3.5464,185.9716,0.00,VEHICLE,0,0,
-1754.8522,192.2747,3.5456,182.6043,0.00,VEHICLE,0,0,
-1754.7761,189.2599,3.5460,181.7021,0.00,VEHICLE,0,0,
-1754.7255,186.9300,3.5465,181.5628,0.00,VEHICLE,0,0,
-1754.6746,184.6055,3.5467,181.5252,0.00,VEHICLE,0,0,
-1754.6119,181.9230,3.5468,181.5128,0.00,VEHICLE,0,0,
-1754.5449,179.2640,3.5469,181.5079,0.00,VEHICLE,0,0,
-1754.4717,176.5211,3.5469,181.5040,0.00,VEHICLE,0,0,
-1754.4087,173.7307,3.5469,181.2630,0.00,VEHICLE,0,0,
-1754.3524,170.9827,3.5470,181.1095,0.00,VEHICLE,0,0,
-1754.3011,168.3664,3.5470,181.0684,0.00,VEHICLE,0,0,
-1754.2440,165.3099,3.5470,181.0567,0.00,VEHICLE,0,0,
-1754.1908,162.3825,3.5470,181.0554,0.00,VEHICLE,0,0,
-1754.1255,159.5312,3.5470,181.2870,0.00,VEHICLE,0,0,
-1753.9253,156.4905,3.5469,183.5758,0.00,VEHICLE,0,0,
-1753.6799,153.5663,3.5467,184.7978,0.00,VEHICLE,0,0,
-1753.4160,150.6469,3.5466,185.1166,0.00,VEHICLE,0,0,
-1753.1377,147.6544,3.5467,185.1957,0.00,VEHICLE,0,0,
-1752.8552,144.6404,3.5469,185.2130,0.00,VEHICLE,0,0,
-1752.5741,141.6326,3.5469,185.2162,0.00,VEHICLE,0,0,
-1752.2928,138.5914,3.5470,185.2174,0.00,VEHICLE,0,0,
-1752.0005,135.3971,3.5470,185.2191,0.00,VEHICLE,0,0,
-1751.7167,132.2802,3.5469,185.2209,0.00,VEHICLE,0,0,
-1751.4326,129.1452,3.5468,185.2225,0.00,VEHICLE,0,0,
-1751.1447,125.9701,3.5463,185.2236,0.00,VEHICLE,0,0,
-1750.8510,122.7476,3.5455,185.2242,0.00,VEHICLE,0,0,
-1750.5225,119.1508,3.5456,185.2238,0.00,VEHICLE,0,0,
-1750.2378,116.0409,3.5461,185.2233,0.00,VEHICLE,0,0,
-1749.9561,112.9631,3.5464,185.2228,0.00,VEHICLE,0,0,
-1749.6740,109.8818,3.5466,185.2225,0.00,VEHICLE,0,0,
-1749.4166,106.8710,3.5467,184.9145,0.00,VEHICLE,0,0,
-1749.2346,103.9168,3.5467,183.6531,0.00,VEHICLE,0,0,
-1749.0620,100.7209,3.5464,183.0740,0.00,VEHICLE,0,0,
-1748.9092,97.6931,3.5459,182.9272,0.00,VEHICLE,0,0,
-1748.7561,94.5826,3.5452,182.8895,0.00,VEHICLE,0,0,
-1748.6149,91.6952,3.5448,182.8821,0.00,VEHICLE,0,0,
-1748.4951,88.9759,3.5447,182.6474,0.00,VEHICLE,0,0,
-1748.4031,86.4510,3.5451,182.1926,0.00,VEHICLE,0,0,
-1748.3131,83.8837,3.5456,182.0135,0.00,VEHICLE,0,0,
-1748.1987,80.5336,3.5462,181.9488,0.00,VEHICLE,0,0,
-1748.0975,77.5328,3.5465,181.9361,0.00,VEHICLE,0,0,
-1747.9928,74.4166,3.5467,181.9330,0.00,VEHICLE,0,0,
-1747.9283,71.4794,3.5467,181.3526,0.00,VEHICLE,0,0,
-1747.9116,68.2300,3.5466,180.3090,0.00,VEHICLE,0,0,
-1747.9115,64.9974,3.5463,180.0036,0.00,VEHICLE,0,0,
-1747.9181,61.7174,3.5456,179.9301,0.00,VEHICLE,0,0,
-1747.9374,59.0171,3.5451,179.7058,0.00,VEHICLE,0,0,
-1748.0573,56.0997,3.5447,177.9144,0.00,VEHICLE,0,0,
-1748.2520,53.0739,3.5445,176.3762,0.00,VEHICLE,0,0,
-1748.4666,50.0907,3.5446,175.9542,0.00,VEHICLE,0,0,
-1748.6801,47.2215,3.5446,175.8595,0.00,VEHICLE,0,0,
-1748.8817,44.5317,3.5446,175.8387,0.00,VEHICLE,0,0,
-1749.0641,42.0847,3.5445,175.8349,0.00,VEHICLE,0,0,
-1749.2460,39.6223,3.5444,175.8342,0.00,VEHICLE,0,0,
-1749.4348,37.0342,3.5444,175.8333,0.00,VEHICLE,0,0,
-1749.6243,34.4220,3.5444,175.8319,0.00,VEHICLE,0,0,
-1749.7990,32.0071,3.5444,175.8305,0.00,VEHICLE,0,0,
-1749.9860,29.4172,3.5446,175.8293,0.00,VEHICLE,0,0,
-1750.1758,26.8034,3.5454,175.8290,0.00,VEHICLE,0,0,
-1750.3660,24.1920,3.5462,175.8292,0.00,VEHICLE,0,0,
-1750.5626,21.4966,3.5466,175.8297,0.00,VEHICLE,0,0,
-1750.7600,18.7944,3.5469,175.8300,0.00,VEHICLE,0,0,
-1750.9568,16.1032,3.5469,175.8303,0.00,VEHICLE,0,0,
-1751.1582,13.3432,3.5464,175.8305,0.00,VEHICLE,0,0,
-1751.3494,10.7242,3.5455,175.8305,0.00,VEHICLE,0,0,
-1751.5311,8.2281,3.5444,175.8305,0.00,VEHICLE,0,0,
-1751.7024,5.8763,3.5423,175.8304,0.00,VEHICLE,0,0,
-1751.8696,3.5806,3.5420,175.8302,0.00,VEHICLE,0,0,
-1752.0283,1.4007,3.5429,175.8301,0.00,VEHICLE,0,0,
-1752.1729,-1.6935,3.5439,177.2770,0.00,VEHICLE,0,0,
-1752.0679,-3.7838,3.5440,181.2587,0.00,VEHICLE,0,0,
-1751.7468,-6.7198,3.5438,185.5664,0.00,VEHICLE,0,0,
-1751.4015,-9.6472,3.5445,186.2714,0.00,VEHICLE,0,0,
-1751.0591,-12.5526,3.5453,186.3481,0.00,VEHICLE,0,0,
-1750.8071,-14.5854,3.5463,186.6627,0.00,VEHICLE,0,0,
-1750.4108,-16.6744,3.5469,189.4955,0.00,VEHICLE,0,0,
-1749.5927,-19.5447,3.5456,195.3206,0.00,VEHICLE,0,0,
-1748.7429,-22.1721,3.5448,197.4495,0.00,VEHICLE,0,0,
-1747.6449,-24.5798,3.5441,203.0383,0.00,VEHICLE,0,0,
-1746.1942,-26.7065,3.5429,211.9378,0.00,VEHICLE,0,0,
-1744.3804,-28.4112,3.5417,223.4420,0.00,VEHICLE,0,0,
-1742.2932,-29.5569,3.5411,236.9407,0.00,VEHICLE,0,0,
-1739.9921,-30.1146,3.5410,251.7155,0.00,VEHICLE,0,0,
-1737.6042,-30.5665,3.5444,257.7629,0.00,VEHICLE,0,0,
-1735.2938,-30.8974,3.5466,260.3323,0.00,VEHICLE,0,0,
-1732.8563,-30.8990,3.5457,267.6845,0.00,VEHICLE,0,0,
-1730.3763,-30.5264,3.5448,276.3080,0.00,VEHICLE,0,0,
-1727.7216,-30.1029,3.5463,278.4109,0.00,VEHICLE,0,0,
-1725.0527,-29.6744,3.5472,278.6292,0.00,VEHICLE,0,0,
-1722.2599,-29.2378,3.5475,278.6597,0.00,VEHICLE,0,0,
-1719.3555,-28.6313,3.5476,281.5384,0.00,VEHICLE,0,0,
-1717.4303,-28.0153,3.5471,285.9374,0.00,VEHICLE,0,0,
-1715.5601,-27.2099,3.5461,291.2144,0.00,VEHICLE,0,0,
-1713.6584,-26.3328,3.5458,294.1633,0.00,VEHICLE,0,0,
-1711.8204,-25.4261,3.5463,295.3945,0.00,VEHICLE,0,0,
-1709.9340,-24.3205,3.5467,298.6012,0.00,VEHICLE,0,0,
-1708.0748,-23.1090,3.5468,301.7626,0.00,VEHICLE,0,0,
-1706.0995,-21.8139,3.5471,302.7418,0.00,VEHICLE,0,0,
-1704.0756,-20.4857,3.5473,302.9664,0.00,VEHICLE,0,0,
-1702.0691,-19.1732,3.5475,303.0184,0.00,VEHICLE,0,0,
-1700.0266,-17.8421,3.5475,303.0329,0.00,VEHICLE,0,0,
-1697.8734,-16.4429,3.5474,303.0388,0.00,VEHICLE,0,0,
-1695.7659,-15.0755,3.5472,303.0421,0.00,VEHICLE,0,0,
-1693.6067,-13.6744,3.5472,303.0439,0.00,VEHICLE,0,0,
-1691.3662,-12.2194,3.5471,303.0445,0.00,VEHICLE,0,0,
-1689.1869,-10.7346,3.5513,303.9857,0.00,VEHICLE,0,0,
-1686.9747,-9.1428,3.5500,305.5155,0.00,VEHICLE,0,0,
-1684.7987,-7.5572,3.5522,305.9381,0.00,VEHICLE,0,0,
-1682.6567,-5.9935,3.5487,306.0388,0.00,VEHICLE,0,0,
-1680.3998,-4.3309,3.5544,306.2619,0.00,VEHICLE,0,0,
-1678.1395,-2.5006,3.5523,308.6266,0.00,VEHICLE,0,0,
-1676.1189,-0.6395,3.5655,312.1718,0.00,VEHICLE,0,0,
-1674.1318,1.2943,3.5531,314.3919,0.00,VEHICLE,0,0,
-1672.2094,3.2255,3.5477,314.9892,0.00,VEHICLE,0,0,
-1670.1552,5.2897,3.5423,314.8882,0.00,VEHICLE,0,0,
-1668.0593,7.3983,3.5444,314.9090,0.00,VEHICLE,0,0,
-1666.0677,9.3969,3.5459,314.9135,0.00,VEHICLE,0,0,
-1663.9760,11.4888,3.5465,314.9163,0.00,VEHICLE,0,0,
-1661.8256,13.6327,3.5468,314.9197,0.00,VEHICLE,0,0,
-1659.6121,15.8354,3.5470,314.9233,0.00,VEHICLE,0,0,
-1657.6168,17.8201,3.5470,314.9255,0.00,VEHICLE,0,0,
-1655.5404,19.8866,3.5470,314.9266,0.00,VEHICLE,0,0,
-1653.2096,22.2093,3.5470,314.9266,0.00,VEHICLE,0,0,
-1651.0850,24.3283,3.5470,314.9258,0.00,VEHICLE,0,0,
-1648.6838,26.7243,3.5470,314.9248,0.00,VEHICLE,0,0,
-1646.7441,28.6602,3.5470,314.9241,0.00,VEHICLE,0,0,
-1644.6550,30.7451,3.5470,314.9237,0.00,VEHICLE,0,0,
-1642.5420,32.8534,3.5469,314.9236,0.00,VEHICLE,0,0,
-1640.3885,35.0014,3.5468,314.9237,0.00,VEHICLE,0,0,
-1638.3024,37.0819,3.5468,314.9239,0.00,VEHICLE,0,0,
-1636.2051,39.1733,3.5467,314.9241,0.00,VEHICLE,0,0,
-1633.9480,41.4240,3.5467,314.9243,0.00,VEHICLE,0,0,
-1631.8440,43.5220,3.5467,314.9244,0.00,VEHICLE,0,0,
-1629.6943,45.6658,3.5467,314.9244,0.00,VEHICLE,0,0,
-1627.4698,47.8843,3.5467,314.9244,0.00,VEHICLE,0,0,
-1625.2603,50.0882,3.5467,314.9243,0.00,VEHICLE,0,0,
-1623.0336,52.3092,3.5467,314.9242,0.00,VEHICLE,0,0,
-1620.7278,54.6091,3.5467,314.9242,0.00,VEHICLE,0,0,
-1618.2740,57.0563,3.5467,314.9242,0.00,VEHICLE,0,0,
-1615.9297,59.3944,3.5468,314.9242,0.00,VEHICLE,0,0,
-1613.5842,61.7337,3.5468,314.9242,0.00,VEHICLE,0,0,
-1611.1385,64.1729,3.5468,314.9242,0.00,VEHICLE,0,0,
-1608.7548,66.5504,3.5468,314.9243,0.00,VEHICLE,0,0,
-1606.2522,69.0419,3.5468,314.8780,0.00,VEHICLE,0,0,
-1603.8063,71.4081,3.5468,314.0699,0.00,VEHICLE,0,0,
-1601.1824,73.9094,3.5467,313.5833,0.00,VEHICLE,0,0,
-1598.7517,76.2134,3.5466,313.4692,0.00,VEHICLE,0,0,
-1596.2339,78.5949,3.5467,313.4392,0.00,VEHICLE,0,0,
-1593.5421,81.1387,3.5467,313.4327,0.00,VEHICLE,0,0,
-1591.0183,83.5242,3.5468,313.4319,0.00,VEHICLE,0,0,
-1588.3376,86.0598,3.5468,313.4316,0.00,VEHICLE,0,0,
-1585.6555,88.5984,3.5468,313.4310,0.00,VEHICLE,0,0,
-1582.9255,91.1835,3.5468,313.4302,0.00,VEHICLE,0,0,
-1580.1442,93.8218,3.5464,313.4688,0.00,VEHICLE,0,0,
-1578.6195,95.3007,3.5460,313.8841,0.00,VEHICLE,0,0,
-1576.5387,97.3271,3.5453,314.3648,0.00,VEHICLE,0,0,
-1574.1500,99.6768,3.5450,314.5387,0.00,VEHICLE,0,0,
-1571.9382,101.8578,3.5448,314.5812,0.00,VEHICLE,0,0,
-1569.6758,104.0909,3.5445,314.5929,0.00,VEHICLE,0,0,
-1567.1643,106.5702,3.5444,314.5952,0.00,VEHICLE,0,0,
-1564.4285,109.2700,3.5445,314.5951,0.00,VEHICLE,0,0,
-1561.6812,111.9795,3.5445,314.5952,0.00,VEHICLE,0,0,
-1559.0598,114.5638,3.5445,314.5957,0.00,VEHICLE,0,0,
-1556.4736,117.1127,3.5445,314.5963,0.00,VEHICLE,0,0,
-1553.9236,119.6261,3.5445,314.5969,0.00,VEHICLE,0,0,
-1553.9236,119.6261,3.5445,314.5969,0.00,VEHICLE,0,0,
